date,horizon,target,actual,naive,arima,var
2000-01-01,1,infl_yoy,2.792956891317555,2.676399026763998,2.6424516126630064,2.626981908023128
2000-01-01,1,unrate,4.0,4.0,3.974391122917608,4.014082141513441
2000-01-01,3,infl_yoy,3.762135922330101,2.676399026763998,2.6100520186766993,2.49515507786942
2000-01-01,3,unrate,4.0,4.0,3.894854123120814,3.9943869746652605
2000-01-01,6,infl_yoy,3.7349397590361377,2.676399026763998,2.5737545409587144,2.3502149900238165
2000-01-01,6,unrate,4.0,4.0,3.776086604128213,3.954499660042546
2000-02-01,1,infl_yoy,3.217972070431085,2.792956891317555,2.761528952885743,2.7378590242805854
2000-02-01,1,unrate,4.1,4.0,3.9535432799597836,3.9947515492206764
2000-02-01,3,infl_yoy,3.013863773357439,2.792956891317555,2.7073108976451024,2.5970257700395205
2000-02-01,3,unrate,3.8,4.0,3.874598736963679,3.9860822828453184
2000-02-01,6,infl_yoy,3.5992801439711952,2.792956891317555,2.6437439509149896,2.4392269806889604
2000-02-01,6,unrate,4.0,4.0,3.7566666567089344,3.955469769374232
2000-03-01,1,infl_yoy,3.762135922330101,3.217972070431085,3.2178512405410182,3.186810937957981
2000-03-01,1,unrate,4.0,4.1,4.021897028875702,4.0902002642173985
2000-03-01,3,infl_yoy,3.1325301204819134,3.217972070431085,3.083314063007157,3.0106049057336866
2000-03-01,3,unrate,4.0,4.1,3.9465202435413786,4.123790226183851
2000-03-01,6,infl_yoy,3.3512866546977715,3.217972070431085,2.9184139490916943,2.7968084516218275
2000-03-01,6,unrate,4.1,4.1,3.8336678186082507,4.143248816440041
2000-04-01,1,infl_yoy,3.013863773357439,3.762135922330101,3.835998215850324,3.786993718874197
2000-04-01,1,unrate,3.8,4.0,3.9679127625241977,4.047255808241986
2000-04-01,3,infl_yoy,3.7349397590361377,3.762135922330101,3.8035148844911753,3.5888622749220485
2000-04-01,3,unrate,4.0,4.0,3.891908011802129,4.10695250850843
2000-04-01,6,infl_yoy,3.45649582836709,3.762135922330101,3.7547561774304423,3.3121509025327636
2000-04-01,6,unrate,3.9,4.0,3.7781649874280725,4.17441395697581
2000-05-01,1,infl_yoy,3.1325301204819134,3.013863773357439,2.734181626683667,2.8399227718843063
2000-05-01,1,unrate,4.0,3.8,3.804481988885104,3.8740787451559022
2000-05-01,3,infl_yoy,3.5992801439711952,3.013863773357439,2.7169322648195924,2.6857879051654616
2000-05-01,3,unrate,4.0,3.8,3.7255186700499885,3.847571822557271
2000-05-01,6,infl_yoy,3.4503271861986877,3.013863773357439,2.73053660474487,2.537984177507651
2000-05-01,6,unrate,3.9,3.8,3.607390513577927,3.8057221248440416
2000-06-01,1,infl_yoy,3.7349397590361377,3.1325301204819134,3.0729586468526686,3.0561199932921057
2000-06-01,1,unrate,4.0,4.0,3.9062100509689355,3.950706573035729
2000-06-01,3,infl_yoy,3.3512866546977715,3.1325301204819134,2.970872792366716,2.9134347935795217
2000-06-01,3,unrate,4.1,4.0,3.8312187465011016,3.967500176564726
2000-06-01,6,infl_yoy,3.444180522565321,3.1325301204819134,2.8525091899324537,2.751561875929469
2000-06-01,6,unrate,3.9,4.0,3.718769809483042,3.961813097852037
2000-07-01,1,infl_yoy,3.5992801439711952,3.7349397590361377,3.5113996606681974,3.5795204414715163
2000-07-01,1,unrate,4.0,4.0,3.936430498134008,3.952447329314419
2000-07-01,3,infl_yoy,3.45649582836709,3.7349397590361377,3.3523356636549995,3.4042574009323534
2000-07-01,3,unrate,3.9,4.0,3.8635113004105595,4.015164122956696
2000-07-01,6,infl_yoy,3.4360189573459543,3.7349397590361377,3.182157826054424,3.156681546765401
2000-07-01,6,unrate,3.9,4.0,3.7540316147573813,4.053309821568113
2000-08-01,1,infl_yoy,3.3512866546977715,3.5992801439711952,3.6050622116453583,3.3503038697238123
2000-08-01,1,unrate,4.1,4.0,3.946543051485662,4.045700264312368
2000-08-01,3,infl_yoy,3.4503271861986877,3.5992801439711952,3.4080447620232963,3.383103613539856
2000-08-01,3,unrate,3.9,4.0,3.8758641126765516,4.066969718238326
2000-08-01,6,infl_yoy,3.7212049616065945,3.5992801439711952,3.1638138848697817,3.134438980954678
2000-08-01,6,unrate,4.2,4.0,3.7693865747958637,4.117063425727472
2000-09-01,1,infl_yoy,3.45649582836709,3.3512866546977715,3.1430004149634767,3.422638145795813
2000-09-01,1,unrate,3.9,4.1,4.0255907522383545,4.096851993051108
2000-09-01,3,infl_yoy,3.444180522565321,3.3512866546977715,3.049263959498696,3.2139176754994336
2000-09-01,3,unrate,3.9,4.1,3.9636382322669776,4.1501782954915925
2000-09-01,6,infl_yoy,3.529411764705892,3.3512866546977715,2.962572747251999,3.0376284488052137
2000-09-01,6,unrate,4.2,4.1,3.868363615614468,4.193601472241662
2000-10-01,1,infl_yoy,3.4503271861986877,3.45649582836709,3.5260144127830793,3.4262952256643118
2000-10-01,1,unrate,3.9,3.9,3.9007785308689265,3.9528295476155964
2000-10-01,3,infl_yoy,3.4360189573459543,3.45649582836709,3.340286519788612,3.2414669784290018
2000-10-01,3,unrate,3.9,3.9,3.8306603502336,3.953192957377482
2000-10-01,6,infl_yoy,2.9824561403508643,3.45649582836709,3.0944329935475983,3.054216419965921
2000-10-01,6,unrate,4.3,3.9,3.725031614066425,3.9825566831572314
2000-11-01,1,infl_yoy,3.444180522565321,3.4503271861986877,3.237704234946949,3.263087724429494
2000-11-01,1,unrate,3.9,3.9,3.8651650105710993,3.939933121470905
2000-11-01,3,infl_yoy,3.7212049616065945,3.4503271861986877,3.1307060478384336,3.246664226016354
2000-11-01,3,unrate,4.2,3.9,3.7948753284078314,3.9143842844072414
2000-11-01,6,infl_yoy,3.2182562902282053,3.4503271861986877,3.0321751277683724,3.057702578733879
2000-11-01,6,unrate,4.4,3.9,3.689055713996878,3.926351178012048
2000-12-01,1,infl_yoy,3.4360189573459543,3.444180522565321,3.4936369503262537,3.4631200544993606
2000-12-01,1,unrate,3.9,3.9,3.855585231263796,3.8679866175518294
2000-12-01,3,infl_yoy,3.529411764705892,3.444180522565321,3.320641752274476,3.3406011447925628
2000-12-01,3,unrate,4.2,3.9,3.7867131179095233,3.88227576900338
2000-12-01,6,infl_yoy,3.56308411214954,3.444180522565321,3.090559071046447,3.194401755396186
2000-12-01,6,unrate,4.3,3.9,3.6827387389741464,3.8894990020484808
2001-01-01,1,infl_yoy,3.7212049616065945,3.4360189573459543,3.247270513618454,3.3773496929172526
2001-01-01,1,unrate,4.2,3.9,3.853628918511109,3.904982465704575
2001-01-01,3,infl_yoy,2.9824561403508643,3.4360189573459543,3.139903967962706,3.269536037206467
2001-01-01,3,unrate,4.3,3.9,3.7865902087496623,3.91455394661851
2001-01-01,6,infl_yoy,3.193960511033689,3.4360189573459543,3.0383360778132635,3.114986787529856
2001-01-01,6,unrate,4.5,3.9,3.685017481275386,3.926004084905075
2001-02-01,1,infl_yoy,3.529411764705892,3.7212049616065945,3.6834343820090107,3.6969222097162264
2001-02-01,1,unrate,4.2,4.2,4.105918640430124,4.13799252980813
2001-02-01,3,infl_yoy,3.2182562902282053,3.7212049616065945,3.47183708558885,3.515645758846374
2001-02-01,3,unrate,4.4,4.2,4.061396000841707,4.225122530853053
2001-02-01,6,infl_yoy,2.7214823393167498,3.7212049616065945,3.2899017246619637,3.3551732384062714
2001-02-01,6,unrate,4.6,4.2,3.994612041459083,4.2788823031764105
2001-03-01,1,infl_yoy,2.9824561403508643,3.529411764705892,3.3763679987745308,3.3990130417186126
2001-03-01,1,unrate,4.3,4.2,4.159962921557305,4.224141088066166
2001-03-01,3,infl_yoy,3.56308411214954,3.529411764705892,3.2824245245387997,3.297496089466258
2001-03-01,3,unrate,4.3,4.2,4.116675354649587,4.294106117975919
2001-03-01,6,infl_yoy,2.7214823393167498,3.529411764705892,3.1355228021291968,3.126099837094512
2001-03-01,6,unrate,4.9,4.2,4.051744004288009,4.34929913711466
2001-04-01,1,infl_yoy,3.2182562902282053,2.9824561403508643,2.9137626243561483,2.8916503298944574
2001-04-01,1,unrate,4.4,4.3,4.252059245292736,4.357530550437827
2001-04-01,3,infl_yoy,3.193960511033689,2.9824561403508643,2.923674942054681,2.760694788916979
2001-04-01,3,unrate,4.5,4.3,4.21062493735651,4.4000449895375615
2001-04-01,6,infl_yoy,2.5921658986175045,2.9824561403508643,2.8449587881480585,2.6502226998867826
2001-04-01,6,unrate,5.0,4.3,4.14847347545217,4.414330122706174
2001-05-01,1,infl_yoy,3.56308411214954,3.2182562902282053,3.12691523809338,3.281041748894625
2001-05-01,1,unrate,4.3,4.4,4.352887143061465,4.3838032370193805
2001-05-01,3,infl_yoy,2.7214823393167498,3.2182562902282053,3.0349306161832,2.9948620277133133
2001-05-01,3,unrate,4.6,4.4,4.313415823855295,4.454550998219974
2001-05-01,6,infl_yoy,2.127659574468077,3.2182562902282053,2.9355868776147505,2.89564957758291
2001-05-01,6,unrate,5.3,4.4,4.2542088450460405,4.483624053447222
2001-06-01,1,infl_yoy,3.193960511033689,3.56308411214954,3.4716954115621528,3.341974181908033
2001-06-01,1,unrate,4.5,4.3,4.289874933480987,4.355698688790718
2001-06-01,3,infl_yoy,2.7214823393167498,3.56308411214954,3.2931306870487207,3.324991628640838
2001-06-01,3,unrate,4.9,4.3,4.2497108385750595,4.367362870028574
2001-06-01,6,infl_yoy,1.894374282433997,3.56308411214954,3.1477932243914037,3.159372981367558
2001-06-01,6,unrate,5.5,4.3,4.189464696216168,4.420135904743558
2001-07-01,1,infl_yoy,2.7214823393167498,3.193960511033689,3.046876681873687,3.0543049640926347
2001-07-01,1,unrate,4.6,4.5,4.472055345453769,4.503951925520596
2001-07-01,3,infl_yoy,2.5921658986175045,3.193960511033689,3.031621135351312,3.0981927605121715
2001-07-01,3,unrate,5.0,4.5,4.504199974733494,4.53754654071453
2001-07-01,6,infl_yoy,1.603665521191311,3.193960511033689,2.9362913876181858,2.9852211510678788
2001-07-01,6,unrate,5.7,4.5,4.549412375816551,4.563327152744284
2001-08-01,1,infl_yoy,2.7214823393167498,2.7214823393167498,2.715326907507297,2.8522712092488995
2001-08-01,1,unrate,4.9,4.6,4.59404849500493,4.567396081255032
2001-08-01,3,infl_yoy,2.127659574468077,2.7214823393167498,2.758035677709884,2.6531224095871417
2001-08-01,3,unrate,5.3,4.6,4.633941995762536,4.6455148471710395
2001-08-01,6,infl_yoy,1.1958997722095743,2.7214823393167498,2.7175991517402993,2.638562838354447
2001-08-01,6,unrate,5.7,4.6,4.690072141912658,4.638049469979723
2001-09-01,1,infl_yoy,2.5921658986175045,2.7214823393167498,2.7808634156718837,2.685966148568615
2001-09-01,1,unrate,5.0,4.9,4.840832422021376,4.890987172516349
2001-09-01,3,infl_yoy,1.894374282433997,2.7214823393167498,2.7479436092141545,2.447110077173604
2001-09-01,3,unrate,5.5,4.9,4.923401600122239,4.973441869997159
2001-09-01,6,infl_yoy,1.1363636363636465,2.7214823393167498,2.7099974052145,2.42630763682927
2001-09-01,6,unrate,5.7,4.9,5.03695234719825,4.950137545477186
2001-10-01,1,infl_yoy,2.127659574468077,2.5921658986175045,2.5570340859929788,2.415704268865634
2001-10-01,1,unrate,5.3,5.0,5.066417051367074,5.032850789339694
2001-10-01,3,infl_yoy,1.603665521191311,2.5921658986175045,2.5954016792293313,2.3421887155876826
2001-10-01,3,unrate,5.7,5.0,5.25139487190046,5.087054413679651
2001-10-01,6,infl_yoy,1.362862010221466,2.5921658986175045,2.589244433569892,2.3191138884275695
2001-10-01,6,unrate,5.7,5.0,5.506261141713966,5.0546059269001535
2001-11-01,1,infl_yoy,1.894374282433997,2.127659574468077,2.1231316587245423,1.9943030181047376
2001-11-01,1,unrate,5.5,5.3,5.338902333280461,5.34575143830154
2001-11-01,3,infl_yoy,1.1958997722095743,2.127659574468077,2.271983933782903,1.9119847569286836
2001-11-01,3,unrate,5.7,5.3,5.549127278767503,5.4213174374046
2001-11-01,6,infl_yoy,1.643990929705219,2.127659574468077,2.332596865289108,1.9466488910581445
2001-11-01,6,unrate,5.9,5.3,5.813634123734061,5.357270998447632
2001-12-01,1,infl_yoy,1.603665521191311,1.894374282433997,1.9888803298530267,1.9119991672952388
2001-12-01,1,unrate,5.7,5.5,5.595730223503397,5.524965516753007
2001-12-01,3,infl_yoy,1.1363636363636465,1.894374282433997,2.1143867112236565,1.6762015838132986
2001-12-01,3,unrate,5.7,5.5,5.857533641234264,5.621297652298242
2001-12-01,6,infl_yoy,1.2408347433727984,1.894374282433997,2.205937359487258,1.763072683594943
2001-12-01,6,unrate,5.8,5.5,6.202522564752115,5.540808211073646
2002-01-01,1,infl_yoy,1.1958997722095743,1.603665521191311,1.6358404255423133,1.392019119380758
2002-01-01,1,unrate,5.7,5.7,5.84023635500665,5.795594030299078
2002-01-01,3,infl_yoy,1.362862010221466,1.603665521191311,1.8293757710283667,1.2735628205805931
2002-01-01,3,unrate,5.7,5.7,6.15997364235187,5.874236400711735
2002-01-01,6,infl_yoy,1.0692177827799745,1.603665521191311,1.9711704623155735,1.342746483788347
2002-01-01,6,unrate,5.8,5.7,6.61032662996402,5.782834881278682
2002-02-01,1,infl_yoy,1.1363636363636465,1.1958997722095743,1.255033832704673,1.099082971680449
2002-02-01,1,unrate,5.7,5.7,5.856649878581121,5.771394669230571
2002-02-01,3,infl_yoy,1.643990929705219,1.1958997722095743,1.4906061060725189,1.0560760193193122
2002-02-01,3,unrate,5.9,5.7,6.096697310690331,5.746840387564484
2002-02-01,6,infl_yoy,1.465614430665152,1.1958997722095743,1.6794737370200872,1.234089066866776
2002-02-01,6,unrate,5.8,5.7,6.423748302668309,5.578949345263012
2002-03-01,1,infl_yoy,1.362862010221466,1.1363636363636465,1.2675958510055465,1.1496322688832432
2002-03-01,1,unrate,5.7,5.7,5.839170043755336,5.707078105889201
2002-03-01,3,infl_yoy,1.2408347433727984,1.1363636363636465,1.0404713863480586,1.1579604956121163
2002-03-01,3,unrate,5.8,5.7,6.0265426492173155,5.611987924732752
2002-03-01,6,infl_yoy,1.747463359639223,1.1363636363636465,0.9953182762088036,1.4228543050086173
2002-03-01,6,unrate,5.7,5.7,6.275595940608524,5.396554058917095
2002-04-01,1,infl_yoy,1.643990929705219,1.362862010221466,1.2937374212270403,1.3678468635524492
2002-04-01,1,unrate,5.9,5.7,5.786143531813923,5.639528458801427
2002-04-01,3,infl_yoy,1.0692177827799745,1.362862010221466,1.2079827658792377,1.4924599072166624
2002-04-01,3,unrate,5.8,5.7,5.8806746765691456,5.5200862398362425
2002-04-01,6,infl_yoy,1.516002245929271,1.362862010221466,1.0630220400604928,1.7679424985660501
2002-04-01,6,unrate,5.7,5.7,5.989894014927319,5.302603916925355
2002-05-01,1,infl_yoy,1.2408347433727984,1.643990929705219,1.728797166648566,1.6416207803847953
2002-05-01,1,unrate,5.8,5.9,5.959349751346722,5.804232038344555
2002-05-01,3,infl_yoy,1.465614430665152,1.643990929705219,1.8079352680055927,1.7487148080586956
2002-05-01,3,unrate,5.8,5.9,6.112647203547196,5.746467860418333
2002-05-01,6,infl_yoy,2.027027027027017,1.643990929705219,1.9419931612996373,1.9678221480445601
2002-05-01,6,unrate,5.7,5.9,6.312581748616411,5.5746617376092065
2002-06-01,1,infl_yoy,1.0692177827799745,1.2408347433727984,1.2431909926731435,1.1987138515238382
2002-06-01,1,unrate,5.8,5.8,5.900670725433927,5.801893041762703
2002-06-01,3,infl_yoy,1.747463359639223,1.2408347433727984,1.232388337342327,1.4191206066300999
2002-06-01,3,unrate,5.7,5.8,6.011783652070674,5.712032422928134
2002-06-01,6,infl_yoy,2.2535211267605604,1.2408347433727984,1.2084436346219691,1.6418802638097025
2002-06-01,6,unrate,5.9,5.8,6.1491735320763805,5.534909857219721
2002-07-01,1,infl_yoy,1.465614430665152,1.0692177827799745,1.159053050841701,1.2420892506022019
2002-07-01,1,unrate,5.8,5.8,5.853118066435182,5.779772452378592
2002-07-01,3,infl_yoy,1.516002245929271,1.0692177827799745,0.966544474403508,1.2897293434162096
2002-07-01,3,unrate,5.7,5.8,5.897811997352894,5.6771831673901705
2002-07-01,6,infl_yoy,2.480270574971821,1.0692177827799745,0.9086973553667226,1.5676692873076712
2002-07-01,6,unrate,6.0,5.8,5.937504480167089,5.4809737565472565
2002-08-01,1,infl_yoy,1.747463359639223,1.465614430665152,1.4021809151080764,1.5593262010919344
2002-08-01,1,unrate,5.7,5.8,5.824337126765906,5.718912814262275
2002-08-01,3,infl_yoy,2.027027027027017,1.465614430665152,1.3090663367501965,1.5965097295329662
2002-08-01,3,unrate,5.7,5.8,5.841728684877829,5.615652381805777
2002-08-01,6,infl_yoy,2.757456387169399,1.465614430665152,1.169929877910308,1.8482642138052816
2002-08-01,6,unrate,5.8,5.8,5.854534204156958,5.428739452122076
2002-09-01,1,infl_yoy,1.516002245929271,1.747463359639223,1.7813728925473662,1.6906552188842006
2002-09-01,1,unrate,5.7,5.7,5.75173823707251,5.649298782750083
2002-09-01,3,infl_yoy,2.2535211267605604,1.747463359639223,1.8420199503264725,1.9491207649534643
2002-09-01,3,unrate,5.9,5.7,5.773985328487802,5.502160659599065
2002-09-01,6,infl_yoy,3.146067415730336,1.747463359639223,1.9533290868180913,2.1451074143993334
2002-09-01,6,unrate,5.9,5.7,5.789056394802669,5.332655903229087
2002-10-01,1,infl_yoy,2.027027027027017,1.516002245929271,1.511727024010031,1.5488739910006872
2002-10-01,1,unrate,5.7,5.7,5.7214298155462515,5.642773015806487
2002-10-01,3,infl_yoy,2.480270574971821,1.516002245929271,1.5073460604651348,1.810994485177312
2002-10-01,3,unrate,6.0,5.7,5.73216159572567,5.526861792796073
2002-10-01,6,infl_yoy,3.025210084033625,1.516002245929271,1.4785064115195847,2.016692175424284
2002-10-01,6,unrate,5.9,5.7,5.734432869037376,5.362997166983718
2002-11-01,1,infl_yoy,2.2535211267605604,2.027027027027017,2.140013185521062,2.317118598555476
2002-11-01,1,unrate,5.9,5.7,5.697109055349364,5.57806943275839
2002-11-01,3,infl_yoy,2.757456387169399,2.027027027027017,1.8840158896848573,2.2519854897663683
2002-11-01,3,unrate,5.8,5.7,5.67979101573122,5.500419711660264
2002-11-01,6,infl_yoy,2.175125488008911,2.027027027027017,1.8201281142280668,2.435840815971021
2002-11-01,6,unrate,6.0,5.7,5.64580071489074,5.367923755512422
2002-12-01,1,infl_yoy,2.480270574971821,2.2535211267605604,2.074729142653867,2.049921531360803
2002-12-01,1,unrate,6.0,5.9,5.852306531220589,5.838279358246313
2002-12-01,3,infl_yoy,3.146067415730336,2.2535211267605604,2.1410270638692332,2.1893507761303077
2002-12-01,3,unrate,5.9,5.9,5.867434992468745,5.834844307248132
2002-12-01,6,infl_yoy,1.8941504178273003,2.2535211267605604,1.991659867174333,2.2262677776690536
2002-12-01,6,unrate,6.1,5.9,5.8658789544651695,5.749785067479934
2003-01-01,1,infl_yoy,2.757456387169399,2.480270574971821,2.5368244048726916,2.549153321541021
2003-01-01,1,unrate,5.8,6.0,5.99691010092421,5.95328916158545
2003-01-01,3,infl_yoy,3.025210084033625,2.480270574971821,2.4769472858702333,2.4900038690093167
2003-01-01,3,unrate,5.9,6.0,6.052183340136214,5.969243473561268
2003-01-01,6,infl_yoy,1.948775055679297,2.480270574971821,2.4725664982025086,2.5053665584003095
2003-01-01,6,unrate,6.3,6.0,6.111885097665868,5.91293453847258
2003-02-01,1,infl_yoy,3.146067415730336,2.757456387169399,2.731310270198088,2.750449821651001
2003-02-01,1,unrate,5.9,5.8,5.858055433318748,5.822595545476815
2003-02-01,3,infl_yoy,2.175125488008911,2.757456387169399,2.656677905866089,2.835368965639469
2003-02-01,3,unrate,6.0,5.8,5.861539913836406,5.730624731232591
2003-02-01,6,infl_yoy,2.055555555555544,2.757456387169399,2.616131783154319,2.818668079909362
2003-02-01,6,unrate,6.2,5.8,5.8584276080422,5.676479054887107
2003-03-01,1,infl_yoy,3.025210084033625,3.146067415730336,3.097127333746228,3.165176522397334
2003-03-01,1,unrate,5.9,5.9,5.892190029254558,5.840599087684247
2003-03-01,3,infl_yoy,1.8941504178273003,3.146067415730336,3.032724221746574,3.2125883852484023
2003-03-01,3,unrate,6.1,5.9,5.8941885513603625,5.784718162703887
2003-03-01,6,infl_yoy,2.216066481994461,3.146067415730336,2.9354814526275366,3.1188162938165407
2003-03-01,6,unrate,6.1,5.9,5.880196776040533,5.743311518065105
2003-04-01,1,infl_yoy,2.175125488008911,3.025210084033625,2.8752029302128235,2.988865675223069
2003-04-01,1,unrate,6.0,5.9,5.912870294237382,5.848847558146906
2003-04-01,3,infl_yoy,1.948775055679297,3.025210084033625,3.033132567819252,3.0280257218347555
2003-04-01,3,unrate,6.3,5.9,5.929943994717901,5.840921744226575
2003-04-01,6,infl_yoy,2.378318584070782,3.025210084033625,2.9762529784182474,2.928921417061722
2003-04-01,6,unrate,6.1,5.9,5.940158405752186,5.815980857405675
2003-05-01,1,infl_yoy,1.8941504178273003,2.175125488008911,2.208493395683291,2.1157583644085443
2003-05-01,1,unrate,6.1,6.0,5.982648168467472,6.032726845603248
2003-05-01,3,infl_yoy,2.055555555555544,2.175125488008911,2.2430150419974204,2.1345219487062783
2003-05-01,3,unrate,6.2,6.0,5.989965030123396,6.054378866620091
2003-05-01,6,infl_yoy,2.041942604856528,2.175125488008911,2.2824204013011102,2.178531145180422
2003-05-01,6,unrate,6.0,6.0,5.9807914999527725,6.005741311702037
2003-06-01,1,infl_yoy,1.948775055679297,1.8941504178273003,2.0285206322930462,2.0466109043004703
2003-06-01,1,unrate,6.3,6.1,6.0956271759713765,6.098018630879349
2003-06-01,3,infl_yoy,2.216066481994461,1.8941504178273003,2.1232600473935594,1.8000864583776397
2003-06-01,3,unrate,6.1,6.1,6.121007791056309,6.14116788128641
2003-06-01,6,infl_yoy,1.9283746556473915,1.8941504178273003,2.200566646708931,1.9495393949898943
2003-06-01,6,unrate,5.8,6.1,6.137751815156964,6.067139794649897
2003-07-01,1,infl_yoy,2.055555555555544,1.948775055679297,1.9980122983789441,1.777115958583547
2003-07-01,1,unrate,6.2,6.3,6.2987050979445725,6.322506988940478
2003-07-01,3,infl_yoy,2.378318584070782,1.948775055679297,2.084002784673462,1.6827171236698732
2003-07-01,3,unrate,6.1,6.3,6.3494946838759905,6.373425879798164
2003-07-01,6,infl_yoy,2.0352035203520247,1.948775055679297,2.1688394682308276,1.7964831350038195
2003-07-01,6,unrate,5.7,6.3,6.393968404515155,6.295483154396664
2003-08-01,1,infl_yoy,2.216066481994461,2.055555555555544,2.1180480445406373,1.998980461933014
2003-08-01,1,unrate,6.1,6.2,6.260974875753993,6.224702181004408
2003-08-01,3,infl_yoy,2.041942604856528,2.055555555555544,2.1635157524131023,2.065327473588338
2003-08-01,3,unrate,6.0,6.2,6.318758119304112,6.175408098751426
2003-08-01,6,infl_yoy,2.026286966046009,2.055555555555544,2.230877600079914,2.187495482602255
2003-08-01,6,unrate,5.7,6.2,6.383272462313362,6.079407937601967
2003-09-01,1,infl_yoy,2.378318584070782,2.216066481994461,2.2521976123179055,2.25252336956264
2003-09-01,1,unrate,6.1,6.1,6.151459891197263,6.09779952015784
2003-09-01,3,infl_yoy,1.9283746556473915,2.216066481994461,2.270501075534336,2.3752682683934783
2003-09-01,3,unrate,5.8,6.1,6.165731274066344,5.987683511162305
2003-09-01,6,infl_yoy,1.688453159041381,2.216066481994461,2.3147296367848886,2.4776232572875667
2003-09-01,6,unrate,5.6,6.1,6.177443022313638,5.885303939379434
2003-10-01,1,infl_yoy,2.041942604856528,2.378318584070782,2.401801885634929,2.439145471126957
2003-10-01,1,unrate,6.0,6.1,6.119644306201545,6.027429948103777
2003-10-01,3,infl_yoy,2.0352035203520247,2.378318584070782,2.3925266138708086,2.5345649978187317
2003-10-01,3,unrate,5.7,6.1,6.134310732327827,5.95036033634006
2003-10-01,6,infl_yoy,1.7400761283306032,2.378318584070782,2.4100777485372613,2.6013732965918317
2003-10-01,6,unrate,5.8,6.1,6.139918317931315,5.856709742235387
2003-11-01,1,infl_yoy,1.9283746556473915,2.041942604856528,1.962811812812947,2.0229442764312537
2003-11-01,1,unrate,5.8,6.0,6.0193709975338905,5.9833857283716245
2003-11-01,3,infl_yoy,2.026286966046009,2.041942604856528,2.099685505996816,2.209793589752762
2003-11-01,3,unrate,5.7,6.0,6.003640494225,5.905450628747591
2003-11-01,6,infl_yoy,2.2925764192139875,2.041942604856528,2.1791445480563905,2.316542791002286
2003-11-01,6,unrate,5.6,6.0,5.967189844108531,5.80852447265048
2003-12-01,1,infl_yoy,2.0352035203520247,1.9283746556473915,2.027642944166757,2.1221946420480737
2003-12-01,1,unrate,5.7,5.8,5.811535277624576,5.792255114664557
2003-12-01,3,infl_yoy,1.688453159041381,1.9283746556473915,2.0999247844319697,2.184826201536775
2003-12-01,3,unrate,5.6,5.8,5.736404913364626,5.66526045931279
2003-12-01,6,infl_yoy,2.8977583378895444,1.9283746556473915,2.1783413168683317,2.346218675328292
2003-12-01,6,unrate,5.6,5.8,5.642156440843616,5.558045133089296
2004-01-01,1,infl_yoy,2.026286966046009,2.0352035203520247,2.077499666601643,2.101078651769521
2004-01-01,1,unrate,5.7,5.7,5.69967795118899,5.649770000408218
2004-01-01,3,infl_yoy,1.7400761283306032,2.0352035203520247,2.134862984943058,2.2103279824546056
2004-01-01,3,unrate,5.8,5.7,5.65562693280783,5.5292805010061805
2004-01-01,6,infl_yoy,3.1676679410158397,2.0352035203520247,2.205127484740265,2.3487749737969277
2004-01-01,6,unrate,5.6,5.7,5.586401098910157,5.418037611163255
2004-02-01,1,infl_yoy,1.688453159041381,2.026286966046009,2.0465297282380273,2.040705702100494
2004-02-01,1,unrate,5.6,5.7,5.653024009362839,5.627785437642022
2004-02-01,3,infl_yoy,2.2925764192139875,2.026286966046009,2.117514255469768,2.181919529450724
2004-02-01,3,unrate,5.6,5.7,5.568913306232996,5.555366627516889
2004-02-01,6,infl_yoy,2.939575394665228,2.026286966046009,2.190375956195147,2.3005807560502234
2004-02-01,6,unrate,5.5,5.7,5.445854607389233,5.453459680410196
2004-03-01,1,infl_yoy,1.7400761283306032,1.688453159041381,1.6662246844523205,1.7201115085855538
2004-03-01,1,unrate,5.8,5.6,5.561963192143897,5.581346931663408
2004-03-01,3,infl_yoy,2.8977583378895444,1.688453159041381,1.84093319535363,1.8926294559945354
2004-03-01,3,unrate,5.6,5.6,5.474390081501268,5.504107010231574
2004-03-01,6,infl_yoy,2.5474254742547275,1.688453159041381,1.9672643382240071,2.062565328485832
2004-03-01,6,unrate,5.4,5.6,5.365887229303768,5.396466602873121
2004-04-01,1,infl_yoy,2.2925764192139875,1.7400761283306032,1.8777960231489457,1.8678150142558496
2004-04-01,1,unrate,5.6,5.8,5.72265559514167,5.743371271265654
2004-04-01,3,infl_yoy,3.1676679410158397,1.7400761283306032,1.9496309216442804,1.8422867474407307
2004-04-01,3,unrate,5.6,5.8,5.672484699867659,5.731563579959229
2004-04-01,6,infl_yoy,2.539168017287952,1.7400761283306032,2.053214736648418,2.015995708181415
2004-04-01,6,unrate,5.4,5.8,5.596053757428752,5.629303834302274
2004-05-01,1,infl_yoy,2.8977583378895444,2.2925764192139875,2.2505645830137566,2.3659232711223264
2004-05-01,1,unrate,5.6,5.6,5.598711103754947,5.568003318103099
2004-05-01,3,infl_yoy,2.939575394665228,2.2925764192139875,2.1346619729151106,2.364891129426193
2004-05-01,3,unrate,5.5,5.6,5.54245700140917,5.488923593581889
2004-05-01,6,infl_yoy,3.1909140075716547,2.2925764192139875,2.0096033450419766,2.44460328741192
2004-05-01,6,unrate,5.5,5.6,5.460062886900082,5.41278256626019
2004-06-01,1,infl_yoy,3.1676679410158397,2.8977583378895444,2.9267086386456422,2.863251647219866
2004-06-01,1,unrate,5.6,5.6,5.56519759580059,5.552803413071573
2004-06-01,3,infl_yoy,2.5474254742547275,2.8977583378895444,2.7703798966427415,2.9353719805221825
2004-06-01,3,unrate,5.4,5.6,5.499526900943067,5.464633883995356
2004-06-01,6,infl_yoy,3.621621621621607,2.8977583378895444,2.696158200131982,2.8597207281144965
2004-06-01,6,unrate,5.4,5.6,5.406734726347963,5.422173483844643
2004-07-01,1,infl_yoy,2.939575394665228,3.1676679410158397,3.0947032708564235,3.177849026295879
2004-07-01,1,unrate,5.5,5.6,5.560463857168303,5.5080080585007245
2004-07-01,3,infl_yoy,2.539168017287952,3.1676679410158397,2.952309639970513,3.2302946027460573
2004-07-01,3,unrate,5.4,5.6,5.499215812005529,5.476819402624429
2004-07-01,6,infl_yoy,3.3423180592991875,3.1676679410158397,2.8343618045065355,3.066387757183308
2004-07-01,6,unrate,5.4,5.6,5.409742371900882,5.469355190244869
2004-08-01,1,infl_yoy,2.5474254742547275,2.939575394665228,2.812686108929539,2.9120882136660073
2004-08-01,1,unrate,5.4,5.5,5.49089518711208,5.501358324728823
2004-08-01,3,infl_yoy,3.1909140075716547,2.939575394665228,2.7767071605518834,2.9528504978602848
2004-08-01,3,unrate,5.5,5.5,5.445254022298569,5.468205733954471
2004-08-01,6,infl_yoy,2.8448738593666034,2.939575394665228,2.702074652701319,2.8266796763763926
2004-08-01,6,unrate,5.3,5.5,5.378339578294315,5.469925127454985
2004-09-01,1,infl_yoy,2.539168017287952,2.5474254742547275,2.487877686919103,2.5743422691982603
2004-09-01,1,unrate,5.4,5.4,5.381976985499947,5.416922599889704
2004-09-01,3,infl_yoy,3.621621621621607,2.5474254742547275,2.5259986691490703,2.588603877306403
2004-09-01,3,unrate,5.4,5.4,5.309636624647156,5.3811362998737104
2004-09-01,6,infl_yoy,3.0530262453133394,2.5474254742547275,2.5126449653667255,2.5598109410669347
2004-09-01,6,unrate,5.4,5.4,5.216864241582529,5.362931167050572
2004-10-01,1,infl_yoy,3.1909140075716547,2.539168017287952,2.5932947511170874,2.6172047253513333
2004-10-01,1,unrate,5.5,5.4,5.364676132168276,5.3786294657276805
2004-10-01,3,infl_yoy,3.3423180592991875,2.539168017287952,2.5642390412567457,2.5156558481126265
2004-10-01,3,unrate,5.4,5.4,5.30381287935317,5.3631643535764155
2004-10-01,6,infl_yoy,3.2068412613575736,2.539168017287952,2.541632115206427,2.518612920244814
2004-10-01,6,unrate,5.2,5.4,5.22060009131077,5.338708142342921
2004-11-01,1,infl_yoy,3.621621621621607,3.1909140075716547,3.2920212398480624,3.2413713606592323
2004-11-01,1,unrate,5.4,5.5,5.44960291185124,5.438281855759891
2004-11-01,3,infl_yoy,2.8448738593666034,3.1909140075716547,3.052498358062843,2.968304828227552
2004-11-01,3,unrate,5.3,5.5,5.420281336560944,5.448083311929507
2004-11-01,6,infl_yoy,3.3617929562433257,3.1909140075716547,2.911747209878112,2.86043763082705
2004-11-01,6,unrate,5.2,5.5,5.378049025397198,5.457921253017992
2004-12-01,1,infl_yoy,3.3423180592991875,3.621621621621607,3.5153680014514523,3.45979596619616
2004-12-01,1,unrate,5.4,5.4,5.383621497496883,5.386312840197513
2004-12-01,3,infl_yoy,3.0530262453133394,3.621621621621607,3.2861847635373467,3.3465476021091995
2004-12-01,3,unrate,5.4,5.4,5.3314159473781695,5.366460355957802
2004-12-01,6,infl_yoy,2.869287991498415,3.621621621621607,3.089239681418274,3.113114382481481
2004-12-01,6,unrate,5.1,5.4,5.2565219641370335,5.408520733477536
2005-01-01,1,infl_yoy,2.8448738593666034,3.3423180592991875,3.1537699906875294,3.1630250560480184
2005-01-01,1,unrate,5.3,5.4,5.378739764329523,5.404555766640477
2005-01-01,3,infl_yoy,3.2068412613575736,3.3423180592991875,3.0644758767624762,3.203562415951411
2005-01-01,3,unrate,5.2,5.4,5.342497029722282,5.408125089794574
2005-01-01,6,infl_yoy,2.541026998411855,3.3423180592991875,2.9225339786573885,2.9739285471642183
2005-01-01,6,unrate,5.0,5.4,5.292034877917488,5.44549058785851
2005-02-01,1,infl_yoy,3.0530262453133394,2.8448738593666034,2.745048678147974,2.8555739630738426
2005-02-01,1,unrate,5.4,5.3,5.300455279273204,5.315347911171063
2005-02-01,3,infl_yoy,3.3617929562433257,2.8448738593666034,2.75014719236155,2.8646044598582727
2005-02-01,3,unrate,5.2,5.3,5.267972883902411,5.328446747675213
2005-02-01,6,infl_yoy,3.067160232681121,2.8448738593666034,2.6856214925719017,2.742739794963872
2005-02-01,6,unrate,5.0,5.3,5.230618640935276,5.347168759177608
2005-03-01,1,infl_yoy,3.2068412613575736,3.0530262453133394,3.151073391375022,3.1814385388691093
2005-03-01,1,unrate,5.2,5.4,5.357982708063075,5.3898107178974906
2005-03-01,3,infl_yoy,2.869287991498415,3.0530262453133394,2.983812527982058,2.8886251931903706
2005-03-01,3,unrate,5.1,5.4,5.317138841403612,5.4171124716119845
2005-03-01,6,infl_yoy,3.646934460887952,3.0530262453133394,2.863207508999317,2.7983945444168365
2005-03-01,6,unrate,4.9,5.4,5.260019309727829,5.443154327976794
2005-04-01,1,infl_yoy,3.3617929562433257,3.2068412613575736,3.100305082005004,3.0741904655971988
2005-04-01,1,unrate,5.2,5.2,5.208794062039034,5.228586239477984
2005-04-01,3,infl_yoy,2.541026998411855,3.2068412613575736,2.98569720269653,2.9962833245569405
2005-04-01,3,unrate,5.0,5.2,5.148475219488104,5.199504294164909
2005-04-01,6,infl_yoy,4.741833508956805,3.2068412613575736,2.8659376044730385,2.854263102175091
2005-04-01,6,unrate,5.0,5.2,5.069363515351201,5.225867089245267
2005-05-01,1,infl_yoy,2.869287991498415,3.3617929562433257,3.3512491312557455,3.324594784576608
2005-05-01,1,unrate,5.1,5.2,5.170171439149197,5.1837464179230786
2005-05-01,3,infl_yoy,3.067160232681121,3.3617929562433257,3.1613227228097407,3.2178404808278644
2005-05-01,3,unrate,5.0,5.2,5.111263342380236,5.161177972492474
2005-05-01,6,infl_yoy,4.350104821802936,3.3617929562433257,3.0009534895113674,3.039673203962064
2005-05-01,6,unrate,5.0,5.2,5.033639520437341,5.1937619182484305
2005-06-01,1,infl_yoy,2.541026998411855,2.869287991498415,2.649345961648279,2.7146431253168535
2005-06-01,1,unrate,5.0,5.1,5.079321872264363,5.109948704956804
2005-06-01,3,infl_yoy,3.646934460887952,2.869287991498415,2.7037383954056624,2.8446836827151385
2005-06-01,3,unrate,4.9,5.1,5.008261586270379,5.109673012426488
2005-06-01,6,infl_yoy,3.338549817423053,2.869287991498415,2.6549410414016847,2.7115924274965892
2005-06-01,6,unrate,5.0,5.1,4.916041882544593,5.126071121328822
2005-07-01,1,infl_yoy,3.067160232681121,2.541026998411855,2.594929227825128,2.651966153588425
2005-07-01,1,unrate,5.0,5.0,4.987869686321049,5.027594789760352
2005-07-01,3,infl_yoy,4.741833508956805,2.541026998411855,2.5973809820285103,2.6537883546550094
2005-07-01,3,unrate,5.0,5.0,4.9324385159056545,5.0054191943371995
2005-07-01,6,infl_yoy,3.338549817423053,2.541026998411855,2.575636541997291,2.6152446973836363
2005-07-01,6,unrate,4.9,5.0,4.8636773729169915,5.0082432798328815
2005-08-01,1,infl_yoy,3.646934460887952,3.067160232681121,3.169128971548757,3.2421573914419666
2005-08-01,1,unrate,4.9,5.0,4.952936734878837,4.959885618019385
2005-08-01,3,infl_yoy,4.350104821802936,3.067160232681121,2.967060275313668,2.9294062830509326
2005-08-01,3,unrate,5.0,5.0,4.879576904240183,4.942399136931608
2005-08-01,6,infl_yoy,4.018789144050117,3.067160232681121,2.8546306507175245,2.8749206967059635
2005-08-01,6,unrate,4.7,5.0,4.784092125106772,4.961665449821734
2005-09-01,1,infl_yoy,4.741833508956805,3.646934460887952,3.5952400810622382,3.53158173930522
2005-09-01,1,unrate,5.0,4.9,4.882347383429575,4.865409731447107
2005-09-01,3,infl_yoy,3.338549817423053,3.646934460887952,3.322506135928778,3.3090334661742453
2005-09-01,3,unrate,5.0,4.9,4.829204314492844,4.8377723187292805
2005-09-01,6,infl_yoy,3.63825363825363,3.646934460887952,3.1238859960232004,3.134897459377946
2005-09-01,6,unrate,4.8,4.9,4.766215368212395,4.883320541528677
2005-10-01,1,infl_yoy,4.350104821802936,4.741833508956805,4.962344287989474,4.832739465944857
2005-10-01,1,unrate,5.0,5.0,4.945428396940673,4.892704189787095
2005-10-01,3,infl_yoy,3.338549817423053,4.741833508956805,4.3893626990291175,4.276470766434313
2005-10-01,3,unrate,4.9,5.0,4.900592002647666,4.910043225733665
2005-10-01,6,infl_yoy,3.4179181771103018,4.741833508956805,3.786587656354172,3.956258734470448
2005-10-01,6,unrate,4.7,5.0,4.846999551775795,5.028383167392925
2005-11-01,1,infl_yoy,3.338549817423053,4.350104821802936,3.8338903327666665,3.7842290240212137
2005-11-01,1,unrate,5.0,5.0,4.971778342363235,5.0199359161818276
2005-11-01,3,infl_yoy,4.018789144050117,4.350104821802936,3.681456361354017,3.747847416127484
2005-11-01,3,unrate,4.7,5.0,4.938808722685803,5.104340457550879
2005-11-01,6,infl_yoy,3.613835828600931,4.350104821802936,3.398904142177968,3.3545543278042955
2005-11-01,6,unrate,4.7,5.0,4.89998461493504,5.223463227597409
2005-12-01,1,infl_yoy,3.338549817423053,3.338549817423053,3.205297590383681,3.1510578283962674
2005-12-01,1,unrate,4.9,5.0,4.9795065832256,5.065050475567779
2005-12-01,3,infl_yoy,3.63825363825363,3.338549817423053,3.1644351736758503,3.3275086505698774
2005-12-01,3,unrate,4.8,5.0,4.954465740410902,5.153284229119146
2005-12-01,6,infl_yoy,3.977272727272729,3.338549817423053,3.0021417093026663,2.990423218304848
2005-12-01,6,unrate,4.6,5.0,4.915846411176263,5.234570222498418
2006-01-01,1,infl_yoy,4.018789144050117,3.338549817423053,3.3981064748015477,3.644866934657901
2006-01-01,1,unrate,4.7,4.9,4.897935979443729,4.94913711345881
2006-01-01,3,infl_yoy,3.4179181771103018,3.338549817423053,3.2191140517667485,3.3365682887161654
2006-01-01,3,unrate,4.7,4.9,4.855177682856159,4.987705903501415
2006-01-01,6,infl_yoy,4.1817243159525175,3.338549817423053,3.047769027643916,3.1641413318824676
2006-01-01,6,unrate,4.6,4.9,4.795616625807921,5.060494650500949
2006-02-01,1,infl_yoy,3.63825363825363,4.018789144050117,4.052877569038718,4.112018983054066
2006-02-01,1,unrate,4.8,4.7,4.70352000670167,4.7349967743344195
2006-02-01,3,infl_yoy,3.613835828600931,4.018789144050117,3.671541626626066,3.6591537810456876
2006-02-01,3,unrate,4.7,4.7,4.620573949960236,4.687532878829279
2006-02-01,6,infl_yoy,4.104669061056954,4.018789144050117,3.4040324832377493,3.5169793716079516
2006-02-01,6,unrate,4.7,4.7,4.512054712876495,4.750979110893753
2006-03-01,1,infl_yoy,3.4179181771103018,3.63825363825363,3.277855662071569,3.168266108395558
2006-03-01,1,unrate,4.7,4.8,4.7586988799870555,4.800405778057485
2006-03-01,3,infl_yoy,3.977272727272729,3.63825363825363,3.236420078292304,3.3347406867489977
2006-03-01,3,unrate,4.6,4.8,4.722087485892551,4.8105853333554265
2006-03-01,6,infl_yoy,3.926568077511483,3.63825363825363,3.0697032315201516,3.0462054770092553
2006-03-01,6,unrate,4.7,4.8,4.683460561436448,4.864053415728626
2006-04-01,1,infl_yoy,3.613835828600931,3.4179181771103018,3.4706563323263,3.565266774760277
2006-04-01,1,unrate,4.7,4.7,4.681566757882164,4.667785359378941
2006-04-01,3,infl_yoy,4.1817243159525175,3.4179181771103018,3.2863653656650347,3.431502052332886
2006-04-01,3,unrate,4.6,4.7,4.624461812653691,4.7032344820653655
2006-04-01,6,infl_yoy,2.012072434607637,3.4179181771103018,3.111024827682268,3.2401782738158182
2006-04-01,6,unrate,4.5,4.7,4.559450707115945,4.7547885644679795
2006-05-01,1,infl_yoy,3.977272727272729,3.613835828600931,3.528175377852354,3.6249212240357993
2006-05-01,1,unrate,4.6,4.7,4.681487383547522,4.730100023675489
2006-05-01,3,infl_yoy,4.104669061056954,3.613835828600931,3.336137963486699,3.3516195112225313
2006-05-01,3,unrate,4.7,4.7,4.653434857630763,4.751057747799682
2006-05-01,6,infl_yoy,1.4063284781516971,3.613835828600931,3.152900531707255,3.1819266539152222
2006-05-01,6,unrate,4.4,4.7,4.626583644129985,4.814361060456125
2006-06-01,1,infl_yoy,4.1817243159525175,3.977272727272729,3.9513051640443364,3.9307912502053437
2006-06-01,1,unrate,4.6,4.6,4.59774828551225,4.600025039971824
2006-06-01,3,infl_yoy,3.926568077511483,3.977272727272729,3.634933020824192,3.63762492258628
2006-06-01,3,unrate,4.7,4.6,4.5610090586247125,4.595719712454665
2006-06-01,6,infl_yoy,1.9687026754164672,3.977272727272729,3.3901704532276504,3.448645806208745
2006-06-01,6,unrate,4.5,4.6,4.521708570768027,4.658364115247175
2006-07-01,1,infl_yoy,4.104669061056954,4.1817243159525175,4.013417427884168,4.023947501476138
2006-07-01,1,unrate,4.7,4.6,4.5825992336966905,4.592193687518628
2006-07-01,3,infl_yoy,2.012072434607637,4.1817243159525175,3.738565371769031,3.8071927368245713
2006-07-01,3,unrate,4.5,4.6,4.555445165545356,4.603895800562541
2006-07-01,6,infl_yoy,2.5239777889954462,4.1817243159525175,3.4771561061263467,3.5625688778910627
2006-07-01,6,unrate,4.4,4.6,4.5310728424368705,4.676019125532553
2006-08-01,1,infl_yoy,3.926568077511483,4.104669061056954,3.9550339094509233,3.931180206302295
2006-08-01,1,unrate,4.7,4.7,4.675694087244748,4.682211643940056
2006-08-01,3,infl_yoy,1.4063284781516971,4.104669061056954,3.7212017337725145,3.751040020665066
2006-08-01,3,unrate,4.4,4.7,4.686367644110725,4.756113414209893
2006-08-01,6,infl_yoy,2.075765178123423,4.104669061056954,3.4677352494450457,3.4778914086685018
2006-08-01,6,unrate,4.6,4.7,4.7125969309475275,4.841917231072645
2006-09-01,1,infl_yoy,2.012072434607637,3.926568077511483,3.7875586031624424,3.8204877473432615
2006-09-01,1,unrate,4.5,4.7,4.684338202371896,4.732429725619128
2006-09-01,3,infl_yoy,1.9687026754164672,3.926568077511483,3.6044055021827077,3.64572024850008
2006-09-01,3,unrate,4.5,4.7,4.678207387065007,4.802515030324077
2006-09-01,6,infl_yoy,2.420260782347028,3.926568077511483,3.3778252802850854,3.389965999009512
2006-09-01,6,unrate,4.5,4.7,4.680540198759887,4.890448089401512
2006-10-01,1,infl_yoy,1.4063284781516971,2.012072434607637,1.5115954109976242,1.5235227575345907
2006-10-01,1,unrate,4.4,4.5,4.515357584199762,4.64838792550255
2006-10-01,3,infl_yoy,2.5239777889954462,2.012072434607637,2.0778785888401545,2.449363636468164
2006-10-01,3,unrate,4.4,4.5,4.458456895773305,4.631340849394223
2006-10-01,6,infl_yoy,2.798197295943927,2.012072434607637,2.2352964558065715,2.2433774896953618
2006-10-01,6,unrate,4.4,4.5,4.380668829069744,4.639810110634673
2006-11-01,1,infl_yoy,1.9687026754164672,1.4063284781516971,1.8754873404149701,2.075177046740619
2006-11-01,1,unrate,4.5,4.4,4.414551963755315,4.377937725488958
2006-11-01,3,infl_yoy,2.075765178123423,1.4063284781516971,2.0479623914517693,2.3278385564240427
2006-11-01,3,unrate,4.6,4.4,4.3945026515707335,4.3649074490619055
2006-11-01,6,infl_yoy,2.5929247633283525,1.4063284781516971,2.21701000656092,2.397513161926897
2006-11-01,6,unrate,4.5,4.4,4.382229088472263,4.329903682927503
2006-12-01,1,infl_yoy,2.5239777889954462,1.9687026754164672,2.0863054308519446,2.2968886404611166
2006-12-01,1,unrate,4.4,4.5,4.444337960392139,4.486225909404864
2006-12-01,3,infl_yoy,2.420260782347028,1.9687026754164672,2.182324193015748,2.078667940187566
2006-12-01,3,unrate,4.5,4.5,4.392954736050847,4.4881057387057846
2006-12-01,6,infl_yoy,2.709885742672613,1.9687026754164672,2.309375258771342,2.273640364954753
2006-12-01,6,unrate,4.4,4.5,4.321406203110028,4.472720856513019
2007-01-01,1,infl_yoy,2.075765178123423,2.5239777889954462,2.6611341820786536,2.493159977983297
2007-01-01,1,unrate,4.6,4.4,4.380160103224006,4.402837251210926
2007-01-01,3,infl_yoy,2.798197295943927,2.5239777889954462,2.5764155378219145,2.353303956224435
2007-01-01,3,unrate,4.4,4.4,4.321588109516612,4.369060153028597
2007-01-01,6,infl_yoy,2.692765113974227,2.5239777889954462,2.5905422765479,2.460993656194561
2007-01-01,6,unrate,4.6,4.4,4.241285026290654,4.364783775389115
2007-02-01,1,infl_yoy,2.420260782347028,2.075765178123423,1.8683391192815764,1.7516104914094996
2007-02-01,1,unrate,4.5,4.6,4.558023352978309,4.5808036958616425
2007-02-01,3,infl_yoy,2.5929247633283525,2.075765178123423,2.1292328777972473,2.0726042479651277
2007-02-01,3,unrate,4.5,4.6,4.565945345599894,4.610980202687898
2007-02-01,6,infl_yoy,2.317890586495808,2.075765178123423,2.270671160000016,2.104372409398488
2007-02-01,6,unrate,4.7,4.6,4.589152961166732,4.600718713630996
2007-03-01,1,infl_yoy,2.798197295943927,2.420260782347028,2.762070520210891,2.751907589473106
2007-03-01,1,unrate,4.4,4.5,4.517300385485358,4.487157573840257
2007-03-01,3,infl_yoy,2.709885742672613,2.420260782347028,2.3019985690562303,2.5459335507368994
2007-03-01,3,unrate,4.4,4.5,4.529975391906492,4.495995945851551
2007-03-01,6,infl_yoy,1.897448478900876,2.420260782347028,2.271421118575596,2.6038155546296693
2007-03-01,6,unrate,4.6,4.5,4.562564749400933,4.500677220548777
2007-04-01,1,infl_yoy,2.5929247633283525,2.798197295943927,2.477957433919696,2.728463195327365
2007-04-01,1,unrate,4.5,4.4,4.398353796757898,4.451954019052952
2007-04-01,3,infl_yoy,2.692765113974227,2.798197295943927,2.669520492533519,2.657448985035304
2007-04-01,3,unrate,4.6,4.4,4.361858649201851,4.391618174985762
2007-04-01,6,infl_yoy,2.8338264299802685,2.798197295943927,2.5232915339987483,2.656305602414653
2007-04-01,6,unrate,4.7,4.4,4.312861745852571,4.3990872807438866
2007-05-01,1,infl_yoy,2.709885742672613,2.5929247633283525,2.490563502238119,2.4450665330569907
2007-05-01,1,unrate,4.4,4.5,4.486978134688571,4.454649528686271
2007-05-01,3,infl_yoy,2.317890586495808,2.5929247633283525,2.6785722455600998,2.5809616463390634
2007-05-01,3,unrate,4.7,4.5,4.498158636903138,4.462244470920796
2007-05-01,6,infl_yoy,3.610698365527476,2.5929247633283525,2.705819879686226,2.5443235550082073
2007-05-01,6,unrate,4.7,4.5,4.526527426850552,4.459656396047437
2007-06-01,1,infl_yoy,2.692765113974227,2.709885742672613,3.0783069611970366,2.8625523295053403
2007-06-01,1,unrate,4.6,4.4,4.398453277810379,4.386455301789155
2007-06-01,3,infl_yoy,1.897448478900876,2.709885742672613,2.6744483485049404,2.762444774100798
2007-06-01,3,unrate,4.6,4.4,4.362225064990014,4.385118387663748
2007-06-01,6,infl_yoy,4.373267326732666,2.709885742672613,2.7016023815990224,2.73332858290193
2007-06-01,6,unrate,4.7,4.4,4.308994786341886,4.395501885692098
2007-07-01,1,infl_yoy,2.317890586495808,2.692765113974227,2.6287665873186357,2.5788453700163485
2007-07-01,1,unrate,4.7,4.6,4.561227808115791,4.5944884206675685
2007-07-01,3,infl_yoy,2.8338264299802685,2.692765113974227,2.6398977204178817,2.5170259493834375
2007-07-01,3,unrate,4.7,4.6,4.584770891497008,4.640777557989283
2007-07-01,6,infl_yoy,4.108813392417532,2.692765113974227,2.6330560083926686,2.499661121499491
2007-07-01,6,unrate,5.0,4.6,4.627358153562265,4.6559154774047
2007-08-01,1,infl_yoy,1.897448478900876,2.317890586495808,2.2733803790773175,2.19870592448734
2007-08-01,1,unrate,4.6,4.7,4.684921821570337,4.696215210092118
2007-08-01,3,infl_yoy,3.610698365527476,2.317890586495808,2.4035170668857004,2.277029385728555
2007-08-01,3,unrate,4.7,4.7,4.724987879122027,4.770352828562171
2007-08-01,6,infl_yoy,4.294695655165981,2.317890586495808,2.466529540198519,2.293200171314726
2007-08-01,6,unrate,5.0,4.7,4.788511223397179,4.781715755166722
2007-09-01,1,infl_yoy,2.8338264299802685,1.897448478900876,1.9263644618094342,1.90499177970382
2007-09-01,1,unrate,4.7,4.6,4.628135840983911,4.667009429802948
2007-09-01,3,infl_yoy,4.373267326732666,1.897448478900876,2.1402487247256534,2.128288344351522
2007-09-01,3,unrate,4.7,4.6,4.636226354272482,4.666373746026316
2007-09-01,6,infl_yoy,4.142959270611968,1.897448478900876,2.2812118774544454,2.1994497805248168
2007-09-01,6,unrate,4.9,4.6,4.636173304977234,4.660456060911028
2007-10-01,1,infl_yoy,3.610698365527476,2.8338264299802685,3.012339554357069,3.199790075900335
2007-10-01,1,unrate,4.7,4.7,4.7010353854947455,4.690829795065161
2007-10-01,3,infl_yoy,4.108813392417532,2.8338264299802685,2.681631066840523,2.6666347530958796
2007-10-01,3,unrate,5.0,4.7,4.737511966389287,4.697033889863209
2007-10-01,6,infl_yoy,3.9749035501344334,2.8338264299802685,2.6028122161826097,2.7455263734602395
2007-10-01,6,unrate,5.1,4.7,4.795179732114209,4.708336801175968
2007-11-01,1,infl_yoy,4.373267326732666,3.610698365527476,3.425067598105398,3.361058139616204
2007-11-01,1,unrate,4.7,4.7,4.718740702065309,4.70203312526229
2007-11-01,3,infl_yoy,4.294695655165981,3.610698365527476,3.548304998914907,2.9872968239849818
2007-11-01,3,unrate,5.0,4.7,4.756177910139591,4.6907526752137585
2007-11-01,6,infl_yoy,3.903760975988813,3.610698365527476,3.471151829875618,2.9127406151886843
2007-11-01,6,unrate,5.0,4.7,4.814928297925803,4.723428732407912
2007-12-01,1,infl_yoy,4.108813392417532,4.373267326732666,4.579764040422374,4.262639700243288
2007-12-01,1,unrate,5.0,4.7,4.737326846070458,4.691478189468723
2007-12-01,3,infl_yoy,4.142959270611968,4.373267326732666,4.436869361480351,3.706691056209538
2007-12-01,3,unrate,4.9,4.7,4.789823232837816,4.683116106525198
2007-12-01,6,infl_yoy,4.088413823123993,4.373267326732666,4.50390437041307,3.449587565397925
2007-12-01,6,unrate,5.4,4.7,4.869758298346449,4.739892752330682
2008-01-01,1,infl_yoy,4.294695655165981,4.108813392417532,4.059177552593632,3.6010426920135017
2008-01-01,1,unrate,5.0,5.0,4.961398667024504,4.9740862824456435
2008-01-01,3,infl_yoy,3.9749035501344334,4.108813392417532,4.013341131931237,3.3801754984151255
2008-01-01,3,unrate,5.1,5.0,5.028241111096098,5.083275325293716
2008-01-01,6,infl_yoy,4.935966105947864,4.108813392417532,3.946795334266246,3.092426179718137
2008-01-01,6,unrate,5.6,5.0,5.098627969443242,5.134067173703544
2008-02-01,1,infl_yoy,4.142959270611968,4.294695655165981,4.180881301559919,4.297051212693224
2008-02-01,1,unrate,4.9,5.0,5.030119847569371,5.038453451178914
2008-02-01,3,infl_yoy,3.903760975988813,4.294695655165981,4.320060601835338,3.7690209484083104
2008-02-01,3,unrate,5.0,5.0,5.096509160962474,5.1340174374048
2008-02-01,6,infl_yoy,5.497512078341837,4.294695655165981,4.315656826898168,3.438066617359202
2008-02-01,6,unrate,5.8,5.0,5.166804906571383,5.208690632906523
2008-03-01,1,infl_yoy,3.9749035501344334,4.142959270611968,4.263519319254491,3.830464583447896
2008-03-01,1,unrate,5.1,4.9,4.936436700288377,5.003988586631337
2008-03-01,3,infl_yoy,4.088413823123993,4.142959270611968,4.160260808170475,3.6186730891121335
2008-03-01,3,unrate,5.4,4.9,4.974573000706275,4.993185594099575
2008-03-01,6,infl_yoy,5.308017162091239,4.142959270611968,4.182888010907188,3.3112536033085354
2008-03-01,6,unrate,6.1,4.9,5.030026914080992,5.046650092617089
2008-04-01,1,infl_yoy,3.903760975988813,3.9749035501344334,3.893933688708721,3.8458285782427173
2008-04-01,1,unrate,5.0,5.1,5.099779437223938,5.074848376289204
2008-04-01,3,infl_yoy,4.935966105947864,3.9749035501344334,3.9100955418365606,3.567688460133962
2008-04-01,3,unrate,5.6,5.1,5.165369505150451,5.149099975393335
2008-04-01,6,infl_yoy,4.953319875136075,3.9749035501344334,3.857702158584485,3.282682262228147
2008-04-01,6,unrate,6.1,5.1,5.253821393410215,5.189856167407324
2008-05-01,1,infl_yoy,4.088413823123993,3.903760975988813,3.8086731233313333,3.7972228736783595
2008-05-01,1,unrate,5.4,5.0,5.05146041602812,5.027194845952996
2008-05-01,3,infl_yoy,5.497512078341837,3.903760975988813,3.9200073541611666,3.539674330404423
2008-05-01,3,unrate,5.8,5.0,5.093506797245446,5.060443641545561
2008-05-01,6,infl_yoy,3.7310578899565128,3.903760975988813,3.911024468817868,3.28330546477821
2008-05-01,6,unrate,6.5,5.0,5.1424309300590485,5.105572574436628
2008-06-01,1,infl_yoy,4.935966105947864,4.088413823123993,4.292293988472348,3.9506134130612782
2008-06-01,1,unrate,5.6,5.4,5.356237210340337,5.397020209248471
2008-06-01,3,infl_yoy,5.308017162091239,4.088413823123993,4.11524845696335,3.4639693442902897
2008-06-01,3,unrate,6.1,5.4,5.459601034060755,5.5349276136123535
2008-06-01,6,infl_yoy,1.0999174706166848,4.088413823123993,4.153608965075815,3.210466785760261
2008-06-01,6,unrate,6.8,5.4,5.576819581128618,5.595024343427593
2008-07-01,1,infl_yoy,5.497512078341837,4.935966105947864,5.13228622927252,4.886444670457024
2008-07-01,1,unrate,5.8,5.6,5.607201271029088,5.6276166011099145
2008-07-01,3,infl_yoy,4.953319875136075,4.935966105947864,4.89259551875098,4.0432069815642055
2008-07-01,3,unrate,6.1,5.6,5.718114787966707,5.805680354506656
2008-07-01,6,infl_yoy,-0.022228002553859,4.935966105947864,4.896462864970815,3.7321760800319925
2008-07-01,6,unrate,7.3,5.6,5.856444509508101,5.926752611908277
2008-08-01,1,infl_yoy,5.308017162091239,5.497512078341837,5.426328422726111,5.126546735218805
2008-08-01,1,unrate,6.1,5.8,5.826542728110675,5.937513773816717
2008-08-01,3,infl_yoy,3.7310578899565128,5.497512078341837,5.468199195655964,4.419683151513871
2008-08-01,3,unrate,6.5,5.8,5.969000099694445,6.081554082502836
2008-08-01,6,infl_yoy,-0.1135860190221271,5.497512078341837,5.44567799725922,4.008088065765054
2008-08-01,6,unrate,7.8,5.8,6.1448323013891475,6.238466528436266
2008-09-01,1,infl_yoy,4.953319875136075,5.308017162091239,5.214826350228404,4.869944962759399
2008-09-01,1,unrate,6.1,6.1,6.17581070322912,6.174368657463488
2008-09-01,3,infl_yoy,1.0999174706166848,5.308017162091239,5.337187536482339,4.437577621619902
2008-09-01,3,unrate,6.8,6.1,6.420338486617643,6.38068972917606
2008-09-01,6,infl_yoy,0.0084631406715107,5.308017162091239,5.342758371721266,3.963343700306059
2008-09-01,6,unrate,8.3,6.1,6.723733353455785,6.536637345674617
2008-10-01,1,infl_yoy,3.7310578899565128,4.953319875136075,4.967942921918945,4.7074945413988845
2008-10-01,1,unrate,6.5,6.1,6.207678341985822,6.208091653398334
2008-10-01,3,infl_yoy,-0.022228002553859,4.953319875136075,4.971454597703841,4.384169760521225
2008-10-01,3,unrate,7.3,6.1,6.379656136253187,6.337932351621853
2008-10-01,6,infl_yoy,-0.4464787676623838,4.953319875136075,4.984137437644819,3.936837645316096
2008-10-01,6,unrate,8.7,6.1,6.583293315930441,6.4632664228505
2008-11-01,1,infl_yoy,1.0999174706166848,3.7310578899565128,3.1605753440300446,3.2492559940049293
2008-11-01,1,unrate,6.8,6.5,6.556408253364626,6.557512038268889
2008-11-01,3,infl_yoy,-0.1135860190221271,3.7310578899565128,3.038979341960363,3.2656940861344377
2008-11-01,3,unrate,7.8,6.5,6.763284020907409,6.75056121547221
2008-11-01,6,infl_yoy,-0.5763244243767063,3.7310578899565128,2.9226121494509814,2.9332940437418946
2008-11-01,6,unrate,9.0,6.5,7.009078475157249,6.802669973802173
2008-12-01,1,infl_yoy,-0.022228002553859,1.0999174706166848,0.11335224458354576,0.19647389803141058
2008-12-01,1,unrate,7.3,6.8,6.901473233415777,6.848094844075887
2008-12-01,3,infl_yoy,0.0084631406715107,1.0999174706166848,1.238284902840382,0.7360100690090284
2008-12-01,3,unrate,8.3,6.8,7.193659545515907,7.031238711099247
2008-12-01,6,infl_yoy,-1.015761495855172,1.0999174706166848,2.046566976454354,1.1379133389385672
2008-12-01,6,unrate,9.4,6.8,7.552140405433299,6.8775243676624225
2009-01-01,1,infl_yoy,-0.1135860190221271,-0.022228002553859,0.3845991163128879,0.0749986832994427
2009-01-01,1,unrate,7.8,7.3,7.44269497771857,7.463140483412184
2009-01-01,3,infl_yoy,-0.4464787676623838,-0.022228002553859,1.3922053369795995,0.1154184346197582
2009-01-01,3,unrate,8.7,7.3,7.889473429919836,7.742680359462446
2009-01-01,6,infl_yoy,-1.2291746182109151,-0.022228002553859,2.167010228852566,0.7113023338174005
2009-01-01,6,unrate,9.5,7.3,8.472364486014197,7.570044784217178
2009-02-01,1,infl_yoy,0.0084631406715107,-0.1135860190221271,-0.1792883164506838,-0.1916625196271724
2009-02-01,1,unrate,8.3,7.8,8.005997764068212,8.053589593994994
2009-02-01,3,infl_yoy,-0.5763244243767063,-0.1135860190221271,-0.20495435599745349,-0.4033220111008322
2009-02-01,3,unrate,9.0,7.8,8.59305570560681,8.347348381094893
2009-02-01,6,infl_yoy,-1.958761003762277,-0.1135860190221271,-0.3195156675186191,0.2916228077343024
2009-02-01,6,unrate,9.5,7.8,9.384938158367506,8.217354442533214
2009-03-01,1,infl_yoy,-0.4464787676623838,0.0084631406715107,0.04643745974939827,-0.06808096510168848
2009-03-01,1,unrate,8.7,8.3,8.644966082272107,8.672747610163967
2009-03-01,3,infl_yoy,-1.015761495855172,0.0084631406715107,-0.033794291966547305,-0.06623704556037069
2009-03-01,3,unrate,9.4,8.3,9.446577129388858,9.197421051655647
2009-03-01,6,infl_yoy,-1.4838355663267633,0.0084631406715107,-0.05267680863651503,-0.5796260386921142
2009-03-01,6,unrate,9.6,8.3,10.658267835019206,9.379593948045628
2009-04-01,1,infl_yoy,-0.5763244243767063,-0.4464787676623838,-0.24912134515542872,-0.636121200401238
2009-04-01,1,unrate,9.0,8.7,9.104972832150958,9.041884751962872
2009-04-01,3,infl_yoy,-1.2291746182109151,-0.4464787676623838,0.7664370600885411,-0.9238200387625253
2009-04-01,3,unrate,9.5,8.7,9.946843372588402,9.40444527143855
2009-04-01,6,infl_yoy,-1.377942862886472,-0.4464787676623838,1.6326403428564946,-1.0802034553127267
2009-04-01,6,unrate,9.8,8.7,11.229644164464936,9.484687426060018
2009-05-01,1,infl_yoy,-1.015761495855172,-0.5763244243767063,-0.3145212152809055,-0.6080384927901359
2009-05-01,1,unrate,9.4,9.0,9.368178909760312,9.207566742482353
2009-05-01,3,infl_yoy,-1.958761003762277,-0.5763244243767063,0.68636582170639,-1.0419434379499926
2009-05-01,3,unrate,9.5,9.0,10.051193863135925,9.400686988614705
2009-05-01,6,infl_yoy,-0.2239682942003384,-0.5763244243767063,1.5902167622833083,-0.7245868800168025
2009-05-01,6,unrate,10.0,9.0,10.986137068201788,9.25828731774993
2009-06-01,1,infl_yoy,-1.2291746182109151,-1.015761495855172,-1.1687255252367512,-1.4973065432661339
2009-06-01,1,unrate,9.5,9.4,9.786944992174945,9.576101646967984
2009-06-01,3,infl_yoy,-1.4838355663267633,-1.015761495855172,-1.1558099654456864,-1.8906472876812157
2009-06-01,3,unrate,9.6,9.4,10.555816805727035,9.847977676596532
2009-06-01,6,infl_yoy,1.9145871744709275,-1.015761495855172,-1.360554231537125,-1.5986424891231104
2009-06-01,6,unrate,9.9,9.4,11.70751300470745,9.802329131916984
2009-07-01,1,infl_yoy,-1.958761003762277,-1.2291746182109151,-1.4442997660033203,-1.3765352172529006
2009-07-01,1,unrate,9.5,9.5,9.831888823801071,9.623420725245031
2009-07-01,3,infl_yoy,-1.377942862886472,-1.2291746182109151,-1.4457737887116588,-1.3721341496235855
2009-07-01,3,unrate,9.8,9.5,10.355629717250588,9.692895550124808
2009-07-01,6,infl_yoy,2.8141231232083674,-1.2291746182109151,-1.4956294307294637,-0.7292407947433412
2009-07-01,6,unrate,9.9,9.5,11.019153818551388,9.375186352471161
2009-08-01,1,infl_yoy,-1.4838355663267633,-1.958761003762277,-2.0990716590615213,-2.2772094208254385
2009-08-01,1,unrate,9.6,9.5,9.756314987419895,9.601446546671328
2009-08-01,3,infl_yoy,-0.2239682942003384,-1.958761003762277,-2.110428109474256,-1.9483268428241485
2009-08-01,3,unrate,10.0,9.5,10.097294531679651,9.492416903846175
2009-08-01,6,infl_yoy,2.621111388976716,-1.958761003762277,-2.284737720492673,-0.9536003647669595
2009-08-01,6,unrate,9.8,9.5,10.547845567690269,8.902897696456535
2009-09-01,1,infl_yoy,-1.377942862886472,-1.4838355663267633,-0.7953038350665793,-0.9994356135401548
2009-09-01,1,unrate,9.8,9.6,9.734613708092152,9.514805114270557
2009-09-01,3,infl_yoy,1.9145871744709275,-1.4838355663267633,0.1400627300039743,-0.6712239613787232
2009-09-01,3,unrate,9.9,9.6,9.881724752574177,9.274335343734712
2009-09-01,6,infl_yoy,2.151336357866529,-1.4838355663267633,1.1156167311748926,0.40368930075252374
2009-09-01,6,unrate,9.8,9.6,9.9370949326986,8.464231333740264
2009-10-01,1,infl_yoy,-0.2239682942003384,-1.377942862886472,-1.0410698071744062,-1.4324759488698136
2009-10-01,1,unrate,10.0,9.8,9.896889704589682,9.767844060203627
2009-10-01,3,infl_yoy,2.8141231232083674,-1.377942862886472,-0.20235069207656864,-0.9941090858442281
2009-10-01,3,unrate,9.9,9.8,10.04807577584032,9.582307294636303
2009-10-01,6,infl_yoy,2.2861714393279886,-1.377942862886472,0.632106482929128,-0.2834102703720256
2009-10-01,6,unrate,9.9,9.8,10.115076729753214,8.95557348550012
2009-11-01,1,infl_yoy,1.9145871744709275,-0.2239682942003384,0.4633820945645909,0.3046304739781034
2009-11-01,1,unrate,9.9,10.0,10.099285765072661,9.891818320239226
2009-11-01,3,infl_yoy,2.621111388976716,-0.2239682942003384,1.0561857872137577,0.46629220546565575
2009-11-01,3,unrate,9.8,10.0,10.270698828734956,9.675689771635199
2009-11-01,6,infl_yoy,2.2067707525304403,-0.2239682942003384,1.7430413131420277,0.9896522914554327
2009-11-01,6,unrate,9.9,10.0,10.374041287491675,9.099301211244002
2009-12-01,1,infl_yoy,2.8141231232083674,1.9145871744709275,3.0195629540724163,2.847380530431246
2009-12-01,1,unrate,9.9,9.9,9.982556102539116,9.811890749662338
2009-12-01,3,infl_yoy,2.151336357866529,1.9145871744709275,2.6115164861671416,2.6495860166695406
2009-12-01,3,unrate,9.8,9.9,10.00669737499272,9.379443878586684
2009-12-01,6,infl_yoy,2.003548929218568,1.9145871744709275,2.6505565684432497,2.9242845373638042
2009-12-01,6,unrate,9.6,9.9,9.889820725864348,8.64750666244693
2010-01-01,1,infl_yoy,2.621111388976716,2.8141231232083674,2.2272624645000216,2.691109088476617
2010-01-01,1,unrate,9.8,9.9,9.917290122988538,9.720820901396838
2010-01-01,3,infl_yoy,2.2861714393279886,2.8141231232083674,2.4223553724619458,2.62374449957775
2010-01-01,3,unrate,9.9,9.9,9.855527270764735,9.297675423719545
2010-01-01,6,infl_yoy,1.1215605940686268,2.8141231232083674,2.269713016843374,3.053343212270347
2010-01-01,6,unrate,9.4,9.9,9.61446935781157,8.67138955778635
2010-02-01,1,infl_yoy,2.151336357866529,2.621111388976716,2.9377137278281547,2.4621167148662573
2010-02-01,1,unrate,9.8,9.8,9.774223771615416,9.594752238559114
2010-02-01,3,infl_yoy,2.2067707525304403,2.621111388976716,2.7768939224754345,2.510190904254247
2010-02-01,3,unrate,9.9,9.8,9.615030997138389,9.181261638342997
2010-02-01,6,infl_yoy,1.3407784804821077,2.621111388976716,2.8933564832717975,3.2199236706924927
2010-02-01,6,unrate,9.4,9.8,9.238512767465284,8.694352202525732
2010-03-01,1,infl_yoy,2.2861714393279886,2.151336357866529,1.786413022644558,2.0062946560352466
2010-03-01,1,unrate,9.9,9.8,9.73186751520595,9.650108217133539
2010-03-01,3,infl_yoy,2.003548929218568,2.151336357866529,1.9246584358678258,2.0622636541192954
2010-03-01,3,unrate,9.6,9.8,9.548185521739681,9.387128907830265
2010-03-01,6,infl_yoy,1.1501775395112546,2.151336357866529,1.679185512572319,2.903051399190236
2010-03-01,6,unrate,9.5,9.8,9.14541822079187,9.059715048268062
2010-04-01,1,infl_yoy,2.2067707525304403,2.2861714393279886,2.437556431074717,2.407894032620977
2010-04-01,1,unrate,9.9,9.9,9.890562446622349,9.747017466891418
2010-04-01,3,infl_yoy,1.1215605940686268,2.2861714393279886,2.490572636562985,2.4470647015816254
2010-04-01,3,unrate,9.4,9.9,9.919882168964632,9.66923886835409
2010-04-01,6,infl_yoy,1.1183122472331777,2.2861714393279886,2.543028924779783,2.8609481442680647
2010-04-01,6,unrate,9.5,9.9,9.96206466501128,9.484206055816372
2010-05-01,1,infl_yoy,2.003548929218568,2.2067707525304403,2.2134803706419675,2.0757001342757273
2010-05-01,1,unrate,9.6,9.9,9.83993151741534,9.889145774966213
2010-05-01,3,infl_yoy,1.3407784804821077,2.2067707525304403,2.2984082718568244,2.3128048645202837
2010-05-01,3,unrate,9.4,9.9,9.6974934271107,9.875348414314985
2010-05-01,6,infl_yoy,1.1666951489314623,2.2067707525304403,2.3781712317880412,2.5419423885476373
2010-05-01,6,unrate,9.4,9.9,9.365096382656631,9.797163905979875
2010-06-01,1,infl_yoy,1.1215605940686268,2.003548929218568,1.8661052091595332,2.0592311355443034
2010-06-01,1,unrate,9.4,9.6,9.53005408647488,9.577286229689763
2010-06-01,3,infl_yoy,1.1501775395112546,2.003548929218568,2.0752454356240646,2.497039440456913
2010-06-01,3,unrate,9.5,9.6,9.245446331088681,9.41288824233613
2010-06-01,6,infl_yoy,1.084544776600338,2.003548929218568,2.27640436371171,3.07887263313828
2010-06-01,6,unrate,9.8,9.6,8.709620910405013,9.109628839541848
2010-07-01,1,infl_yoy,1.3407784804821077,1.1215605940686268,1.2941528621015745,0.9718900170185178
2010-07-01,1,unrate,9.4,9.4,9.258758208510658,9.349185204546075
2010-07-01,3,infl_yoy,1.1183122472331777,1.1215605940686268,1.203746116835014,1.7935702250498553
2010-07-01,3,unrate,9.5,9.4,8.883066775187363,9.12156818182333
2010-07-01,6,infl_yoy,1.437793022217937,1.1215605940686268,1.1276813569538084,2.782416794831088
2010-07-01,6,unrate,9.3,9.4,8.219802238667118,8.674009223050305
2010-08-01,1,infl_yoy,1.1501775395112546,1.3407784804821077,1.2022116802574896,1.8653656168437058
2010-08-01,1,unrate,9.5,9.4,9.225229093659992,9.264380176393965
2010-08-01,3,infl_yoy,1.1666951489314623,1.3407784804821077,1.2080313133274367,2.5081620642502376
2010-08-01,3,unrate,9.4,9.4,8.884421320392857,9.010090999891935
2010-08-01,6,infl_yoy,1.7007834915029774,1.3407784804821077,1.1712956619895751,3.097460054966726
2010-08-01,6,unrate,9.1,9.4,8.282972176148233,8.584844893310615
2010-09-01,1,infl_yoy,1.1183122472331777,1.1501775395112546,1.1911588739233463,1.238930536068363
2010-09-01,1,unrate,9.5,9.5,9.346994006006266,9.43763884243539
2010-09-01,3,infl_yoy,1.084544776600338,1.1501775395112546,1.1407347012399942,1.9626249391872048
2010-09-01,3,unrate,9.8,9.5,9.101417378281704,9.291709000785204
2010-09-01,6,infl_yoy,2.124898173333145,1.1501775395112546,1.083186347865295,2.313922012283055
2010-09-01,6,unrate,9.0,9.5,8.647591595086967,9.016789495783136
2010-10-01,1,infl_yoy,1.1666951489314623,1.1183122472331777,1.0151042143154603,1.3843166990146796
2010-10-01,1,unrate,9.4,9.5,9.391488579865582,9.398718840809853
2010-10-01,3,infl_yoy,1.437793022217937,1.1183122472331777,1.0124666157892892,1.949075767507283
2010-10-01,3,unrate,9.3,9.5,9.193599550136703,9.297761749543607
2010-10-01,6,infl_yoy,2.619241510354109,1.1183122472331777,0.9534010538642587,2.2705374291996465
2010-10-01,6,unrate,9.0,9.5,8.81796085265243,9.049983469036505
2010-11-01,1,infl_yoy,1.084544776600338,1.1666951489314623,1.2700200896680625,1.4910414877116835
2010-11-01,1,unrate,9.8,9.4,9.306980461666141,9.380867358168516
2010-11-01,3,infl_yoy,1.7007834915029774,1.1666951489314623,1.1905902057817148,1.7908067958996527
2010-11-01,3,unrate,9.1,9.4,9.089786353515894,9.25331032173718
2010-11-01,6,infl_yoy,3.0772344447868694,1.1666951489314623,1.1737066105096765,2.199248846056682
2010-11-01,6,unrate,9.1,9.4,8.69142642681152,8.980920747715109
2010-12-01,1,infl_yoy,1.437793022217937,1.084544776600338,0.9480209487820163,1.0966634326996867
2010-12-01,1,unrate,9.3,9.8,9.781876957377646,9.745026100914247
2010-12-01,3,infl_yoy,2.124898173333145,1.084544776600338,0.9659334220517896,1.2688158238436826
2010-12-01,3,unrate,9.0,9.8,9.91742292277711,9.825840178503531
2010-12-01,6,infl_yoy,3.4589718808965,1.084544776600338,0.8637475109688297,1.404408426624882
2010-12-01,6,unrate,9.0,9.8,10.084113960223988,9.78295582413115
2011-01-01,1,infl_yoy,1.7007834915029774,1.437793022217937,1.6813939264226598,1.6699668366026401
2011-01-01,1,unrate,9.1,9.3,9.296414609467323,9.333696061957076
2011-01-01,3,infl_yoy,2.619241510354109,1.437793022217937,1.5403815350306247,1.9115944193013674
2011-01-01,3,unrate,9.0,9.3,9.08504457271119,9.108396726714307
2011-01-01,6,infl_yoy,3.502318150636041,1.437793022217937,1.6020789127145292,2.353466932005828
2011-01-01,6,unrate,9.1,9.3,8.706735274214235,8.835049576431869
2011-02-01,1,infl_yoy,2.124898173333145,1.7007834915029774,1.7265766911092193,1.8189151669306591
2011-02-01,1,unrate,9.0,9.1,8.99175380094116,9.06612170303533
2011-02-01,3,infl_yoy,3.0772344447868694,1.7007834915029774,1.7033444777630475,2.1837580408867856
2011-02-01,3,unrate,9.1,9.1,8.677215769233058,8.777820634695678
2011-02-01,6,infl_yoy,3.5798809769996165,1.7007834915029774,1.5874473231606172,2.7800739385107907
2011-02-01,6,unrate,9.0,9.1,8.152846708520743,8.293699855203203
2011-03-01,1,infl_yoy,2.619241510354109,2.124898173333145,2.190579585724572,2.4137710791448965
2011-03-01,1,unrate,9.0,9.0,8.845538477584926,8.766445435106844
2011-03-01,3,infl_yoy,3.4589718808965,2.124898173333145,2.1173803602927994,2.8047773076835143
2011-03-01,3,unrate,9.0,9.0,8.516296928303591,8.450931068722694
2011-03-01,6,infl_yoy,3.75499603070808,2.124898173333145,2.180140097490608,3.173976479011981
2011-03-01,6,unrate,9.0,9.0,7.975191581106174,7.964875472525323
2011-04-01,1,infl_yoy,3.0772344447868694,2.619241510354109,2.964298879369943,2.832096817188667
2011-04-01,1,unrate,9.1,9.0,8.841520177106489,8.91659017376741
2011-04-01,3,infl_yoy,3.502318150636041,2.619241510354109,2.8283671786533837,3.0583707015435198
2011-04-01,3,unrate,9.1,9.0,8.562660098848086,8.59869385962756
2011-04-01,6,infl_yoy,3.812621692818685,2.619241510354109,2.7974872706555987,3.0252125700018038
2011-04-01,6,unrate,9.0,9.0,8.102402899681865,8.279184282848371
2011-05-01,1,infl_yoy,3.4589718808965,3.0772344447868694,2.9304249945832423,3.3161205188046523
2011-05-01,1,unrate,9.0,9.1,8.966780942861936,8.893040505998103
2011-05-01,3,infl_yoy,3.5798809769996165,3.0772344447868694,2.9598009453362297,3.1790493809669487
2011-05-01,3,unrate,9.0,9.1,8.77542548748169,8.72059003638444
2011-05-01,6,infl_yoy,3.5222681306640524,3.0772344447868694,2.933169866295656,2.9462507754511034
2011-05-01,6,unrate,8.8,9.1,8.441243541539793,8.504535097242137
2011-06-01,1,infl_yoy,3.502318150636041,3.4589718808965,3.823746072452678,3.5020765267268597
2011-06-01,1,unrate,9.1,9.0,8.908764491423067,8.913226378584302
2011-06-01,3,infl_yoy,3.75499603070808,3.4589718808965,3.668944689481614,3.1435515307235358
2011-06-01,3,unrate,9.0,9.0,8.717489133222536,8.779635105820912
2011-06-01,6,infl_yoy,3.451432214581729,3.4589718808965,3.733706014253381,2.868764335701783
2011-06-01,6,unrate,8.6,9.0,8.387208265524036,8.663625500163523
2011-07-01,1,infl_yoy,3.5798809769996165,3.502318150636041,3.245606808900361,3.332870505492888
2011-07-01,1,unrate,9.0,9.1,9.012452910175817,9.042148659468712
2011-07-01,3,infl_yoy,3.812621692818685,3.502318150636041,3.3432299035860353,2.87660708991143
2011-07-01,3,unrate,9.0,9.1,8.889950410050728,9.020610562444942
2011-07-01,6,infl_yoy,3.062066838419386,3.502318150636041,3.208405750859386,2.5662987811474394
2011-07-01,6,unrate,8.5,9.1,8.658374565888275,9.013597219497013
2011-08-01,1,infl_yoy,3.75499603070808,3.5798809769996165,3.7136747810944586,3.442222346300991
2011-08-01,1,unrate,9.0,9.0,8.940898429954661,8.95936989056258
2011-08-01,3,infl_yoy,3.5222681306640524,3.5798809769996165,3.6231871529451816,3.0041418537182603
2011-08-01,3,unrate,8.8,9.0,8.79726900780067,8.90965889154094
2011-08-01,6,infl_yoy,3.0087663379855023,3.5798809769996165,3.7355960806895836,2.7567956890657612
2011-08-01,6,unrate,8.3,9.0,8.53897755923553,8.916085733866227
2011-09-01,1,infl_yoy,3.812621692818685,3.75499603070808,3.900312338695404,3.6265870022672493
2011-09-01,1,unrate,9.0,9.0,8.932529308519864,8.998703251426232
2011-09-01,3,infl_yoy,3.451432214581729,3.75499603070808,3.8622024265128867,3.1736215910359276
2011-09-01,3,unrate,8.6,9.0,8.800247088004145,8.967983574526102
2011-09-01,6,infl_yoy,2.898178442347388,3.75499603070808,3.769211736570186,2.835004667016161
2011-09-01,6,unrate,8.3,9.0,8.559763685009324,8.986496009366785
2011-10-01,1,infl_yoy,3.5222681306640524,3.812621692818685,3.5484290721814857,3.641669704116638
2011-10-01,1,unrate,8.8,9.0,8.938085014621972,8.948629938380762
2011-10-01,3,infl_yoy,3.062066838419386,3.812621692818685,3.6159132157449503,3.255854922552299
2011-10-01,3,unrate,8.5,9.0,8.8206489893245,8.95192421976697
2011-10-01,6,infl_yoy,2.5828752813320977,3.812621692818685,3.6262504284868893,2.8839532499136014
2011-10-01,6,unrate,8.2,9.0,8.602453597911397,8.985219268355575
2011-11-01,1,infl_yoy,3.451432214581729,3.5222681306640524,3.690499735361912,3.24104523142572
2011-11-01,1,unrate,8.6,8.8,8.743227299101815,8.81492634672612
2011-11-01,3,infl_yoy,3.0087663379855023,3.5222681306640524,3.6224524763294497,3.088821487136679
2011-11-01,3,unrate,8.3,8.8,8.560467629241272,8.750163521490459
2011-11-01,6,infl_yoy,2.2731633741348567,3.5222681306640524,3.598868033181461,2.960844920164539
2011-11-01,6,unrate,8.2,8.8,8.256702214407987,8.729571667115707
2011-12-01,1,infl_yoy,3.062066838419386,3.451432214581729,3.2065516281882487,3.440063174511687
2011-12-01,1,unrate,8.5,8.6,8.510544231313563,8.550287072113655
2011-12-01,3,infl_yoy,2.898178442347388,3.451432214581729,3.282169963647544,3.3566690777987738
2011-12-01,3,unrate,8.3,8.6,8.265851432190818,8.417848902996823
2011-12-01,6,infl_yoy,1.7379429374660749,3.451432214581729,3.221922735949827,3.3712901415935885
2011-12-01,6,unrate,8.2,8.6,7.881487544242129,8.277591471355086
2012-01-01,1,infl_yoy,3.0087663379855023,3.062066838419386,3.044770025418491,2.8760876367124597
2012-01-01,1,unrate,8.3,8.5,8.379016385978002,8.437487939951444
2012-01-01,3,infl_yoy,2.5828752813320977,3.062066838419386,3.0275871525011557,3.037310382159205
2012-01-01,3,unrate,8.2,8.5,8.124942872092312,8.322597949262608
2012-01-01,6,infl_yoy,1.653870448297634,3.062066838419386,3.020366724828416,3.1388946034249816
2012-01-01,6,unrate,8.2,8.5,7.730909676282822,8.177120419683934
2012-02-01,1,infl_yoy,2.898178442347388,3.0087663379855023,3.0124317865621637,3.0827766751751784
2012-02-01,1,unrate,8.3,8.3,8.173454506407591,8.222395803872198
2012-02-01,3,infl_yoy,2.2731633741348567,3.0087663379855023,2.9958617487375503,3.3255237398391095
2012-02-01,3,unrate,8.2,8.3,7.8854970683211265,8.04184466357163
2012-02-01,6,infl_yoy,1.4175114798464783,3.0087663379855023,2.9566241685461367,3.4084269433051464
2012-02-01,6,unrate,8.2,8.3,7.448598470317894,7.8481070183074335
2012-03-01,1,infl_yoy,2.5828752813320977,2.898178442347388,2.795440264612276,2.9759685347517024
2012-03-01,1,unrate,8.2,8.3,8.156527079196934,8.23290937938618
2012-03-01,3,infl_yoy,1.7379429374660749,2.898178442347388,2.8112472773793433,3.1553109280133573
2012-03-01,3,unrate,8.2,8.3,7.912663364543821,8.120034132658937
2012-03-01,6,infl_yoy,1.6859349154821237,2.898178442347388,2.776664365735894,3.1219756674427392
2012-03-01,6,unrate,8.1,8.3,7.539336304110468,7.963991536506458
2012-04-01,1,infl_yoy,2.2731633741348567,2.5828752813320977,2.494379966848033,2.5326986557906355
2012-04-01,1,unrate,8.2,8.2,8.079241683076777,8.115102385752563
2012-04-01,3,infl_yoy,1.653870448297634,2.5828752813320977,2.505688636800899,2.7950428375983494
2012-04-01,3,unrate,8.2,8.2,7.8480519486132625,8.022535042312729
2012-04-01,6,infl_yoy,1.9497168982819613,2.5828752813320977,2.4553514162941563,2.895302012677272
2012-04-01,6,unrate,7.8,8.2,7.494434162623703,7.887034276218644
2012-05-01,1,infl_yoy,1.7379429374660749,2.2731633741348567,2.151246093072686,2.3105785157593055
2012-05-01,1,unrate,8.2,8.2,8.085922573837955,8.18209350767206
2012-05-01,3,infl_yoy,1.4175114798464783,2.2731633741348567,2.1697274565774616,2.5055726677286962
2012-05-01,3,unrate,8.2,8.2,7.897464116122847,8.123069143146536
2012-05-01,6,infl_yoy,2.1556780595369363,2.2731633741348567,2.121743888033296,2.6209688811603256
2012-05-01,6,unrate,7.8,8.2,7.603963642496962,8.032710575748064
2012-06-01,1,infl_yoy,1.653870448297634,1.7379429374660749,1.5333457546186606,1.6622328473479056
2012-06-01,1,unrate,8.2,8.2,8.107367863635714,8.16127230397062
2012-06-01,3,infl_yoy,1.6859349154821237,1.7379429374660749,1.580738086829397,1.9520947833183324
2012-06-01,3,unrate,8.1,8.2,7.956781528717264,8.1530520253207
2012-06-01,6,infl_yoy,1.7960197033926262,1.7379429374660749,1.4973199935399986,2.275379037708487
2012-06-01,6,unrate,7.7,8.2,7.714860867547397,8.07642797481012
2012-07-01,1,infl_yoy,1.4175114798464783,1.653870448297634,1.7455954380938419,1.7835475697614998
2012-07-01,1,unrate,8.2,8.2,8.127915133490994,8.201337910870006
2012-07-01,3,infl_yoy,1.9497168982819613,1.653870448297634,1.6710857542618223,2.015929234502256
2012-07-01,3,unrate,7.8,8.2,8.00861571128358,8.183375103887467
2012-07-01,6,infl_yoy,1.7595049796895523,1.653870448297634,1.6849363874676,2.279500023404255
2012-07-01,6,unrate,7.9,8.2,7.809879617660672,8.107378689979628
2012-08-01,1,infl_yoy,1.6859349154821237,1.4175114798464783,1.2461711236211546,1.4279754218136818
2012-08-01,1,unrate,8.1,8.2,8.142191441638962,8.20500358241548
2012-08-01,3,infl_yoy,2.1556780595369363,1.4175114798464783,1.2907135205435116,1.7601888357261761
2012-08-01,3,unrate,7.8,8.2,8.043083490805268,8.201966872465656
2012-08-01,6,infl_yoy,1.684061762098299,1.4175114798464783,1.162423398769286,2.116264710492888
2012-08-01,6,unrate,8.0,8.2,7.870910107433489,8.097245154943588
2012-09-01,1,infl_yoy,1.9497168982819613,1.6859349154821237,1.8677277399698955,1.9242658309383482
2012-09-01,1,unrate,7.8,8.1,8.051488855389021,8.082302728184047
2012-09-01,3,infl_yoy,1.7960197033926262,1.6859349154821237,1.7463029023913241,2.2086797180499818
2012-09-01,3,unrate,7.7,8.1,7.9293369749343,7.99908800225125
2012-09-01,6,infl_yoy,2.0181404902574807,1.6859349154821237,1.8319358022227368,2.4823276805334626
2012-09-01,6,unrate,7.7,8.1,7.728853130798673,7.827303755300999
2012-10-01,1,infl_yoy,2.1556780595369363,1.9497168982819613,2.068693730366075,2.1395152086036964
2012-10-01,1,unrate,7.8,7.8,7.736528642200247,7.781253578680078
2012-10-01,3,infl_yoy,1.7595049796895523,1.9497168982819613,2.0203667846270177,2.524705639235917
2012-10-01,3,unrate,7.9,7.8,7.520069733669526,7.5640413341534085
2012-10-01,6,infl_yoy,1.5187472411246183,1.9497168982819613,1.9110798418763295,2.910971705653714
2012-10-01,6,unrate,7.5,7.8,7.198896781401921,7.246222259738829
2012-11-01,1,infl_yoy,1.7960197033926262,2.1556780595369363,2.0014430561357246,2.3248799120865016
2012-11-01,1,unrate,7.7,7.8,7.692056502940358,7.67951305627542
2012-11-01,3,infl_yoy,1.684061762098299,2.1556780595369363,2.0132273492640738,2.7090933275724405
2012-11-01,3,unrate,8.0,7.8,7.497692244519937,7.48968866668751
2012-11-01,6,infl_yoy,1.138808047576867,2.1556780595369363,2.0289284555215423,2.95104603387263
2012-11-01,6,unrate,7.6,7.8,7.207901733382455,7.184428742759656
2012-12-01,1,infl_yoy,1.7595049796895523,1.7960197033926262,1.829478634831739,1.8134183310592717
2012-12-01,1,unrate,7.9,7.7,7.603037324899356,7.6170422855082
2012-12-01,3,infl_yoy,2.0181404902574807,1.7960197033926262,1.802468975077543,2.3220925601589526
2012-12-01,3,unrate,7.7,7.7,7.411501652223723,7.423482134322407
2012-12-01,6,infl_yoy,1.3903888279197083,1.7960197033926262,1.7127879009698175,2.68498915879429
2012-12-01,6,unrate,7.5,7.7,7.127672826721579,7.180778869396141
2013-01-01,1,infl_yoy,1.684061762098299,1.7595049796895523,1.600818533925612,1.983340753121016
2013-01-01,1,unrate,8.0,7.9,7.806903205007636,7.819117155317592
2013-01-01,3,infl_yoy,1.5187472411246183,1.7595049796895523,1.6184183288287515,2.210862635700643
2013-01-01,3,unrate,7.5,7.9,7.715351197648711,7.738360087581402
2013-01-01,6,infl_yoy,1.7157935271568725,1.7595049796895523,1.5991669702798514,2.3753309232514708
2013-01-01,6,unrate,7.5,7.9,7.56031522376036,7.624477372595142
2013-02-01,1,infl_yoy,2.0181404902574807,1.684061762098299,1.828713501237387,1.7790357525418357
2013-02-01,1,unrate,7.7,8.0,7.959170680105106,7.957381666401423
2013-02-01,3,infl_yoy,1.138808047576867,1.684061762098299,1.7493763209462219,1.8658983696505613
2013-02-01,3,unrate,7.6,8.0,7.928269526860972,7.967798251306055
2013-02-01,6,infl_yoy,1.885471805415806,1.684061762098299,1.7196755120239537,2.0148604935517094
2013-02-01,6,unrate,7.3,8.0,7.85005415664203,7.930294440010776
2013-03-01,1,infl_yoy,1.5187472411246183,2.0181404902574807,2.037959327250322,2.140739023494027
2013-03-01,1,unrate,7.5,7.7,7.686321814354905,7.700086978863588
2013-03-01,3,infl_yoy,1.3903888279197083,2.0181404902574807,2.0010904947400556,2.2602461005628225
2013-03-01,3,unrate,7.5,7.7,7.560889336447018,7.594100585218216
2013-03-01,6,infl_yoy,1.538809488600279,2.0181404902574807,1.980588053704919,2.541780423168249
2013-03-01,6,unrate,7.2,7.7,7.3645215619131115,7.4239348273719665
2013-04-01,1,infl_yoy,1.138808047576867,1.5187472411246183,1.2212172382421498,1.3696590338212167
2013-04-01,1,unrate,7.6,7.5,7.436276497966058,7.464211192869101
2013-04-01,3,infl_yoy,1.7157935271568725,1.5187472411246183,1.3088313042939828,1.8918111843077048
2013-04-01,3,unrate,7.5,7.5,7.248287012205137,7.355564041427054
2013-04-01,6,infl_yoy,1.0947341081747997,1.5187472411246183,1.1814898476988682,2.5102494509697064
2013-04-01,6,unrate,7.2,7.5,6.973602204792851,7.069867497686182
2013-05-01,1,infl_yoy,1.3903888279197083,1.138808047576867,1.1008456815822996,1.2506077761508372
2013-05-01,1,unrate,7.5,7.6,7.50557006809839,7.527906321609147
2013-05-01,3,infl_yoy,1.885471805415806,1.138808047576867,1.0649531311623526,1.8351086945459452
2013-05-01,3,unrate,7.3,7.6,7.370330473960829,7.41614605669718
2013-05-01,6,infl_yoy,0.8767991434911471,1.138808047576867,1.0763963459565669,2.3515512950674804
2013-05-01,6,unrate,7.2,7.6,7.164461160620978,7.238068783551259
2013-06-01,1,infl_yoy,1.7157935271568725,1.3903888279197083,1.6377197815434412,1.7877729402187215
2013-06-01,1,unrate,7.5,7.5,7.4326166436531915,7.488856200002928
2013-06-01,3,infl_yoy,1.538809488600279,1.3903888279197083,1.5223884360135185,2.1726204858240905
2013-06-01,3,unrate,7.2,7.5,7.294249303907695,7.296812207845205
2013-06-01,6,infl_yoy,1.2328701961954458,1.3903888279197083,1.4910563961383623,2.5515121849209335
2013-06-01,6,unrate,6.9,7.5,7.085760987271007,7.103772507842643
2013-07-01,1,infl_yoy,1.885471805415806,1.7157935271568725,1.6158943527705363,1.9066028335510448
2013-07-01,1,unrate,7.3,7.5,7.430996120850672,7.3923082790718455
2013-07-01,3,infl_yoy,1.0947341081747997,1.7157935271568725,1.621628979616324,2.2571433817705415
2013-07-01,3,unrate,7.2,7.5,7.3132731619352205,7.2929544946840625
2013-07-01,6,infl_yoy,1.5128383667573295,1.7157935271568725,1.5754273957308218,2.549310435767705
2013-07-01,6,unrate,6.7,7.5,7.132405313050716,7.054810961567311
2013-08-01,1,infl_yoy,1.538809488600279,1.885471805415806,2.059846522070538,2.055074129752658
2013-08-01,1,unrate,7.2,7.3,7.241264753821133,7.217794680355027
2013-08-01,3,infl_yoy,0.8767991434911471,1.885471805415806,1.9630337960529949,2.4387586203455625
2013-08-01,3,unrate,7.2,7.3,7.080421859041727,7.074022645751885
2013-08-01,6,infl_yoy,1.557758795574915,1.885471805415806,1.977177116821194,2.7187681692589116
2013-08-01,6,unrate,6.6,7.3,6.845761859601071,6.817329220796121
2013-09-01,1,infl_yoy,1.0947341081747997,1.538809488600279,1.4303347794888086,1.5412319819708746
2013-09-01,1,unrate,7.2,7.2,7.119534514078058,7.181108594915685
2013-09-01,3,infl_yoy,1.2328701961954458,1.538809488600279,1.6826610202775842,2.061243486591556
2013-09-01,3,unrate,6.9,7.2,6.9478598034520225,7.011926355624021
2013-09-01,6,infl_yoy,1.1204746347724948,1.538809488600279,2.0018780171017285,2.5133499883534585
2013-09-01,6,unrate,6.7,7.2,6.70172447268345,6.768880352788727
2013-10-01,1,infl_yoy,0.8767991434911471,1.0947341081747997,1.0539713273972986,1.2094766571762823
2013-10-01,1,unrate,7.2,7.2,7.113029496580356,7.1025287746732175
2013-10-01,3,infl_yoy,1.5128383667573295,1.0947341081747997,1.4215169739928737,1.765200672744314
2013-10-01,3,unrate,6.7,7.2,6.9687338654678355,6.960790054027165
2013-10-01,6,infl_yoy,1.6126949139408042,1.0947341081747997,1.8378879892484994,2.3580223502486737
2013-10-01,6,unrate,6.7,7.2,6.759133148838262,6.752517432804751
2013-11-01,1,infl_yoy,1.2328701961954458,0.8767991434911471,0.9737998583285379,1.0614775029470631
2013-11-01,1,unrate,6.9,7.2,7.127530150633783,7.160018800240082
2013-11-01,3,infl_yoy,1.557758795574915,0.8767991434911471,1.378333549449965,1.5797582054529236
2013-11-01,3,unrate,6.6,7.2,7.011781304147533,7.045134850407763
2013-11-01,6,infl_yoy,2.015125303606169,0.8767991434911471,1.8067123963698382,2.1676280118210025
2013-11-01,6,unrate,6.2,7.2,6.839775995967569,6.88028278391508
2013-12-01,1,infl_yoy,1.5128383667573295,1.2328701961954458,1.5522493643646482,1.57239856388019
2013-12-01,1,unrate,6.7,6.9,6.8423442670540835,6.815794114241108
2013-12-01,3,infl_yoy,1.1204746347724948,1.2328701961954458,1.8496189724596603,2.0781285370866924
2013-12-01,3,unrate,6.7,6.9,6.656447244647072,6.632240596494167
2013-12-01,6,infl_yoy,2.166947687079812,1.2328701961954458,2.097970043834641,2.6980276471293676
2013-12-01,6,unrate,6.3,6.9,6.396831876453258,6.318556005694967
2014-01-01,1,infl_yoy,1.557758795574915,1.5128383667573295,1.6772118384309365,1.7322614081350658
2014-01-01,1,unrate,6.6,6.7,6.60536751911284,6.615261514958827
2014-01-01,3,infl_yoy,1.6126949139408042,1.5128383667573295,1.9012853866210844,2.3506174800883475
2014-01-01,3,unrate,6.7,6.7,6.3813441413248615,6.408910348550614
2014-01-01,6,infl_yoy,2.0589816945944195,1.5128383667573295,2.127519214998071,2.8756849285722614
2014-01-01,6,unrate,6.1,6.7,6.075021293738307,6.022392424120335
2014-02-01,1,infl_yoy,1.1204746347724948,1.557758795574915,1.6249620668586935,1.7747914385149972
2014-02-01,1,unrate,6.7,6.6,6.486678617587165,6.487040140141083
2014-02-01,3,infl_yoy,2.015125303606169,1.557758795574915,1.8520953014485533,2.455459689318287
2014-02-01,3,unrate,6.2,6.6,6.270307946010359,6.242737227453688
2014-02-01,6,infl_yoy,1.9742378703305972,1.557758795574915,2.095020011037427,2.8834737597874454
2014-02-01,6,unrate,6.2,6.6,5.979178953283821,5.902675193825103
2014-03-01,1,infl_yoy,1.6126949139408042,1.1204746347724948,1.0158219927017282,1.2370728745564323
2014-03-01,1,unrate,6.7,6.7,6.590506218853959,6.6355282134430995
2014-03-01,3,infl_yoy,2.166947687079812,1.1204746347724948,1.362317108338308,1.908455203766385
2014-03-01,3,unrate,6.3,6.7,6.444817487907912,6.444670461030517
2014-03-01,6,infl_yoy,1.7150983482969062,1.1204746347724948,1.789187576861889,2.341235635459216
2014-03-01,6,unrate,6.1,6.7,6.24270590936431,6.247222748159014
2014-04-01,1,infl_yoy,2.015125303606169,1.6126949139408042,2.016450474419983,2.156539991588484
2014-04-01,1,unrate,6.2,6.7,6.627149528038999,6.5720205368334526
2014-04-01,3,infl_yoy,2.0589816945944195,1.6126949139408042,2.215834817055243,2.354304956494449
2014-04-01,3,unrate,6.1,6.7,6.518597047382777,6.409553235142367
2014-04-01,6,infl_yoy,1.6840509711232077,1.6126949139408042,2.314697776153271,2.6275740883205154
2014-04-01,6,unrate,5.9,6.7,6.365210607683173,6.236866068561313
2014-05-01,1,infl_yoy,2.166947687079812,2.015125303606169,2.1678361828335415,2.148440538076054
2014-05-01,1,unrate,6.3,6.2,6.139574493673611,6.126094948785091
2014-05-01,3,infl_yoy,1.9742378703305972,2.015125303606169,2.253111754226158,2.4535657075151738
2014-05-01,3,unrate,6.2,6.2,5.906339198092986,5.914514216081424
2014-05-01,6,infl_yoy,1.6095417021513292,2.015125303606169,2.336868103376749,2.980325145331202
2014-05-01,6,unrate,5.7,6.2,5.593233466366036,5.5317566685031165
2014-06-01,1,infl_yoy,2.0589816945944195,2.166947687079812,2.21278296051057,2.2361958464855762
2014-06-01,1,unrate,6.1,6.3,6.179747629910413,6.161235228750073
2014-06-01,3,infl_yoy,1.7150983482969062,2.166947687079812,2.284935833762438,2.6516054384333945
2014-06-01,3,unrate,6.1,6.3,6.001997798756937,6.02894335599659
2014-06-01,6,infl_yoy,1.231524989320798,2.166947687079812,2.3557663543199756,2.8674963277120984
2014-06-01,6,unrate,5.8,6.3,5.764654480151339,5.743318833325949
2014-07-01,1,infl_yoy,1.9742378703305972,2.0589816945944195,2.0331951343951165,2.2240754436753103
2014-07-01,1,unrate,6.2,6.1,6.010489631522491,6.051689680764843
2014-07-01,3,infl_yoy,1.6840509711232077,2.0589816945944195,2.1380951780935424,2.6592388609444084
2014-07-01,3,unrate,5.9,6.1,5.8176974649177176,5.788890022576499
2014-07-01,6,infl_yoy,0.6531213919623191,2.0589816945944195,2.2661023818814297,2.891608583276291
2014-07-01,6,unrate,5.6,6.1,5.563807757430832,5.5830173541067225
2014-08-01,1,infl_yoy,1.7150983482969062,1.9742378703305972,1.9944163563648671,2.1173515533886285
2014-08-01,1,unrate,6.1,6.2,6.099558698711255,6.121586248281941
2014-08-01,3,infl_yoy,1.6095417021513292,1.9742378703305972,2.12109293496738,2.4217444087843476
2014-08-01,3,unrate,5.7,6.2,5.974024484541944,5.952246381830597
2014-08-01,6,infl_yoy,-0.2299309782054281,1.9742378703305972,2.254904161804432,2.6536980499593668
2014-08-01,6,unrate,5.7,6.2,5.809459855530662,5.795883711788929
2014-09-01,1,infl_yoy,1.6840509711232077,1.7150983482969062,1.6606839018992963,1.8111360587504817
2014-09-01,1,unrate,5.9,6.1,6.047452723197522,5.95374436883016
2014-09-01,3,infl_yoy,1.231524989320798,1.7150983482969062,1.8545050628631699,2.1119426945598665
2014-09-01,3,unrate,5.8,6.1,5.94939700970219,5.869470612584783
2014-09-01,6,infl_yoy,-0.0870314629352053,1.7150983482969062,2.090965697261348,2.51083461817781
2014-09-01,6,unrate,5.5,6.1,5.824211773007474,5.718213001552304
2014-10-01,1,infl_yoy,1.6095417021513292,1.6840509711232077,1.7776938532166584,1.7632249910112257
2014-10-01,1,unrate,5.7,5.9,5.8434138775549265,5.891043410343226
2014-10-01,3,infl_yoy,0.6531213919623191,1.6840509711232077,1.9739749167754659,2.1260149987171633
2014-10-01,3,unrate,5.6,5.9,5.6924976665788956,5.773430678145932
2014-10-01,6,infl_yoy,-0.0220312844238734,1.6840509711232077,2.162710314843663,2.5665811196851234
2014-10-01,6,unrate,5.4,5.9,5.499987325965837,5.599300365368872
2014-11-01,1,infl_yoy,1.231524989320798,1.6095417021513292,1.6463557123469483,1.742957212303602
2014-11-01,1,unrate,5.8,5.7,5.6206151509506155,5.625220752766553
2014-11-01,3,infl_yoy,-0.2299309782054281,1.6095417021513292,1.855065560055999,2.2262927176750376
2014-11-01,3,unrate,5.7,5.7,5.434274623187397,5.484514899922396
2014-11-01,6,infl_yoy,-0.1040309893939106,1.6095417021513292,2.0880992298827032,2.745457564240592
2014-11-01,6,unrate,5.4,5.7,5.194730366616158,5.219184651474867
2014-12-01,1,infl_yoy,0.6531213919623191,1.231524989320798,1.1547681831562353,1.2565528848101484
2014-12-01,1,unrate,5.6,5.8,5.698975082444269,5.7542248334326835
2014-12-01,3,infl_yoy,-0.0870314629352053,1.231524989320798,1.467573285890725,1.8982092998008144
2014-12-01,3,unrate,5.5,5.8,5.575573741651432,5.6436958363024585
2014-12-01,6,infl_yoy,0.0350332182442958,1.231524989320798,1.8448620511828624,2.3388633820236358
2014-12-01,6,unrate,5.6,5.8,5.421141729031143,5.496371256944682
2015-01-01,1,infl_yoy,-0.2299309782054281,0.6531213919623191,0.5728038057463309,0.7494271190986589
2015-01-01,1,unrate,5.7,5.6,5.536765267736186,5.561306305037945
2015-01-01,3,infl_yoy,-0.0220312844238734,0.6531213919623191,1.0285934848641456,1.5128764790763969
2015-01-01,3,unrate,5.4,5.6,5.390423915800243,5.39931097196331
2015-01-01,6,infl_yoy,0.1795718097550525,0.6531213919623191,1.5664324868925494,2.2534664865100154
2015-01-01,6,unrate,5.3,5.6,5.206667946298547,5.213725643359037
2015-02-01,1,infl_yoy,-0.0870314629352053,-0.2299309782054281,-0.5903758161747402,-0.22026457242551833
2015-02-01,1,unrate,5.5,5.7,5.619707733876017,5.65925971520438
2015-02-01,3,infl_yoy,-0.1040309893939106,-0.2299309782054281,-0.49105668905058786,0.6340240362949427
2015-02-01,3,unrate,5.4,5.7,5.532783811600964,5.617322821160662
2015-02-01,6,infl_yoy,0.2256861110409458,-0.2299309782054281,-0.6591571387457991,1.6027363911270687
2015-02-01,6,unrate,5.2,5.7,5.428311175176904,5.466901403754413
2015-03-01,1,infl_yoy,-0.0220312844238734,-0.0870314629352053,0.3344160110441001,0.4159460963075967
2015-03-01,1,unrate,5.4,5.5,5.455962468582688,5.424912469420678
2015-03-01,3,infl_yoy,0.0350332182442958,-0.0870314629352053,0.9384936738263573,1.141324913994354
2015-03-01,3,unrate,5.6,5.5,5.338976370560778,5.307188175789137
2015-03-01,6,infl_yoy,0.2413037985344868,-0.0870314629352053,1.4942923806700183,2.076620319406777
2015-03-01,6,unrate,5.1,5.5,5.196783571505764,5.071448684948197
2015-04-01,1,infl_yoy,-0.1040309893939106,-0.0220312844238734,0.16676247308986425,0.19541137659018615
2015-04-01,1,unrate,5.4,5.4,5.339950005640451,5.4155857235418345
2015-04-01,3,infl_yoy,0.1795718097550525,-0.0220312844238734,0.7131517073617266,1.030366689516237
2015-04-01,3,unrate,5.3,5.4,5.21573046543494,5.29622884716076
2015-04-01,6,infl_yoy,0.00884296163417,-0.0220312844238734,1.3288140371155381,1.9184562107470684
2015-04-01,6,unrate,5.0,5.4,5.065586521485771,4.979098904581266
2015-05-01,1,infl_yoy,0.0350332182442958,-0.1040309893939106,0.044030331940299094,0.145354018085609
2015-05-01,1,unrate,5.6,5.4,5.333937652377985,5.282370683114406
2015-05-01,3,infl_yoy,0.2256861110409458,-0.1040309893939106,0.6150522523412828,1.086421890576077
2015-05-01,3,unrate,5.2,5.4,5.238211161171727,5.159334230964493
2015-05-01,6,infl_yoy,0.127616560670507,-0.1040309893939106,1.2470321372467064,1.9127183862135433
2015-05-01,6,unrate,5.0,5.4,5.1276003019991965,4.856416131891349
2015-06-01,1,infl_yoy,0.1795718097550525,0.0350332182442958,0.3187697050535663,0.507123946308579
2015-06-01,1,unrate,5.3,5.6,5.543456703417803,5.6116554021538985
2015-06-01,3,infl_yoy,0.2413037985344868,0.0350332182442958,0.8473506608566246,1.1952261954569747
2015-06-01,3,unrate,5.1,5.6,5.527042629829651,5.48638848317474
2015-06-01,6,infl_yoy,0.4363182169185187,0.0350332182442958,1.393870706749171,1.7414198760785644
2015-06-01,6,unrate,5.1,5.6,5.51538465120756,5.3405968571288485
2015-07-01,1,infl_yoy,0.2256861110409458,0.1795718097550525,0.40046281895446134,0.4565686724944744
2015-07-01,1,unrate,5.2,5.3,5.305354961963096,5.229051597539792
2015-07-01,3,infl_yoy,0.00884296163417,0.1795718097550525,0.8843379271410323,1.0920183477422951
2015-07-01,3,unrate,5.0,5.3,5.230807454702647,5.054151930428105
2015-07-01,6,infl_yoy,0.6387247515364791,0.1795718097550525,1.4082858921727777,1.9099040530846358
2015-07-01,6,unrate,5.0,5.3,5.148541035287086,4.733925769514321
2015-08-01,1,infl_yoy,0.2413037985344868,0.2256861110409458,0.3977303206849515,0.4330818787970717
2015-08-01,1,unrate,5.1,5.2,5.161895577518316,5.117316467106969
2015-08-01,3,infl_yoy,0.127616560670507,0.2256861110409458,0.869413538822492,1.1028590342020677
2015-08-01,3,unrate,5.0,5.2,5.080333208733412,4.959170852324977
2015-08-01,6,infl_yoy,1.2375025026943876,0.2256861110409458,1.389074194213255,1.9308531294479225
2015-08-01,6,unrate,4.8,5.2,5.003128030418672,4.596648719492302
2015-09-01,1,infl_yoy,0.00884296163417,0.2413037985344868,0.4122537859598039,0.5108043520090155
2015-09-01,1,unrate,5.0,5.1,5.0526421977641895,5.015971136867067
2015-09-01,3,infl_yoy,0.4363182169185187,0.2413037985344868,0.8752031817659265,1.2083812615167417
2015-09-01,3,unrate,5.1,5.1,4.948131088721803,4.793115387701966
2015-09-01,6,infl_yoy,0.8472775790126619,0.2413037985344868,1.3849692567711842,1.9763622203217284
2015-09-01,6,unrate,4.9,5.1,4.830887222768438,4.466073842921439
2015-10-01,1,infl_yoy,0.127616560670507,0.00884296163417,0.06529788000562883,0.1316573262374212
2015-10-01,1,unrate,5.0,5.0,4.947599316248043,4.944367427002851
2015-10-01,3,infl_yoy,0.6387247515364791,0.00884296163417,0.5668927684679546,0.9178273840717346
2015-10-01,3,unrate,5.0,5.0,4.83940621027755,4.6958846862268
2015-10-01,6,infl_yoy,0.8916160965521946,0.00884296163417,1.1618443632677926,1.7449074872590375
2015-10-01,6,unrate,5.0,5.0,4.719294251798305,4.374815475411839
2015-11-01,1,infl_yoy,0.4363182169185187,0.127616560670507,0.3961596908263728,0.5345464201806301
2015-11-01,1,unrate,5.1,5.0,4.942123719009558,4.845117432352582
2015-11-01,3,infl_yoy,1.2375025026943876,0.127616560670507,0.871537148494355,1.1823701099565538
2015-11-01,3,unrate,4.8,5.0,4.8616697538018405,4.655780975423363
2015-11-01,6,infl_yoy,1.1726257503534845,0.127616560670507,1.3647290290021064,1.9185727791844152
2015-11-01,6,unrate,5.1,5.0,4.779180177883321,4.347489020765776
2015-12-01,1,infl_yoy,0.6387247515364791,0.4363182169185187,0.7130764643588527,0.7966289608444244
2015-12-01,1,unrate,5.0,5.1,5.051310967004959,5.022130402166892
2015-12-01,3,infl_yoy,0.8472775790126619,0.4363182169185187,1.109722602933482,1.2826065400456008
2015-12-01,3,unrate,4.9,5.1,5.023531231537251,4.912354211229105
2015-12-01,6,infl_yoy,1.0784764621246223,0.4363182169185187,1.5225533422024817,1.7774271670828445
2015-12-01,6,unrate,4.8,5.1,5.006605394128349,4.718023426034642
2016-01-01,1,infl_yoy,1.2375025026943876,0.6387247515364791,0.8207620641444939,0.8288311546565913
2016-01-01,1,unrate,4.8,5.0,4.986423627764278,4.93894093297662
2016-01-01,3,infl_yoy,0.8916160965521946,0.6387247515364791,1.1750221615751641,1.3017482899847053
2016-01-01,3,unrate,5.0,5.0,4.951886041191757,4.83354197496693
2016-01-01,6,infl_yoy,1.0792865347959424,0.6387247515364791,1.5617874319452598,1.7947499757397976
2016-01-01,6,unrate,4.9,5.0,4.9279022841591384,4.626466844556372
2016-02-01,1,infl_yoy,0.8472775790126619,1.2375025026943876,1.6059067101821964,1.6394817901879066
2016-02-01,1,unrate,4.9,4.8,4.780261303664863,4.739043391005593
2016-02-01,3,infl_yoy,1.1726257503534845,1.2375025026943876,1.8314739940231752,1.9615556700333618
2016-02-01,3,unrate,5.1,4.8,4.699957445437514,4.564631063207635
2016-02-01,6,infl_yoy,0.8683633430518256,1.2375025026943876,2.002355046424698,2.386950944796448
2016-02-01,6,unrate,4.8,4.8,4.61651512898062,4.274483480641256
2016-03-01,1,infl_yoy,0.8916160965521946,0.8472775790126619,0.6941721920278311,0.7416344808583608
2016-03-01,1,unrate,5.0,4.9,4.852445733167065,4.846219936518446
2016-03-01,3,infl_yoy,1.0784764621246223,0.8472775790126619,0.9994418219235717,1.2250492197678196
2016-03-01,3,unrate,4.8,4.9,4.814659217234724,4.738656273051328
2016-03-01,6,infl_yoy,1.0553158595656864,0.8472775790126619,1.356084976773582,1.6863340765669754
2016-03-01,6,unrate,4.9,4.9,4.788345962670885,4.5568919414606865
2016-04-01,1,infl_yoy,1.1726257503534845,0.8916160965521946,1.1000186549338307,1.1550761322880905
2016-04-01,1,unrate,5.1,5.0,4.972309644562655,4.919813028282826
2016-04-01,3,infl_yoy,1.0792865347959424,0.8916160965521946,1.4112278297726046,1.5195220144247141
2016-04-01,3,unrate,4.9,5.0,4.9836895665319085,4.809138368295288
2016-04-01,6,infl_yoy,1.5486446201652182,0.8916160965521946,1.7108263753019135,1.867877455218792
2016-04-01,6,unrate,5.0,5.0,5.020261846817648,4.742142479229714
2016-05-01,1,infl_yoy,1.0784764621246223,1.1726257503534845,1.3830414538328057,1.4737817645095523
2016-05-01,1,unrate,4.8,5.1,5.097873607889033,5.085267516340163
2016-05-01,3,infl_yoy,0.8683633430518256,1.1726257503534845,1.6119266596255806,1.588778040248964
2016-05-01,3,unrate,4.8,5.1,5.1426574393890885,5.055241269630632
2016-05-01,6,infl_yoy,1.685924966243646,1.1726257503534845,1.844884660453066,1.8306683740281926
2016-05-01,6,unrate,4.9,5.1,5.220480867905503,5.0089296561188315
2016-06-01,1,infl_yoy,1.0792865347959424,1.0784764621246223,1.1158779399683525,0.9721732108240057
2016-06-01,1,unrate,4.9,4.8,4.839952285684272,4.740994256032249
2016-06-01,3,infl_yoy,1.0553158595656864,1.0784764621246223,1.339196514171587,1.2968901472356347
2016-06-01,3,unrate,4.9,4.8,4.814016631966462,4.71737873869212
2016-06-01,6,infl_yoy,1.6843334719788938,1.0784764621246223,1.5908337613043901,1.809815393590343
2016-06-01,6,unrate,4.7,4.8,4.803638320828028,4.540307826566956
2016-07-01,1,infl_yoy,0.8683633430518256,1.0792865347959424,1.199052171586636,1.2318233299231753
2016-07-01,1,unrate,4.8,4.9,4.8814070167652925,4.905290820849762
2016-07-01,3,infl_yoy,1.5486446201652182,1.0792865347959424,1.4565165755792544,1.5564783319645226
2016-07-01,3,unrate,5.0,4.9,4.87787796785528,4.857423436791911
2016-07-01,6,infl_yoy,2.0507989115119862,1.0792865347959424,1.7322301586084934,1.893474244611085
2016-07-01,6,unrate,4.7,4.9,4.8954656781318215,4.755063270645738
2016-08-01,1,infl_yoy,1.0553158595656864,0.8683633430518256,0.8602760657021049,0.9228109566155117
2016-08-01,1,unrate,4.9,4.8,4.799968476619385,4.7962498170272765
2016-08-01,3,infl_yoy,1.685924966243646,0.8683633430518256,1.1266696018765898,1.3251650486409683
2016-08-01,3,unrate,4.9,4.8,4.780858986058086,4.6832616028131016
2016-08-01,6,infl_yoy,2.510393348257112,0.8683633430518256,1.4381914900360777,1.7715114554855274
2016-08-01,6,unrate,4.7,4.8,4.778520457226305,4.574940393157194
2016-09-01,1,infl_yoy,1.5486446201652182,1.0553158595656864,1.2842942638183412,1.2782609484767347
2016-09-01,1,unrate,5.0,4.9,4.8861049074452705,4.851045435687684
2016-09-01,3,infl_yoy,1.6843334719788938,1.0553158595656864,1.4717903586608967,1.5938130090245992
2016-09-01,3,unrate,4.7,4.9,4.901420480420067,4.78453465723882
2016-09-01,6,infl_yoy,2.8103616813294208,1.0553158595656864,1.6747750793880654,1.919426195011379
2016-09-01,6,unrate,4.6,4.9,4.944210230753086,4.689025835958989
2016-10-01,1,infl_yoy,1.685924966243646,1.5486446201652182,1.737006560345094,1.8884438549416689
2016-10-01,1,unrate,4.9,5.0,5.000212080528065,4.9289262271336165
2016-10-01,3,infl_yoy,2.0507989115119862,1.5486446201652182,1.8394676701328718,1.985214295019979
2016-10-01,3,unrate,4.7,5.0,5.0528799333192,4.9220254872386775
2016-10-01,6,infl_yoy,2.44119623655914,1.5486446201652182,1.9582582271963742,2.0897228162359758
2016-10-01,6,unrate,4.4,5.0,5.142628830117527,4.868027979334483
2016-11-01,1,infl_yoy,1.6843334719788938,1.685924966243646,1.7223495676528797,1.6644565094746853
2016-11-01,1,unrate,4.7,4.9,4.9313146368596215,4.9186162763342685
2016-11-01,3,infl_yoy,2.510393348257112,1.685924966243646,1.8270406608326808,1.823241446775866
2016-11-01,3,unrate,4.7,4.9,4.960641011190471,4.897704901570101
2016-11-01,6,infl_yoy,2.176223471915395,1.685924966243646,1.9463182458224153,1.9835299822822958
2016-11-01,6,unrate,4.4,4.9,5.020903062569507,4.835633853568095
2016-12-01,1,infl_yoy,2.0507989115119862,1.6843334719788938,1.7240113781644353,1.7319557680363886
2016-12-01,1,unrate,4.7,4.7,4.720656731751235,4.681833707888381
2016-12-01,3,infl_yoy,2.8103616813294208,1.6843334719788938,1.8279980724801927,1.9379810460475353
2016-12-01,3,unrate,4.6,4.7,4.693287824037621,4.599390761445837
2016-12-01,6,infl_yoy,1.856343166761976,1.6843334719788938,1.947958170949372,2.233110844819957
2016-12-01,6,unrate,4.4,4.7,4.681957329670157,4.451584995876534
2017-01-01,1,infl_yoy,2.510393348257112,2.0507989115119862,2.2527331543253943,2.285812762228655
2017-01-01,1,unrate,4.7,4.7,4.686350568664413,4.661962345384593
2017-01-01,3,infl_yoy,2.44119623655914,2.0507989115119862,2.2934605645591564,2.383688884531921
2017-01-01,3,unrate,4.4,4.7,4.664903936905351,4.540109816500116
2017-01-01,6,infl_yoy,1.640565809959127,2.0507989115119862,2.2929001619481286,2.524041439731741
2017-01-01,6,unrate,4.3,4.7,4.662682716896843,4.414572908742754
2017-02-01,1,infl_yoy,2.8103616813294208,2.510393348257112,2.659453587070855,2.6633202257053004
2017-02-01,1,unrate,4.6,4.7,4.684528000339446,4.636737671434259
2017-02-01,3,infl_yoy,2.176223471915395,2.510393348257112,2.598766636106801,2.709250479297828
2017-02-01,3,unrate,4.4,4.7,4.671506343308892,4.519062757989123
2017-02-01,6,infl_yoy,1.7251073506566073,2.510393348257112,2.4985458054710885,2.685856698152155
2017-02-01,6,unrate,4.3,4.7,4.680244211082595,4.428537169029304
2017-03-01,1,infl_yoy,2.44119623655914,2.8103616813294208,2.856730389042948,2.8750242499916014
2017-03-01,1,unrate,4.4,4.6,4.595200242590996,4.531939242284064
2017-03-01,3,infl_yoy,1.856343166761976,2.8103616813294208,2.739602389274468,2.8968127570754016
2017-03-01,3,unrate,4.4,4.6,4.569153055021399,4.433894577766761
2017-03-01,6,infl_yoy,1.92812155729698,2.8103616813294208,2.593618632563406,2.827875596131481
2017-03-01,6,unrate,4.4,4.6,4.56104030597221,4.340111902766023
2017-04-01,1,infl_yoy,2.176223471915395,2.44119623655914,2.2137748950620475,2.2804048123225833
2017-04-01,1,unrate,4.4,4.4,4.378018793240958,4.357289341154324
2017-04-01,3,infl_yoy,1.640565809959127,2.44119623655914,2.191700402036499,2.4367335950980937
2017-04-01,3,unrate,4.3,4.4,4.311229596603534,4.2620873017947645
2017-04-01,6,infl_yoy,2.1805652303711787,2.44119623655914,2.226037869000077,2.5795575062928044
2017-04-01,6,unrate,4.3,4.4,4.256629825007709,4.156920295347741
2017-05-01,1,infl_yoy,1.856343166761976,2.176223471915395,2.1234095984301,2.1959918431354413
2017-05-01,1,unrate,4.4,4.4,4.362740294567152,4.351559124900968
2017-05-01,3,infl_yoy,1.7251073506566073,2.176223471915395,2.1603639181378216,2.3430269111449586
2017-05-01,3,unrate,4.3,4.4,4.3077458172157295,4.260269119995258
2017-05-01,6,infl_yoy,2.020757753132485,2.176223471915395,2.2049004816609545,2.5055414767553854
2017-05-01,6,unrate,4.2,4.4,4.264862255184564,4.216783614087369
2017-06-01,1,infl_yoy,1.640565809959127,1.856343166761976,1.7623104676157773,1.8337770449033672
2017-06-01,1,unrate,4.3,4.4,4.368155469004288,4.372981579835415
2017-06-01,3,infl_yoy,1.92812155729698,1.856343166761976,1.861119606376679,2.017831040597362
2017-06-01,3,unrate,4.4,4.4,4.333951339284808,4.318491446633592
2017-06-01,6,infl_yoy,2.172493864295566,1.856343166761976,2.004142867939173,2.230255420552333
2017-06-01,6,unrate,4.2,4.4,4.319408721247068,4.315251255853577
2017-07-01,1,infl_yoy,1.7251073506566073,1.640565809959127,1.6257273553469564,1.6307939437609555
2017-07-01,1,unrate,4.3,4.3,4.282853936751942,4.262661316039604
2017-07-01,3,infl_yoy,2.1805652303711787,1.640565809959127,1.7708850285533235,1.8938969993922081
2017-07-01,3,unrate,4.3,4.3,4.239871755145531,4.243660268803517
2017-07-01,6,infl_yoy,2.129930719552253,1.640565809959127,1.942672864336153,2.1818065323493716
2017-07-01,6,unrate,4.1,4.3,4.214986497302928,4.203793299978485
2017-08-01,1,infl_yoy,1.92812155729698,1.7251073506566073,1.7491279446627757,1.9016770432493402
2017-08-01,1,unrate,4.4,4.3,4.2750658319377095,4.279774466901316
2017-08-01,3,infl_yoy,2.020757753132485,1.7251073506566073,1.8491320827552182,2.0942038308308835
2017-08-01,3,unrate,4.2,4.3,4.247825168369217,4.2787297909198525
2017-08-01,6,infl_yoy,2.151318868063945,1.7251073506566073,1.98290834335116,2.2669572965719524
2017-08-01,6,unrate,4.0,4.3,4.244110167622375,4.240262382615569
2017-09-01,1,infl_yoy,2.1805652303711787,1.92812155729698,2.0836008099582184,2.0636624546624662
2017-09-01,1,unrate,4.3,4.4,4.377627903175613,4.398386276008143
2017-09-01,3,infl_yoy,2.172493864295566,1.92812155729698,2.1186052963464665,2.1875036293995036
2017-09-01,3,unrate,4.2,4.4,4.3937594902910915,4.411614872590509
2017-09-01,6,infl_yoy,2.263468931091861,1.92812155729698,2.1347255681385433,2.208143097042919
2017-09-01,6,unrate,4.1,4.4,4.446088593193985,4.429061314996081
2017-10-01,1,infl_yoy,2.020757753132485,2.1805652303711787,2.2934918722417077,2.2865917787774417
2017-10-01,1,unrate,4.2,4.3,4.309555127050765,4.309453247706672
2017-10-01,3,infl_yoy,2.129930719552253,2.1805652303711787,2.2946644100315337,2.3647832965107587
2017-10-01,3,unrate,4.1,4.3,4.312454674199073,4.2859058164571895
2017-10-01,6,infl_yoy,2.3309497646499366,2.1805652303711787,2.2937109435671386,2.3797320667404502
2017-10-01,6,unrate,4.0,4.3,4.347939141221099,4.262733099407371
2017-11-01,1,infl_yoy,2.172493864295566,2.020757753132485,1.9820065773267286,1.954829702849678
2017-11-01,1,unrate,4.2,4.2,4.19585367063335,4.200214496176122
2017-11-01,3,infl_yoy,2.151318868063945,2.020757753132485,2.036479161217547,2.1083081595218958
2017-11-01,3,unrate,4.0,4.2,4.180695627768202,4.172768276510095
2017-11-01,6,infl_yoy,2.4709963021052994,2.020757753132485,2.087689671882032,2.261070735803185
2017-11-01,6,unrate,4.0,4.2,4.193915671819122,4.1113992501733385
2017-12-01,1,infl_yoy,2.129930719552253,2.172493864295566,2.2614175449362124,2.323273656197445
2017-12-01,1,unrate,4.1,4.2,4.18897116891568,4.169695964615107
2017-12-01,3,infl_yoy,2.263468931091861,2.172493864295566,2.2613884774775794,2.3943479782678434
2017-12-01,3,unrate,4.1,4.2,4.180213083765188,4.110623793701001
2017-12-01,6,infl_yoy,2.781921607842497,2.172493864295566,2.264887545999388,2.4691091682869994
2017-12-01,6,unrate,3.8,4.2,4.202036200543086,4.075723933898065
2018-01-01,1,infl_yoy,2.151318868063945,2.129930719552253,2.0826116833168,2.11228077288675
2018-01-01,1,unrate,4.0,4.1,4.0979605355908255,4.101478799419551
2018-01-01,3,infl_yoy,2.3309497646499366,2.129930719552253,2.1174898935978295,2.2406364575650786
2018-01-01,3,unrate,4.0,4.1,4.075472660647991,4.027871061777722
2018-01-01,6,infl_yoy,2.8075506935940187,2.129930719552253,2.1581239201345195,2.3724249029387163
2018-01-01,6,unrate,4.0,4.1,4.08074678062923,3.9774405195218705
2018-02-01,1,infl_yoy,2.263468931091861,2.151318868063945,2.1989432730893523,2.1900967301613417
2018-02-01,1,unrate,4.1,4.0,3.990326081406392,3.9416924085272207
2018-02-01,3,infl_yoy,2.4709963021052994,2.151318868063945,2.211075384518719,2.3575114666430705
2018-02-01,3,unrate,4.0,4.0,3.9518291105886476,3.8758406266416894
2018-02-01,6,infl_yoy,2.854124785561929,2.151318868063945,2.221742064333184,2.512257209700528
2018-02-01,6,unrate,3.8,4.0,3.9365744764375292,3.7921933097281713
2018-03-01,1,infl_yoy,2.3309497646499366,2.263468931091861,2.290980925129382,2.4037604099930725
2018-03-01,1,unrate,4.0,4.1,4.07313782992043,4.067367535273297
2018-03-01,3,infl_yoy,2.781921607842497,2.263468931091861,2.285024378078675,2.469678887387939
2018-03-01,3,unrate,3.8,4.1,4.076476733953742,4.0349347665822295
2018-03-01,6,infl_yoy,2.642923856874257,2.263468931091861,2.27899575491993,2.4630769467792972
2018-03-01,6,unrate,3.8,4.1,4.116041644507867,4.031667825522084
2018-04-01,1,infl_yoy,2.4709963021052994,2.3309497646499366,2.345003566564188,2.348405357739635
2018-04-01,1,unrate,4.0,4.0,3.9992504723106777,3.9830173055494495
2018-04-01,3,infl_yoy,2.8075506935940187,2.3309497646499366,2.3285411806174845,2.4183303073246054
2018-04-01,3,unrate,4.0,4.0,3.9948694077912035,3.9439856005236282
2018-04-01,6,infl_yoy,2.332055105808828,2.3309497646499366,2.3079198681582684,2.4523776478108097
2018-04-01,6,unrate,3.7,4.0,4.023757453266548,3.9329075104817175
2018-05-01,1,infl_yoy,2.781921607842497,2.4709963021052994,2.5099742869950243,2.5468353378850477
2018-05-01,1,unrate,3.8,4.0,3.9944956607199713,3.9768094400418015
2018-05-01,3,infl_yoy,2.854124785561929,2.4709963021052994,2.461350217288403,2.5559938661896973
2018-05-01,3,unrate,3.8,4.0,3.997942882131481,3.964001229855084
2018-05-01,6,infl_yoy,2.492032470218053,2.4709963021052994,2.4038651323749303,2.5370759923880035
2018-05-01,6,unrate,3.8,4.0,4.038565479730904,3.9516955189050087
2018-06-01,1,infl_yoy,2.8075506935940187,2.781921607842497,2.8622050860109263,2.888422194104568
2018-06-01,1,unrate,4.0,3.8,3.8089971267836176,3.775919265312568
2018-06-01,3,infl_yoy,2.642923856874257,2.781921607842497,2.7450599799293602,2.8545700313676248
2018-06-01,3,unrate,3.8,3.8,3.7687832547525226,3.7083561010395227
2018-06-01,6,infl_yoy,2.147328577667773,2.781921607842497,2.6054222790542614,2.8347737044237107
2018-06-01,6,unrate,3.8,3.8,3.754100342491972,3.6423319190377645
2018-07-01,1,infl_yoy,2.854124785561929,2.8075506935940187,2.71350703358298,2.7607618683265907
2018-07-01,1,unrate,3.8,4.0,3.9662382735965664,3.980111242294925
2018-07-01,3,infl_yoy,2.332055105808828,2.8075506935940187,2.625695457205837,2.73678579251998
2018-07-01,3,unrate,3.7,4.0,3.9902469102644758,3.9762890261284745
2018-07-01,6,infl_yoy,2.0023809043401064,2.8075506935940187,2.5336655870387483,2.569594498308147
2018-07-01,6,unrate,3.9,4.0,4.058438370204016,4.023985870425231
2018-08-01,1,infl_yoy,2.642923856874257,2.854124785561929,2.876123980287813,2.869174768783142
2018-08-01,1,unrate,3.8,3.8,3.818979238678383,3.7806474060926902
2018-08-01,3,infl_yoy,2.492032470218053,2.854124785561929,2.7570704537382174,2.8305711825531694
2018-08-01,3,unrate,3.8,3.8,3.8076888786081637,3.7258620343403
2018-08-01,6,infl_yoy,1.4875893578291333,2.854124785561929,2.6104593264476508,2.757244875196701
2018-08-01,6,unrate,4.0,3.8,3.830354110028514,3.7411903670719724
2018-09-01,1,infl_yoy,2.332055105808828,2.642923856874257,2.469050000868993,2.5413144963309184
2018-09-01,1,unrate,3.7,3.8,3.7907543788100644,3.8024984644656143
2018-09-01,3,infl_yoy,2.147328577667773,2.642923856874257,2.429587090676134,2.5334272394034625
2018-09-01,3,unrate,3.8,3.8,3.787280504110241,3.7994321940244506
2018-09-01,6,infl_yoy,1.5188615351321877,2.642923856874257,2.40239997280254,2.5372516534128557
2018-09-01,6,unrate,3.8,3.8,3.819921599196275,3.8122701858231745
2018-10-01,1,infl_yoy,2.492032470218053,2.332055105808828,2.2834349800614695,2.24348543172548
2018-10-01,1,unrate,3.8,3.7,3.6992630734856604,3.6655914258275306
2018-10-01,3,infl_yoy,2.0023809043401064,2.332055105808828,2.2804521264015136,2.3337958401218373
2018-10-01,3,unrate,3.9,3.7,3.67989419516737,3.6574082452169803
2018-10-01,6,infl_yoy,1.8831863513063984,2.332055105808828,2.2656214009446383,2.448863737678816
2018-10-01,6,unrate,3.8,3.7,3.6932446458279458,3.674737471931393
2018-11-01,1,infl_yoy,2.147328577667773,2.492032470218053,2.556427259043466,2.6193132814431292
2018-11-01,1,unrate,3.8,3.8,3.7898169426954484,3.8169542832076
2018-11-01,3,infl_yoy,1.4875893578291333,2.492032470218053,2.499860359017007,2.609209928847333
2018-11-01,3,unrate,4.0,3.8,3.812562694661986,3.8146734999738734
2018-11-01,6,infl_yoy,2.000583470209061,2.492032470218053,2.439342611344405,2.541788523340129
2018-11-01,6,unrate,3.7,3.8,3.87898599893139,3.879496547995319
2018-12-01,1,infl_yoy,2.0023809043401064,2.147328577667773,1.9594605334114212,2.000359810136831
2018-12-01,1,unrate,3.9,3.8,3.805118891116593,3.792588666748346
2018-12-01,3,infl_yoy,1.5188615351321877,2.147328577667773,2.020173965765935,2.106570097036755
2018-12-01,3,unrate,3.8,3.8,3.837728633564661,3.8514394059883164
2018-12-01,6,infl_yoy,1.7959105553606136,2.147328577667773,2.098917122934821,2.158925199099189
2018-12-01,6,unrate,3.6,3.8,3.918176475511177,3.918516341526205
2019-01-01,1,infl_yoy,1.4875893578291333,2.0023809043401064,2.066813222777091,2.0196105002945544
2019-01-01,1,unrate,4.0,3.9,3.909361296379712,3.92037660133028
2019-01-01,3,infl_yoy,1.8831863513063984,2.0023809043401064,2.1062954102822435,2.0898767591068923
2019-01-01,3,unrate,3.8,3.9,3.9775332969358286,4.000841560718416
2019-01-01,6,infl_yoy,1.671194894390049,2.0023809043401064,2.1408315076566646,2.10461990910645
2019-01-01,6,unrate,3.6,3.9,4.104857060697817,4.114453293605232
2019-02-01,1,infl_yoy,1.5188615351321877,1.4875893578291333,1.3136086235257236,1.3812625621671684
2019-02-01,1,unrate,3.8,4.0,4.027291224603746,4.064148727653526
2019-02-01,3,infl_yoy,2.000583470209061,1.4875893578291333,1.49159992054109,1.4847185068692643
2019-02-01,3,unrate,3.7,4.0,4.12679751004439,4.185209625276819
2019-02-01,6,infl_yoy,1.826331335037068,1.4875893578291333,1.7557893899914627,1.6266995027299636
2019-02-01,6,unrate,3.7,4.0,4.2939793651771625,4.326383507226501
2019-03-01,1,infl_yoy,1.8831863513063984,1.5188615351321877,1.7664218245841878,1.5766518150778093
2019-03-01,1,unrate,3.8,3.8,3.841975479461708,3.855178189704613
2019-03-01,3,infl_yoy,1.7959105553606136,1.5188615351321877,1.8636797237937797,1.716321965184075
2019-03-01,3,unrate,3.6,3.8,3.8761442943881455,3.8959138933146393
2019-03-01,6,infl_yoy,1.7376412106666406,1.5188615351321877,1.9407417481694396,1.9834873476622867
2019-03-01,6,unrate,3.6,3.8,3.954338024923613,3.904726504070614
2019-04-01,1,infl_yoy,2.000583470209061,1.8831863513063984,1.9287983033652418,2.0777284161329397
2019-04-01,1,unrate,3.7,3.8,3.813580964756695,3.826738635117277
2019-04-01,3,infl_yoy,1.671194894390049,1.8831863513063984,1.9943598212755982,2.1595523774332017
2019-04-01,3,unrate,3.6,3.8,3.8427636076010954,3.8385329995338147
2019-04-01,6,infl_yoy,1.6844977040391562,1.8831863513063984,2.094822806029797,2.2854542716793773
2019-04-01,6,unrate,3.5,3.8,3.9140908477937084,3.784151234375442
2019-05-01,1,infl_yoy,1.7959105553606136,2.000583470209061,2.103893897657976,1.9929753740534668
2019-05-01,1,unrate,3.6,3.7,3.7203629640494356,3.702422189855851
2019-05-01,3,infl_yoy,1.826331335037068,2.000583470209061,2.1348811372269285,2.2114293753949665
2019-05-01,3,unrate,3.7,3.7,3.735862290690321,3.6482748997794836
2019-05-01,6,infl_yoy,1.7339736996186297,2.000583470209061,2.1443021698580003,2.3269957101004444
2019-05-01,6,unrate,3.6,3.7,3.7905175821389623,3.582582995723444
2019-06-01,1,infl_yoy,1.671194894390049,1.7959105553606136,1.766800119530976,1.7788442532883966
2019-06-01,1,unrate,3.6,3.6,3.595087692797775,3.610100145414217
2019-06-01,3,infl_yoy,1.7376412106666406,1.7959105553606136,1.8811457644136582,2.08508297301832
2019-06-01,3,unrate,3.6,3.6,3.5748148116521823,3.5066294188229907
2019-06-01,6,infl_yoy,2.092290394862917,1.7959105553606136,2.0060013874651723,2.285360514840517
2019-06-01,6,unrate,3.6,3.6,3.5851258758167814,3.4226900658055444
2019-07-01,1,infl_yoy,1.826331335037068,1.671194894390049,1.6825428782146925,1.8080716019618412
2019-07-01,1,unrate,3.7,3.6,3.5923745761327415,3.5383416943151436
2019-07-01,3,infl_yoy,1.6844977040391562,1.671194894390049,1.8181783730437109,2.02824258107058
2019-07-01,3,unrate,3.5,3.6,3.5904071920271012,3.4564802125692937
2019-07-01,6,infl_yoy,2.3195274699624457,1.671194894390049,1.9644555428660115,2.2621391319425808
2019-07-01,6,unrate,3.6,3.6,3.62627620014704,3.3843369763155122
2019-08-01,1,infl_yoy,1.7376412106666406,1.826331335037068,1.841571403563844,1.984079129050518
2019-08-01,1,unrate,3.6,3.7,3.6977101698579915,3.6568037700261575
2019-08-01,3,infl_yoy,1.7339736996186297,1.826331335037068,1.9230933350578245,2.0938889440370145
2019-08-01,3,unrate,3.6,3.7,3.7355502077876483,3.630891757739733
2019-08-01,6,infl_yoy,2.599767976845202,1.826331335037068,2.041561124877208,2.1973771087894107
2019-08-01,6,unrate,3.6,3.7,3.8182507729065542,3.628433172247844
2019-09-01,1,infl_yoy,1.6844977040391562,1.7376412106666406,1.7004450478229367,1.7074227092157854
2019-09-01,1,unrate,3.5,3.6,3.620007292675681,3.587129000206244
2019-09-01,3,infl_yoy,2.092290394862917,1.7376412106666406,1.822678825992475,1.8901370936378399
2019-09-01,3,unrate,3.6,3.6,3.6391661611673425,3.585227705103268
2019-09-01,6,infl_yoy,2.34131667975952,1.7376412106666406,1.9606834193178075,2.0662671026453223
2019-09-01,6,unrate,3.5,3.6,3.7023293613800576,3.5576882318448257
2019-10-01,1,infl_yoy,1.7339736996186297,1.6844977040391562,1.7163298283409414,1.7387555266551655
2019-10-01,1,unrate,3.6,3.5,3.5181998598465025,3.4958147904815458
2019-10-01,3,infl_yoy,2.3195274699624457,1.6844977040391562,1.848759657675808,1.9356840532981041
2019-10-01,3,unrate,3.6,3.5,3.525283391626005,3.4714572825342866
2019-10-01,6,infl_yoy,1.4940399642909163,1.6844977040391562,1.9875995120414014,2.159858644066074
2019-10-01,6,unrate,4.4,3.5,3.573998001647191,3.4097613901309014
2019-11-01,1,infl_yoy,2.092290394862917,1.7339736996186297,1.8262579812573398,1.8603430296934118
2019-11-01,1,unrate,3.6,3.6,3.590276749713146,3.5916195324371665
2019-11-01,3,infl_yoy,2.599767976845202,1.7339736996186297,1.92567330762695,1.9900693845687343
2019-11-01,3,unrate,3.6,3.6,3.6207699531802287,3.5724231263883754
2019-11-01,6,infl_yoy,0.3130472940411133,1.7339736996186297,2.034192122317221,2.1141116429428575
2019-11-01,6,unrate,14.8,3.6,3.6986169870286316,3.566284648632011
2019-12-01,1,infl_yoy,2.3195274699624457,2.092290394862917,2.2505493564713563,2.2533258547464
2019-12-01,1,unrate,3.6,3.6,3.613317604212091,3.5865798315044377
2019-12-01,3,infl_yoy,2.34131667975952,2.092290394862917,2.2636179371470364,2.3047330420041026
2019-12-01,3,unrate,3.5,3.6,3.6566372113845658,3.557856552955643
2019-12-01,6,infl_yoy,0.1982013035848551,2.092290394862917,2.2712359486973366,2.316928847257225
2019-12-01,6,unrate,13.2,3.6,3.7516980858935938,3.555092374321435
2020-01-01,1,infl_yoy,2.599767976845202,2.3195274699624457,2.382634907306362,2.3805747505170016
2020-01-01,1,unrate,3.6,3.6,3.6209517187621274,3.5817557777071793
2020-01-01,3,infl_yoy,1.4940399642909163,2.3195274699624457,2.3523597014428526,2.391306158933819
2020-01-01,3,unrate,4.4,3.6,3.670114825739029,3.5868796373063656
2020-01-01,6,infl_yoy,0.7166562831830481,2.3195274699624457,2.322258031976081,2.3581136773937383
2020-01-01,6,unrate,11.0,3.6,3.7722305009235595,3.5753252312518695
2020-02-01,1,infl_yoy,2.34131667975952,2.599767976845202,2.6457963744527047,2.696256842079253
2020-02-01,1,unrate,3.5,3.6,3.6224073423784193,3.580182914185305
2020-02-01,3,infl_yoy,0.3130472940411133,2.599767976845202,2.5683409059808637,2.6208266903030553
2020-02-01,3,unrate,14.8,3.6,3.671630355833653,3.5794037348661276
2020-02-01,6,infl_yoy,0.9968647625897996,2.599767976845202,2.4864895565403726,2.5129659572281895
2020-02-01,6,unrate,10.2,3.6,3.772677378472459,3.59283887357286
2020-03-01,1,infl_yoy,1.4940399642909163,2.34131667975952,2.1893738390574264,2.1752184262600007
2020-03-01,1,unrate,4.4,3.5,3.5302802703045364,3.530643579732399
2020-03-01,3,infl_yoy,0.1982013035848551,2.34131667975952,2.2020185374275028,2.2190960351440214
2020-03-01,3,unrate,13.2,3.5,3.554691706630803,3.50817939283243
2020-03-01,6,infl_yoy,1.2810698495523851,2.34131667975952,2.2209302095274888,2.268732950342238
2020-03-01,6,unrate,8.4,3.5,3.624252220538567,3.515838268883233
2020-04-01,1,infl_yoy,0.3130472940411133,1.4940399642909163,1.2307839970123267,1.2838306306341098
2020-04-01,1,unrate,14.8,4.4,4.355656326620718,4.3663899224634815
2020-04-01,3,infl_yoy,0.7166562831830481,1.4940399642909163,1.4329109333914722,1.2976172569002826
2020-04-01,3,unrate,11.0,4.4,4.615395294585114,4.614260932520446
2020-04-01,6,infl_yoy,1.3910228912373812,1.4940399642909163,1.6799330074587961,1.1338553942540694
2020-04-01,6,unrate,7.8,4.4,4.990897243020371,4.999711847756666
2020-05-01,1,infl_yoy,0.1982013035848551,0.3130472940411133,0.039962276376365624,-1.4301638956437361
2020-05-01,1,unrate,13.2,14.8,26.733816612366837,26.50711507769258
2020-05-01,3,infl_yoy,0.9968647625897996,0.3130472940411133,0.5340878468842358,-8.978454880767842
2020-05-01,3,unrate,10.2,14.8,54.90261694138756,54.637096557803346
2020-05-01,6,infl_yoy,1.2303863428671624,0.3130472940411133,1.0772773375181184,-22.839279349274975
2020-05-01,6,unrate,6.9,14.8,105.36399628012718,108.56650057004398
2020-06-01,1,infl_yoy,0.7166562831830481,0.1982013035848551,0.4762457049510198,-0.9983850957017841
2020-06-01,1,unrate,11.0,13.2,12.978277971413462,13.36888840039694
2020-06-01,3,infl_yoy,1.2810698495523851,0.1982013035848551,0.9061147121722923,-0.7604309885060305
2020-06-01,3,unrate,8.4,13.2,12.556431592307362,13.245543360402797
2020-06-01,6,infl_yoy,1.1757452138405844,0.1982013035848551,1.3570581487431743,0.1754877646541575
2020-06-01,6,unrate,6.7,13.2,11.974187994686243,12.557788710565903
2020-07-01,1,infl_yoy,0.9968647625897996,0.7166562831830481,1.1013897321698145,1.0494502778047101
2020-07-01,1,unrate,10.2,11.0,11.42348701801793,11.159100679102997
2020-07-01,3,infl_yoy,1.3910228912373812,0.7166562831830481,1.3713476880034325,1.218431293631671
2020-07-01,3,unrate,7.8,11.0,11.78740503699533,11.158640730495176
2020-07-01,6,infl_yoy,1.3204191315779434,0.7166562831830481,1.6602319610581524,1.4223510015706033
2020-07-01,6,unrate,6.7,11.0,11.784707237017672,10.773143926625119
2020-08-01,1,infl_yoy,1.2810698495523851,0.9968647625897996,1.0888674925694235,1.0801771030825207
2020-08-01,1,unrate,8.4,10.2,10.145701627913054,10.387960357583356
2020-08-01,3,infl_yoy,1.2303863428671624,0.9968647625897996,1.3597822688641392,1.2035344731200297
2020-08-01,3,unrate,6.9,10.2,10.037187228677126,10.1664046907661
2020-08-01,6,infl_yoy,1.3738437137002402,0.9968647625897996,1.6500989519548857,1.4331723204894644
2020-08-01,6,unrate,6.4,10.2,9.697737279991953,9.777202072679302
2020-09-01,1,infl_yoy,1.3910228912373812,1.2810698495523851,1.5038084768039328,1.418714796517951
2020-09-01,1,unrate,7.8,8.4,8.432285779284928,8.324412877123837
2020-09-01,3,infl_yoy,1.1757452138405844,1.2810698495523851,1.686256570147911,1.5221373207659912
2020-09-01,3,unrate,6.7,8.4,8.525548790947228,8.290837436410603
2020-09-01,6,infl_yoy,1.6698167791706853,1.2810698495523851,1.8758536110131443,1.6990951954948244
2020-09-01,6,unrate,6.2,8.4,8.253633523628144,7.960033798934441
2020-10-01,1,infl_yoy,1.2303863428671624,1.3910228912373812,1.4605434587191346,1.4310912666405011
2020-10-01,1,unrate,6.9,7.8,7.96722791872023,7.897139350186957
2020-10-01,3,infl_yoy,1.3204191315779434,1.3910228912373812,1.6372777670567245,1.5463572579881393
2020-10-01,3,unrate,6.7,7.8,7.89218639826575,7.74790475018919
2020-10-01,6,infl_yoy,2.6678187820641908,1.3910228912373812,1.830997875039576,1.7267961466689987
2020-10-01,6,unrate,6.1,7.8,7.6627676582124735,7.479159486387946
2020-11-01,1,infl_yoy,1.1757452138405844,1.2303863428671624,1.2015235709043655,1.191602570385408
2020-11-01,1,unrate,6.7,6.9,6.884803361217053,6.9322269897858435
2020-11-01,3,infl_yoy,1.3738437137002402,1.2303863428671624,1.4425012812148268,1.369674611867762
2020-11-01,3,unrate,6.4,6.9,6.922202879427205,6.910762278557396
2020-11-01,6,infl_yoy,4.133077115360573,1.2303863428671624,1.7016422090905032,1.6152236921336773
2020-11-01,6,unrate,6.1,6.9,6.786432582393231,6.709828901733854
2020-12-01,1,infl_yoy,1.3204191315779434,1.1757452138405844,1.2856196274409732,1.2386341521683037
2020-12-01,1,unrate,6.7,6.7,6.785021432517112,6.761541272239765
2020-12-01,3,infl_yoy,1.6698167791706853,1.1757452138405844,1.5092503538552913,1.448129338662748
2020-12-01,3,unrate,6.2,6.7,6.72525746050607,6.651576502482227
2020-12-01,6,infl_yoy,4.918257089467626,1.1757452138405844,1.7477829802897136,1.6629151897082777
2020-12-01,6,unrate,5.8,6.7,6.613574471539168,6.498699427532374
2021-01-01,1,infl_yoy,1.3738437137002402,1.3204191315779434,1.45727592263718,1.4608263960376324
2021-01-01,1,unrate,6.4,6.7,6.6812648556634056,6.648096802204714
2021-01-01,3,infl_yoy,2.6678187820641908,1.3204191315779434,1.6400880687745207,1.6242162209986282
2021-01-01,3,unrate,6.1,6.7,6.618548150248635,6.523024866540222
2021-01-01,6,infl_yoy,5.295632620349999,1.3204191315779434,1.8349803038286616,1.7819906485044386
2021-01-01,6,unrate,5.9,6.7,6.520601542661209,6.404365901525627
2021-02-01,1,infl_yoy,1.6698167791706853,1.3738437137002402,1.436826019505105,1.4335798839459184
2021-02-01,1,unrate,6.2,6.4,6.374159897918895,6.355206656433401
2021-02-01,3,infl_yoy,4.133077115360573,1.3738437137002402,1.6200112130078037,1.57967789583282
2021-02-01,3,unrate,6.1,6.4,6.362592849933502,6.311258068913408
2021-02-01,6,infl_yoy,5.245169381309234,1.3738437137002402,1.8177365789320503,1.7606790577627613
2021-02-01,6,unrate,5.4,6.4,6.297633258244677,6.2098352420748935
2021-03-01,1,infl_yoy,2.6678187820641908,1.6698167791706853,1.8612739709005552,1.837979561431869
2021-03-01,1,unrate,6.1,6.2,6.2128600527571365,6.146611392239122
2021-03-01,3,infl_yoy,4.918257089467626,1.6698167791706853,1.9568594858988964,1.9130793073141235
2021-03-01,3,unrate,5.8,6.2,6.202722253444314,6.091753481288969
2021-03-01,6,infl_yoy,5.152015301793966,1.6698167791706853,2.053262470297081,1.9905118181617123
2021-03-01,6,unrate,5.1,6.2,6.158730612624116,6.047234787960163
2021-04-01,1,infl_yoy,4.133077115360573,2.6678187820641908,3.1017654835369726,3.0650308781814233
2021-04-01,1,unrate,6.1,6.1,6.106459909855019,5.89052120981807
2021-04-01,3,infl_yoy,5.295632620349999,2.6678187820641908,2.912844412053948,2.870467116367403
2021-04-01,3,unrate,5.9,6.1,6.098552126269904,5.829378839236316
2021-04-01,6,infl_yoy,5.351215590949132,2.6678187820641908,2.6994503718653857,2.643526906189006
2021-04-01,6,unrate,4.7,6.1,6.068335296263581,5.899835944773292
2021-05-01,1,infl_yoy,4.918257089467626,4.133077115360573,4.5599795693664245,4.556122241008566
2021-05-01,1,unrate,5.8,6.1,6.103250554274164,5.780822937976687
2021-05-01,3,infl_yoy,5.245169381309234,4.133077115360573,4.025217021935142,3.9976332325390755
2021-05-01,3,unrate,5.4,6.1,6.082887219741984,5.754598556524476
2021-05-01,6,infl_yoy,6.235042390298062,4.133077115360573,3.4434204956004852,3.4078294388975388
2021-05-01,6,unrate,4.5,6.1,6.054831826304917,5.918820786822759
2021-06-01,1,infl_yoy,5.295632620349999,4.918257089467626,4.864097779576463,4.870555849212466
2021-06-01,1,unrate,5.9,5.8,5.791368004794419,5.618801670012451
2021-06-01,3,infl_yoy,5.152015301793966,4.918257089467626,4.24510426932287,4.1719333503830125
2021-06-01,3,unrate,5.1,5.8,5.835078674825747,5.75925504071033
2021-06-01,6,infl_yoy,6.901970403700863,4.918257089467626,3.585321253430977,3.564486114583425
2021-06-01,6,unrate,4.1,5.8,5.8399089087519584,5.908100561015631
2021-07-01,1,infl_yoy,5.245169381309234,5.295632620349999,5.169737965787475,5.139179106379344
2021-07-01,1,unrate,5.4,5.9,5.941355770575225,5.848970987137138
2021-07-01,3,infl_yoy,5.351215590949132,5.295632620349999,4.518069826701454,4.4519662401248254
2021-07-01,3,unrate,4.7,5.9,5.921834156736869,5.943882961583617
2021-07-01,6,infl_yoy,7.174340285065539,5.295632620349999,3.8028476799912516,3.7638005471205513
2021-07-01,6,unrate,3.9,5.9,5.9150076231643425,6.078043481018907
2021-08-01,1,infl_yoy,5.152015301793966,5.245169381309234,4.977601003926375,4.9425785624586505
2021-08-01,1,unrate,5.1,5.4,5.386096326545423,5.404439692694837
2021-08-01,3,infl_yoy,6.235042390298062,5.245169381309234,4.353161046163217,4.304381768120009
2021-08-01,3,unrate,4.5,5.4,5.49430948149515,5.6178521521674565
2021-08-01,6,infl_yoy,7.558805726967832,5.245169381309234,3.6824100879209243,3.6871532483298797
2021-08-01,6,unrate,4.0,5.4,5.544316825460054,5.760849503084362
2021-09-01,1,infl_yoy,5.351215590949132,5.152015301793966,4.885417005023911,4.9027459773332485
2021-09-01,1,unrate,4.7,5.1,5.191073797503293,5.190771509519454
2021-09-01,3,infl_yoy,6.901970403700863,5.152015301793966,4.307484835154436,4.32780335113117
2021-09-01,3,unrate,4.1,5.1,5.28680574911086,5.369779734107881
2021-09-01,6,infl_yoy,7.937278766517819,5.152015301793966,3.6720168193916085,3.71608240211218
2021-09-01,6,unrate,3.9,5.1,5.364146206731336,5.537267270050855
2021-10-01,1,infl_yoy,6.235042390298062,5.351215590949132,5.294351935740833,5.257692625160849
2021-10-01,1,unrate,4.5,4.7,4.767888148384966,4.717851289436139
2021-10-01,3,infl_yoy,7.174340285065539,5.351215590949132,4.65054797633065,4.665384143376583
2021-10-01,3,unrate,3.9,4.7,4.925030027310532,4.903251995809476
2021-10-01,6,infl_yoy,8.572204966013853,5.351215590949132,3.933520395329413,3.9756459034737226
2021-10-01,6,unrate,3.7,4.7,5.050298087890017,5.130582689442809
2021-11-01,1,infl_yoy,6.901970403700863,6.235042390298062,6.386275143425411,6.412998991355854
2021-11-01,1,unrate,4.1,4.5,4.6109641503314025,4.388309226944973
2021-11-01,3,infl_yoy,7.558805726967832,6.235042390298062,5.583277635135871,5.677741652114639
2021-11-01,3,unrate,4.0,4.5,4.756097478092652,4.521633138938249
2021-11-01,6,infl_yoy,8.231750770777225,6.235042390298062,4.661180280312195,4.766078585527678
2021-11-01,6,unrate,3.7,4.5,4.903130131221605,4.827880181067027
2021-12-01,1,infl_yoy,7.174340285065539,6.901970403700863,6.817507043254463,6.828395909260172
2021-12-01,1,unrate,3.9,4.1,4.190291456200488,4.012900995881768
2021-12-01,3,infl_yoy,7.937278766517819,6.901970403700863,5.953324552196761,5.973909970716032
2021-12-01,3,unrate,3.9,4.1,4.399473781085309,4.252202681913786
2021-12-01,6,infl_yoy,8.538171195642065,6.901970403700863,4.962445728591198,5.060869050212205
2021-12-01,6,unrate,3.6,4.1,4.592332470345257,4.563798197587966
2022-01-01,1,infl_yoy,7.558805726967832,7.174340285065539,6.9141155395339515,6.932347530278372
2022-01-01,1,unrate,4.0,3.9,4.037066478796024,3.921337979027318
2022-01-01,3,infl_yoy,8.572204966013853,7.174340285065539,6.083589633774001,6.099847382270007
2022-01-01,3,unrate,3.7,3.9,4.233670923210104,4.167252550831611
2022-01-01,6,infl_yoy,8.979361103105798,7.174340285065539,5.111282050403278,5.209648987852717
2022-01-01,6,unrate,3.6,3.9,4.4464993358297935,4.468725686315385
2022-02-01,1,infl_yoy,7.937278766517819,7.558805726967832,7.497113075212378,7.453425371784322
2022-02-01,1,unrate,3.9,4.0,4.118055277630463,3.9762865579938236
2022-02-01,3,infl_yoy,8.231750770777225,7.558805726967832,6.6519939529200185,6.670919794406427
2022-02-01,3,unrate,3.7,4.0,4.278360938979608,4.145585161956433
2022-02-01,6,infl_yoy,8.462576727730099,7.558805726967832,5.632690295092991,5.725163826104085
2022-02-01,6,unrate,3.5,4.0,4.4844685603187475,4.45262768498924
2022-03-01,1,infl_yoy,8.572204966013853,7.937278766517819,7.872961379520069,7.816810027623937
2022-03-01,1,unrate,3.7,3.9,3.9835317651165374,3.8407623129451536
2022-03-01,3,infl_yoy,8.538171195642065,7.937278766517819,7.196488822436648,7.038779816734139
2022-03-01,3,unrate,3.6,3.9,4.174549655840541,4.034103063998751
2022-03-01,6,infl_yoy,8.222579178218826,7.937278766517819,6.3128597695246045,6.107821617983012
2022-03-01,6,unrate,3.6,3.9,4.392036415609319,4.330411517848838
2022-04-01,1,infl_yoy,8.231750770777225,8.572204966013853,8.592742121481997,8.600863435324754
2022-04-01,1,unrate,3.7,3.7,3.809647632832961,3.5994022107112453
2022-04-01,3,infl_yoy,8.979361103105798,8.572204966013853,7.780052631658938,7.860107779414863
2022-04-01,3,unrate,3.6,3.7,4.021208918009417,3.7582121389401326
2022-04-01,6,infl_yoy,8.192106896425821,8.572204966013853,6.742156119725109,6.921056937486524
2022-04-01,6,unrate,3.5,3.7,4.255433785080718,4.051955202095192
2022-05-01,1,infl_yoy,8.538171195642065,8.231750770777225,7.672293386422595,7.697571051478025
2022-05-01,1,unrate,3.6,3.7,3.82485146204555,3.8287259338240114
2022-05-01,3,infl_yoy,8.462576727730099,8.231750770777225,6.8728854981501755,6.925658904223238
2022-05-01,3,unrate,3.5,3.7,4.01428357704755,4.092613977927167
2022-05-01,6,infl_yoy,7.758813957693,8.231750770777225,5.919434520745135,6.132211172534723
2022-05-01,6,unrate,3.6,3.7,4.247722760192058,4.336954521886261
2022-06-01,1,infl_yoy,8.979361103105798,8.538171195642065,8.524630233502705,8.542936483097051
2022-06-01,1,unrate,3.6,3.6,3.702330156746274,3.559648811521257
2022-06-01,3,infl_yoy,8.222579178218826,8.538171195642065,7.824200569917136,7.948732493926534
2022-06-01,3,unrate,3.6,3.6,3.913296839023205,3.682616854990963
2022-06-01,6,infl_yoy,7.122856456533988,8.538171195642065,6.792561582675071,7.1027512155270145
2022-06-01,6,unrate,3.6,3.6,4.156782223262323,3.9425336785958316
2022-07-01,1,infl_yoy,8.462576727730099,8.979361103105798,8.921171439544826,8.953079933108679
2022-07-01,1,unrate,3.5,3.6,3.720924089776638,3.54007664728986
2022-07-01,3,infl_yoy,8.192106896425821,8.979361103105798,8.19767595831239,8.335169675078111
2022-07-01,3,unrate,3.5,3.6,3.9151641183806,3.661839775661976
2022-07-01,6,infl_yoy,6.404600402357152,8.979361103105798,7.198580274358466,7.549733013127822
2022-07-01,6,unrate,3.5,3.6,4.156578317610648,3.9050143193287754
2022-08-01,1,infl_yoy,8.222579178218826,8.462576727730099,7.869543538726566,7.913621530096412
2022-08-01,1,unrate,3.6,3.5,3.604213955187989,3.636310519304825
2022-08-01,3,infl_yoy,7.758813957693,8.462576727730099,7.107451784869414,7.268933875363931
2022-08-01,3,unrate,3.6,3.5,3.819653050939879,3.891090083564213
2022-08-01,6,infl_yoy,6.327178517960097,8.462576727730099,6.228108480484698,6.586620225215293
2022-08-01,6,unrate,3.5,3.5,4.070112272402403,4.097627389802945
2022-09-01,1,infl_yoy,8.192106896425821,8.222579178218826,7.990670822174622,8.007610495214019
2022-09-01,1,unrate,3.5,3.6,3.7234674476302803,3.6894055652541633
2022-09-01,3,infl_yoy,7.122856456533988,8.222579178218826,7.362063879063376,7.513081527492904
2022-09-01,3,unrate,3.6,3.6,3.9035561584678966,3.8208374515648194
2022-09-01,6,infl_yoy,5.957820738137087,8.222579178218826,6.507905408653585,6.82085529566862
2022-09-01,6,unrate,3.6,3.6,4.142519166300734,4.03412543415158
2022-10-01,1,infl_yoy,7.758813957693,8.192106896425821,7.994001514658933,8.046915507475202
2022-10-01,1,unrate,3.6,3.5,3.590896930627148,3.5183390236070844
2022-10-01,3,infl_yoy,6.404600402357152,8.192106896425821,7.3760201876243325,7.555617058884021
2022-10-01,3,unrate,3.5,3.5,3.8045824341537995,3.658738399126459
2022-10-01,6,infl_yoy,4.917719362889961,8.192106896425821,6.553533380228648,6.89190925914477
2022-10-01,6,unrate,3.5,3.5,4.0526626542138295,3.865964557918868
2022-11-01,1,infl_yoy,7.122856456533988,7.758813957693,7.3281827775326,7.37342527500757
2022-11-01,1,unrate,3.6,3.6,3.7228591355570178,3.7306670837546365
2022-11-01,3,infl_yoy,6.327178517960097,7.758813957693,6.718838164808938,6.87722489064347
2022-11-01,3,unrate,3.5,3.6,3.898684933658797,3.9033558070701657
2022-11-01,6,infl_yoy,4.950079879124369,7.758813957693,5.980459726536771,6.283599974453615
2022-11-01,6,unrate,3.4,3.6,4.134406145041318,4.092753287396746
2022-12-01,1,infl_yoy,6.404600402357152,7.122856456533988,6.68593572767533,6.718444285422193
2022-12-01,1,unrate,3.5,3.6,3.6886205692910092,3.754600978745718
2022-12-01,3,infl_yoy,5.957820738137087,7.122856456533988,6.1388528697008224,6.296981151436316
2022-12-01,3,unrate,3.6,3.6,3.880679908673528,3.9396500014361817
2022-12-01,6,infl_yoy,4.131851231385042,7.122856456533988,5.480052200967046,5.761535828694495
2022-12-01,6,unrate,3.6,3.6,4.116574688476315,4.1236383993003125
2023-01-01,1,infl_yoy,6.327178517960097,6.404600402357152,5.963403833334617,6.006387010851383
2023-01-01,1,unrate,3.5,3.5,3.604353114319184,3.6867630777880276
2023-01-01,3,infl_yoy,4.917719362889961,6.404600402357152,5.479666159756484,5.648003433928319
2023-01-01,3,unrate,3.5,3.5,3.8088108833960725,3.886500857263269
2023-01-01,6,infl_yoy,3.070617072997095,6.404600402357152,4.919362136374949,5.183312640863579
2023-01-01,6,unrate,3.6,3.5,4.050595821552268,4.076113329560904
2023-02-01,1,infl_yoy,5.957820738137087,6.327178517960097,6.243987125900551,6.28343980763006
2023-02-01,1,unrate,3.6,3.5,3.615249496065193,3.565110653003577
2023-02-01,3,infl_yoy,4.950079879124369,6.327178517960097,5.818824900288607,5.962963640214931
2023-02-01,3,unrate,3.4,3.5,3.807886244109428,3.6803988531242227
2023-02-01,6,infl_yoy,3.287749268428297,6.327178517960097,5.222056105546472,5.4484192037832955
2023-02-01,6,unrate,3.5,3.5,4.0478864017942,3.895183665370233
2023-03-01,1,infl_yoy,4.917719362889961,5.957820738137087,5.616667316720704,5.661341118463712
2023-03-01,1,unrate,3.5,3.6,3.7047536956672413,3.722466484156645
2023-03-01,3,infl_yoy,4.131851231385042,5.957820738137087,5.185458039731517,5.3092756557863945
2023-03-01,3,unrate,3.6,3.6,3.8791787647316274,3.8904920745819958
2023-03-01,6,infl_yoy,3.722504803505289,5.957820738137087,4.690035628210606,4.894756122541938
2023-03-01,6,unrate,3.7,3.6,4.109580550979748,4.084780282185312
2023-04-01,1,infl_yoy,4.950079879124369,4.917719362889961,4.4968908927018685,4.355135969885473
2023-04-01,1,unrate,3.4,3.5,3.5886845278944492,3.761236328267188
2023-04-01,3,infl_yoy,3.070617072997095,4.917719362889961,4.276097283408808,4.1103827526543135
2023-04-01,3,unrate,3.6,3.5,3.792046188402538,4.019207615960583
2023-04-01,6,infl_yoy,3.687206638119256,4.917719362889961,3.9832996812503008,3.8883729016796336
2023-04-01,6,unrate,3.7,3.5,4.03001071339831,4.199944040801689
2023-05-01,1,infl_yoy,4.131851231385042,4.950079879124369,5.115483070675485,5.0538246378803375
2023-05-01,1,unrate,3.6,3.4,3.5150455971685615,3.465263688572076
2023-05-01,3,infl_yoy,3.287749268428297,4.950079879124369,5.093214975582078,4.879205726744079
2023-05-01,3,unrate,3.5,3.4,3.7205513648079855,3.590344444051685
2023-05-01,6,infl_yoy,3.2512659098611785,4.950079879124369,4.99758468388381,4.495902154699152
2023-05-01,6,unrate,3.9,3.4,3.9641981124529324,3.831001284137248
2023-06-01,1,infl_yoy,3.070617072997095,4.131851231385042,3.6025321578245775,3.65773557431948
2023-06-01,1,unrate,3.6,3.6,3.7171878306696335,3.8490415197648025
2023-06-01,3,infl_yoy,3.722504803505289,4.131851231385042,3.360550751865474,3.457542054128832
2023-06-01,3,unrate,3.7,3.6,3.875048812224838,4.072699988104155
2023-06-01,6,infl_yoy,3.133346274591186,4.131851231385042,3.1952152713518824,3.3287845248116428
2023-06-01,6,unrate,3.7,3.6,4.100327427706327,4.26549659626904
2023-07-01,1,infl_yoy,3.287749268428297,3.070617072997095,2.642487915320959,2.6381127760628815
2023-07-01,1,unrate,3.5,3.6,3.674738404587655,3.8749528711725065
2023-07-01,3,infl_yoy,3.687206638119256,3.070617072997095,2.5688514996213,2.607918822990744
2023-07-01,3,unrate,3.7,3.6,3.8577102479311995,4.1247901528889255
2023-07-01,6,infl_yoy,3.3159099427102934,3.070617072997095,2.5560078178586916,2.6266385750756123
2023-07-01,6,unrate,3.8,3.6,4.08311821787499,4.320311058483558
2023-08-01,1,infl_yoy,3.722504803505289,3.287749268428297,3.5208238157270255,3.531505940239555
2023-08-01,1,unrate,3.7,3.5,3.599441918084254,3.5506781523075484
2023-08-01,3,infl_yoy,3.2512659098611785,3.287749268428297,3.4413993298277745,3.5226050422939794
2023-08-01,3,unrate,3.9,3.5,3.793228200188334,3.68510179546011
2023-08-01,6,infl_yoy,3.0883429864855705,3.287749268428297,3.262102234292342,3.3350117198649256
2023-08-01,6,unrate,3.7,3.5,4.023637290178642,3.9424473049649436
2023-09-01,1,infl_yoy,3.687206638119256,3.722504803505289,3.8082941151058316,3.856629388765089
2023-09-01,1,unrate,3.7,3.7,3.810450930306474,3.716416633415475
2023-09-01,3,infl_yoy,3.133346274591186,3.722504803505289,3.6534155871309717,3.707341981003953
2023-09-01,3,unrate,3.7,3.7,3.9557681621668084,3.833109037672626
2023-09-01,6,infl_yoy,3.157074141648697,3.722504803505289,3.433957916435513,3.496059937007226
2023-09-01,6,unrate,3.9,3.7,4.167174498699332,4.070547488635062
2023-10-01,1,infl_yoy,3.2512659098611785,3.687206638119256,3.5596354549197877,3.5565213744363624
2023-10-01,1,unrate,3.9,3.7,3.767431902039159,3.7673454827054753
2023-10-01,3,infl_yoy,3.3159099427102934,3.687206638119256,3.408883293462451,3.393406187919882
2023-10-01,3,unrate,3.8,3.7,3.9391996049956206,3.9598323352110634
2023-10-01,6,infl_yoy,3.4868349120836584,3.687206638119256,3.2365157501056117,3.256988231417629
2023-10-01,6,unrate,3.9,3.7,4.150860302309258,4.173246983357478
2023-11-01,1,infl_yoy,3.133346274591186,3.2512659098611785,2.980027555011279,3.010985208031178
2023-11-01,1,unrate,3.7,3.9,3.995414443418071,4.061864876045739
2023-11-01,3,infl_yoy,3.0883429864855705,3.2512659098611785,3.063073919778218,2.9353994565744443
2023-11-01,3,unrate,3.7,3.9,4.121299998621076,4.23096188461731
2023-11-01,6,infl_yoy,3.3607951262196734,3.2512659098611785,3.050426454773689,2.8849534746167573
2023-11-01,6,unrate,3.9,3.9,4.31194348471715,4.413673290310556
2023-12-01,1,infl_yoy,3.3159099427102934,3.133346274591186,3.3811189291148205,3.124136285723097
2023-12-01,1,unrate,3.8,3.7,3.754645215168742,3.785990404079118
2023-12-01,3,infl_yoy,3.157074141648697,3.133346274591186,3.268579435380427,3.0876412226984553
2023-12-01,3,unrate,3.9,3.7,3.946797808289384,3.971493068849813
2023-12-01,6,infl_yoy,3.244278584003113,3.133346274591186,3.295486981494989,2.994348402134899
2023-12-01,6,unrate,3.9,3.7,4.15500404563776,4.187331906974493
2024-01-01,1,infl_yoy,3.0883429864855705,3.3159099427102934,3.174031127144042,3.3936321613418716
2024-01-01,1,unrate,3.7,3.8,3.916475131454386,3.8710177525445757
2024-01-01,3,infl_yoy,3.4868349120836584,3.3159099427102934,3.2326830699853275,3.3128653413803018
2024-01-01,3,unrate,3.9,3.8,4.056346007879665,3.9970876779252063
2024-01-01,6,infl_yoy,2.9702579486470926,3.3159099427102934,3.166492002616155,3.1746597069425078
2024-01-01,6,unrate,4.1,3.8,4.251420391272684,4.212193698096729
2024-02-01,1,infl_yoy,3.157074141648697,3.0883429864855705,3.0582044927040983,2.9250549756981674
2024-02-01,1,unrate,3.9,3.7,3.7677208287810586,3.819808507773712
2024-02-01,3,infl_yoy,3.3607951262196734,3.0883429864855705,3.045258893081745,2.8490092060789163
2024-02-01,3,unrate,3.9,3.7,3.9478855659900933,4.03134813233034
2024-02-01,6,infl_yoy,2.9414757935583014,3.0883429864855705,3.0626787076810076,2.8096046649378237
2024-02-01,6,unrate,4.2,3.7,4.153483338921218,4.238088971501606
2024-03-01,1,infl_yoy,3.4868349120836584,3.157074141648697,3.2185805555589977,3.20222567369756
2024-03-01,1,unrate,3.9,3.9,4.005869174291914,3.979907559355778
2024-03-01,3,infl_yoy,3.244278584003113,3.157074141648697,3.146850530072181,3.150595134767386
2024-03-01,3,unrate,3.9,3.9,4.1274431457014,4.094221661758355
2024-03-01,6,infl_yoy,2.607144490692037,3.157074141648697,3.0259558713227275,3.043208826369529
2024-03-01,6,unrate,4.2,3.9,4.312456003301154,4.296939039736492
2024-04-01,1,infl_yoy,3.3607951262196734,3.4868349120836584,3.5056187816893867,3.604159466921093
2024-04-01,1,unrate,3.9,3.9,3.953685702959324,3.8926566905189826
2024-04-01,3,infl_yoy,2.9702579486470926,3.4868349120836584,3.4829190458827037,3.4902264400377057
2024-04-01,3,unrate,4.1,3.9,4.105658719553519,4.018486721685538
2024-04-01,6,infl_yoy,2.4264830315416708,3.4868349120836584,3.4905711797033314,3.3207201151144328
2024-04-01,6,unrate,4.1,3.9,4.2919228007190915,4.224921566570417
2024-05-01,1,infl_yoy,3.244278584003113,3.3607951262196734,3.3009011251854443,3.2128038369016303
2024-05-01,1,unrate,3.9,3.9,3.9838715654555017,3.9981560720562737
2024-05-01,3,infl_yoy,2.9414757935583014,3.3607951262196734,3.32313738510522,3.096784092633146
2024-05-01,3,unrate,4.2,3.9,4.126770785264911,4.172144622894283
2024-05-01,6,infl_yoy,2.578844053871343,3.3607951262196734,3.279537819019636,3.0155627221287533
2024-05-01,6,unrate,4.1,3.9,4.309578027821438,4.355390635844509
2024-06-01,1,infl_yoy,2.9702579486470926,3.244278584003113,3.203684166746346,3.1800707215083235
2024-06-01,1,unrate,4.1,3.9,3.975944781976424,3.9964778939208094
2024-06-01,3,infl_yoy,2.607144490692037,3.244278584003113,3.201620749686607,3.111829642130152
2024-06-01,3,unrate,4.2,3.9,4.122134916934955,4.148913981620513
2024-06-01,6,infl_yoy,2.719472461284833,3.244278584003113,3.203407503302051,3.0220074016831076
2024-06-01,6,unrate,4.2,3.9,4.304371096608963,4.335883045455577
2024-07-01,1,infl_yoy,2.9414757935583014,2.9702579486470926,2.9098165870058117,2.8366840253012446
2024-07-01,1,unrate,4.2,4.1,4.18034010654304,4.2243720125342135
2024-07-01,3,infl_yoy,2.4264830315416708,2.9702579486470926,2.9309987182702115,2.801982759730378
2024-07-01,3,unrate,4.1,4.1,4.286640018958892,4.3566957814901395
2024-07-01,6,infl_yoy,2.870690967509981,2.9702579486470926,2.8821206161600164,2.76972352970812
2024-07-01,6,unrate,4.1,4.1,4.449913759879738,4.521773968716033
2024-08-01,1,infl_yoy,2.607144490692037,2.9414757935583014,2.91642269291969,2.957798749670723
2024-08-01,1,unrate,4.2,4.2,4.2468926823501585,4.253084618393676
2024-08-01,3,infl_yoy,2.578844053871343,2.9414757935583014,2.9062999111296572,2.9354159623172658
2024-08-01,3,unrate,4.1,4.2,4.359514674611405,4.362323227649438
2024-08-01,6,infl_yoy,2.9909783078999608,2.9414757935583014,2.9089736873051777,2.868196616568101
2024-08-01,6,unrate,4.0,4.2,4.513871978449617,4.528482187101722
2024-09-01,1,infl_yoy,2.4264830315416708,2.607144490692037,2.424301395115819,2.4452774843725336
2024-09-01,1,unrate,4.1,4.2,4.256197152899498,4.323506594023376
2024-09-01,3,infl_yoy,2.719472461284833,2.607144490692037,2.407374863142108,2.4431487280453847
2024-09-01,3,unrate,4.2,4.2,4.3751521978515315,4.483502115884936
2024-09-01,6,infl_yoy,2.8015834477613355,2.607144490692037,2.4306497648068164,2.4746314806575658
2024-09-01,6,unrate,4.2,4.2,4.5269453182066215,4.6354190902382
2024-10-01,1,infl_yoy,2.578844053871343,2.4264830315416708,2.4015858334613793,2.3961205872268394
2024-10-01,1,unrate,4.1,4.1,4.163114236925937,4.211179540832058
2024-10-01,3,infl_yoy,2.870690967509981,2.4264830315416708,2.4186900865308667,2.4346454276635248
2024-10-01,3,unrate,4.1,4.1,4.301146356974541,4.3640138332125415
2024-10-01,6,infl_yoy,2.381981462805549,2.4264830315416708,2.4397144324330773,2.45744819567556
2024-10-01,6,unrate,4.2,4.1,4.460326695700263,4.534130537087632
2024-11-01,1,infl_yoy,2.719472461284833,2.578844053871343,2.671075618379227,2.681084475374886
2024-11-01,1,unrate,4.2,4.1,4.179857567943823,4.160886041028993
2024-11-01,3,infl_yoy,2.9909783078999608,2.578844053871343,2.667245317925984,2.6889046665526517
2024-11-01,3,unrate,4.0,4.1,4.305322219912057,4.278876043707235
2024-11-01,6,infl_yoy,2.32538823025783,2.578844053871343,2.6402578030211847,2.6571054919871573
2024-11-01,6,unrate,4.2,4.1,4.463232218882917,4.461199077558563
2024-12-01,1,infl_yoy,2.870690967509981,2.719472461284833,2.748888287475928,2.756995472857912
2024-12-01,1,unrate,4.1,4.2,4.268043093868119,4.247936553205795
2024-12-01,3,infl_yoy,2.8015834477613355,2.719472461284833,2.7234582176783912,2.7254411836336967
2024-12-01,3,unrate,4.2,4.2,4.376670525249678,4.3624334303250665
2024-12-01,6,infl_yoy,2.3772651073680877,2.719472461284833,2.6856989391605617,2.6921046612988957
2024-12-01,6,unrate,4.3,4.2,4.525905117506472,4.53193043663657
2025-01-01,1,infl_yoy,2.9909783078999608,2.870690967509981,2.9172637212210146,2.910933521886416
2025-01-01,1,unrate,4.0,4.1,4.153718444604929,4.1331939450500865
2025-01-01,3,infl_yoy,2.381981462805549,2.870690967509981,2.8757891511468037,2.8616269996227732
2025-01-01,3,unrate,4.2,4.1,4.292145121083826,4.273601829299134
2025-01-01,6,infl_yoy,2.680453865910226,2.870690967509981,2.8087535342804992,2.8055069694730372
2025-01-01,6,unrate,4.1,4.1,4.449927955752425,4.448728689494937
2025-02-01,1,infl_yoy,2.8015834477613355,2.9909783078999608,3.010170575386398,3.008087040349699
2025-02-01,1,unrate,4.2,4.0,4.080483711411531,4.0609919787405975
2025-02-01,3,infl_yoy,2.32538823025783,2.9909783078999608,2.9521679192683923,2.944411572978591
2025-02-01,3,unrate,4.2,4.0,4.222177150330547,4.207051968518446
2025-02-01,6,infl_yoy,2.742618052167134,2.9909783078999608,2.870614123708064,2.8766989412214814
2025-02-01,6,unrate,4.3,4.0,4.386794097733638,4.38697425683173
2025-03-01,1,infl_yoy,2.381981462805549,2.8015834477613355,2.676790672284787,2.6774656981108746
2025-03-01,1,unrate,4.2,4.2,4.2822316111045025,4.315859602110462
2025-03-01,3,infl_yoy,2.3772651073680877,2.8015834477613355,2.6389456779717233,2.6435259465503895
2025-03-01,3,unrate,4.3,4.2,4.376554331813994,4.440320435692339
2025-03-01,6,infl_yoy,2.9385917430316155,2.8015834477613355,2.618051022350562,2.638233951386793
2025-03-01,6,unrate,4.3,4.2,4.523408025742396,4.5925981070639175
2025-04-01,1,infl_yoy,2.32538823025783,2.381981462805549,2.212879617387354,2.21368408170857
2025-04-01,1,unrate,4.2,4.2,4.240612889174083,4.329639834034622
2025-04-01,3,infl_yoy,2.680453865910226,2.381981462805549,2.2297839641755486,2.2519223930488717
2025-04-01,3,unrate,4.1,4.2,4.360902188885589,4.490098766206871
2025-04-01,6,infl_yoy,3.022571584713329,2.381981462805549,2.288216804082312,2.317983594570577
2025-04-01,6,unrate,4.4,4.2,4.508751784850512,4.637677948578294
2025-05-01,1,infl_yoy,2.3772651073680877,2.32538823025783,2.372815432504331,2.374677867876547
2025-05-01,1,unrate,4.3,4.2,4.266371880895898,4.285692622571598
2025-05-01,3,infl_yoy,2.742618052167134,2.32538823025783,2.403863716527264,2.4321222250159114
2025-05-01,3,unrate,4.3,4.2,4.379382550797395,4.402508423081876
2025-05-01,6,infl_yoy,2.6964439164939518,2.32538823025783,2.4283628066216703,2.449257725063395
2025-05-01,6,unrate,4.5,4.2,4.524469185970755,4.5659010197231185
2025-06-01,1,infl_yoy,2.680453865910226,2.3772651073680877,2.400939106063778,2.4184527222043193
2025-06-01,1,unrate,4.1,4.3,4.360341806449961,4.36322070415313
2025-06-01,3,infl_yoy,2.9385917430316155,2.3772651073680877,2.418707579764444,2.442472931166124
2025-06-01,3,unrate,4.3,4.3,4.457176220053664,4.4684298819707235
2025-06-01,6,infl_yoy,2.653304114557753,2.3772651073680877,2.440260924098186,2.4578140046660306
2025-06-01,6,unrate,4.4,4.3,4.5930085135468355,4.624597107369165
2025-07-01,1,infl_yoy,2.742618052167134,2.680453865910226,2.8217449823674974,2.818061049571397
2025-07-01,1,unrate,4.3,4.1,4.146624265850672,4.106015029153424
2025-07-01,3,infl_yoy,3.022571584713329,2.680453865910226,2.8070707711696223,2.7939841388169357
2025-07-01,3,unrate,4.4,4.1,4.293173368978418,4.239735617285024
2025-07-01,6,infl_yoy,2.391201432150014,2.680453865910226,2.753229640638997,2.7418943027789875
2025-07-01,6,unrate,4.3,4.1,4.446313050122793,4.418427906128933
2025-08-01,1,infl_yoy,2.9385917430316155,2.742618052167134,2.711483434176898,2.713881527179088
2025-08-01,1,unrate,4.3,4.3,4.391249864891792,4.3765202567770505
2025-08-01,3,infl_yoy,2.6964439164939518,2.742618052167134,2.680079334349292,2.6696820258236307
2025-08-01,3,unrate,4.5,4.3,4.470880258373403,4.477475714918566
2025-08-01,6,infl_yoy,2.4340041103732224,2.742618052167134,2.6510694089332305,2.6515484316272264
2025-08-01,6,unrate,4.4,4.3,4.603824463411688,4.625875075051787
2025-09-01,1,infl_yoy,3.022571584713329,2.9385917430316155,3.002322828416337,3.0114916772633578
2025-09-01,1,unrate,4.4,4.3,4.331140955140327,4.303458779759389
2025-09-01,3,infl_yoy,2.653304114557753,2.9385917430316155,2.956034967941688,2.9609179136743116
2025-09-01,3,unrate,4.4,4.3,4.4433175180251405,4.40492554701823
2025-11-01,1,infl_yoy,2.6964439164939518,3.022571584713329,3.0318668427611293,3.0132510193614475
2025-11-01,1,unrate,4.5,4.4,4.463048903697308,4.439047928062237
2025-11-01,3,infl_yoy,2.391201432150014,3.022571584713329,3.0253400119657665,2.9444775242127177
2025-11-01,3,unrate,4.3,4.4,4.546305493875811,4.532277074574305
2025-12-01,1,infl_yoy,2.653304114557753,2.6964439164939518,2.484795138722741,2.5165921268720886
2025-12-01,1,unrate,4.4,4.5,4.53839308497524,4.6024081288760055
2025-12-01,3,infl_yoy,2.4340041103732224,2.6964439164939518,2.558371323159628,2.4987766769637707
2025-12-01,3,unrate,4.4,4.5,4.619228625434658,4.721677141443166
2026-01-01,1,infl_yoy,2.391201432150014,2.653304114557753,2.6896855706555938,2.6820675919303874
2026-01-01,1,unrate,4.3,4.4,4.438777650983948,4.453663012108455
2026-02-01,1,infl_yoy,2.4340041103732224,2.391201432150014,2.253279694320836,2.2751025636744506
2026-02-01,1,unrate,4.4,4.3,4.363646980452457,4.422730056406139
