date,horizon,target,actual,ridge,lasso,rf,xgb
2000-01-01,1,infl_yoy,2.792956891317555,2.7227321632553565,2.7510963059955595,2.7003950283818203,2.7525594234466553
2000-01-01,1,unrate,4.0,3.82857283213465,4.056713199083648,4.256714391963386,4.123231410980225
2000-01-01,3,infl_yoy,3.762135922330101,3.0656807762199154,2.807074024892434,2.8457673824222898,3.122678756713867
2000-01-01,3,unrate,4.0,3.9419388179439174,3.9695568320076413,4.327568225483667,4.25211238861084
2000-01-01,6,infl_yoy,3.7349397590361377,2.93994972701499,2.7813005783703204,2.8954290511748484,3.0827548503875732
2000-01-01,6,unrate,4.0,3.957490596453967,3.877645774795819,4.262827757394823,4.18707799911499
2000-02-01,1,infl_yoy,3.217972070431085,3.166021740700088,3.1923906281467858,3.0910471787537745,3.1065921783447266
2000-02-01,1,unrate,4.1,4.0710850227586075,4.108019903475973,4.530272946253094,4.304193496704102
2000-02-01,3,infl_yoy,3.013863773357439,3.1891785652337745,2.99662044607545,2.8733377366073456,2.938778877258301
2000-02-01,3,unrate,3.8,3.866345263299876,4.047485172327676,4.24425478394155,4.129430770874023
2000-02-01,6,infl_yoy,3.5992801439711952,3.1918990121036788,2.8976931427921233,3.078760995086741,3.23571515083313
2000-02-01,6,unrate,4.0,4.0513502678912126,4.049953744982192,4.198925617274884,4.058272361755371
2000-03-01,1,infl_yoy,3.762135922330101,3.3424326642736935,3.3531124148305875,3.1589892874894825,3.1673624515533447
2000-03-01,1,unrate,4.0,3.91094968519405,3.9935492170299787,4.4255628567510925,4.245632171630859
2000-03-01,3,infl_yoy,3.1325301204819134,3.2148160854917958,3.0117306109786286,2.83514363393562,2.879225254058838
2000-03-01,3,unrate,4.0,3.9531922344235246,3.9790129690437133,4.330282873090962,4.210172653198242
2000-03-01,6,infl_yoy,3.3512866546977715,2.8954935013922802,2.8959338605794662,2.773820893887119,2.9283132553100586
2000-03-01,6,unrate,4.1,4.049332526929002,4.007645081912017,4.202661383306238,4.191659927368164
2000-04-01,1,infl_yoy,3.013863773357439,2.6638605945619154,2.75389405209815,3.0252638258370315,2.9115772247314453
2000-04-01,1,unrate,3.8,3.9393317903712273,3.9040527220825583,4.320979416416917,4.106361389160156
2000-04-01,3,infl_yoy,3.7349397590361377,2.962729556132499,2.7472871714874874,2.8940619939599164,2.992232322692871
2000-04-01,3,unrate,4.0,3.7016222775529357,3.7932227877856755,4.242982524420024,4.18712854385376
2000-04-01,6,infl_yoy,3.45649582836709,2.074121530772386,2.3369431627908996,2.9378024684874386,2.963960647583008
2000-04-01,6,unrate,3.9,3.694082016568228,3.706058251420166,4.196917483741749,4.124213218688965
2000-05-01,1,infl_yoy,3.1325301204819134,2.916876924136708,2.968153069983112,3.1733693129613694,3.204441785812378
2000-05-01,1,unrate,4.0,3.818238938763754,3.8907281146800443,4.3542678192722315,4.159955024719238
2000-05-01,3,infl_yoy,3.5992801439711952,2.5029312465083273,2.8543434010765343,3.0874934682272532,3.1768274307250977
2000-05-01,3,unrate,4.0,3.9228729775687308,3.9756595586147583,4.168706688860674,4.1205525398254395
2000-05-01,6,infl_yoy,3.4503271861986877,2.3596866903775253,2.7707352104563556,3.221963355174956,3.2456257343292236
2000-05-01,6,unrate,3.9,3.8761173083807208,3.9695782841813507,4.20189844518227,4.124800205230713
2000-06-01,1,infl_yoy,3.7349397590361377,3.0824071851392256,3.597638485729207,3.2736664532238113,3.242478847503662
2000-06-01,1,unrate,4.0,3.6704633778968807,3.9827965593805073,4.2086829547086895,4.161818504333496
2000-06-01,3,infl_yoy,3.3512866546977715,2.258864637066501,3.1994116992693216,3.102168438764135,3.301015615463257
2000-06-01,3,unrate,4.1,3.897677817151364,3.9856614931295105,4.117547611203726,4.222994327545166
2000-06-01,6,infl_yoy,3.444180522565321,2.270986000050442,2.8056784690209255,3.314609872040878,3.2529451847076416
2000-06-01,6,unrate,3.9,3.729676142552904,4.03849897662187,4.087201304895655,4.112278461456299
2000-07-01,1,infl_yoy,3.5992801439711952,3.07649914363896,3.42958436728169,3.152497472483111,3.208092451095581
2000-07-01,1,unrate,4.0,3.8891909218722596,4.046772618978091,4.150696061540797,4.345937728881836
2000-07-01,3,infl_yoy,3.45649582836709,2.4798224781559317,3.029133624836855,3.232967648788983,3.3667819499969482
2000-07-01,3,unrate,3.9,3.7058353546587,3.979254462111883,4.07724357031857,4.123775482177734
2000-07-01,6,infl_yoy,3.4360189573459543,3.499072182231842,3.6058530097049943,3.257000371296251,3.215648889541626
2000-07-01,6,unrate,3.9,4.085634124081228,4.2824944711333,4.0717532745032745,3.9657750129699707
2000-08-01,1,infl_yoy,3.3512866546977715,3.1924044894587555,3.5284150454145182,3.3142086028781863,3.2560527324676514
2000-08-01,1,unrate,4.1,3.96142937194234,4.113166020444414,4.11099122960373,4.092044353485107
2000-08-01,3,infl_yoy,3.4503271861986877,3.1741174834718726,3.158376756171108,3.2826075300959183,3.270319938659668
2000-08-01,3,unrate,3.9,4.041924561087997,4.251325774946345,4.150535146716027,4.160043716430664
2000-08-01,6,infl_yoy,3.7212049616065945,3.6058253699387266,3.043085812888902,3.4489365841643957,3.065011739730835
2000-08-01,6,unrate,4.2,4.150782985314235,4.172178457404415,4.1267066211781,4.082810401916504
2000-09-01,1,infl_yoy,3.45649582836709,3.1524596106198617,3.1612994470677784,3.3251407376553197,3.1439223289489746
2000-09-01,1,unrate,3.9,3.803438494537719,3.9043190646755486,4.114770926785631,4.216973781585693
2000-09-01,3,infl_yoy,3.444180522565321,3.918553318140379,3.310058026749692,3.365664027268957,3.394421100616455
2000-09-01,3,unrate,3.9,4.281000629088233,4.199543709578947,4.066980309886194,4.057359218597412
2000-09-01,6,infl_yoy,3.529411764705892,2.791580323238421,2.5858031822452805,3.2266866568603643,3.1307363510131836
2000-09-01,6,unrate,4.2,4.201581876562223,4.149838699979449,4.2034226767041005,4.1839919090271
2000-10-01,1,infl_yoy,3.4503271861986877,3.796619869139686,3.527299432888306,3.339548479584833,3.290278196334839
2000-10-01,1,unrate,3.9,4.022042953785806,4.038742016897139,4.103878714912537,4.022887706756592
2000-10-01,3,infl_yoy,3.4360189573459543,4.343197593023436,3.520725116207792,3.401977824240902,3.3781633377075195
2000-10-01,3,unrate,3.9,4.397598426426841,4.170382858456608,4.042268736526628,4.021162033081055
2000-10-01,6,infl_yoy,2.9824561403508643,4.066446214577884,3.5277868626027176,2.9496478326635245,2.9574179649353027
2000-10-01,6,unrate,4.3,4.182578468236518,4.030717488340578,4.210594559607061,4.23748779296875
2000-11-01,1,infl_yoy,3.444180522565321,3.798729992568392,3.414215710355141,3.4338575313976496,3.5253984928131104
2000-11-01,1,unrate,3.9,4.0798715425731285,3.9938814867172754,4.040360864952041,4.070403099060059
2000-11-01,3,infl_yoy,3.7212049616065945,3.8398870638371143,3.3382815416553733,3.3857324317857986,3.528576135635376
2000-11-01,3,unrate,4.2,3.878277284412295,4.016212240696433,4.122527233340273,4.116256237030029
2000-11-01,6,infl_yoy,3.2182562902282053,4.491649245503661,3.7329061041189977,3.04197535052988,3.1934168338775635
2000-11-01,6,unrate,4.4,4.502249871075464,4.31194748994802,4.287472787180138,4.318714618682861
2000-12-01,1,infl_yoy,3.4360189573459543,3.2167789792380947,3.0997657820131903,3.4321499022455635,3.358337879180908
2000-12-01,1,unrate,3.9,4.120463164457292,4.0161767154856935,4.043338834368246,4.001568794250488
2000-12-01,3,infl_yoy,3.529411764705892,3.202498294854093,3.0989679602734856,3.433413287945447,3.396536350250244
2000-12-01,3,unrate,4.2,4.200651404365986,4.1953950513371385,4.183013430828715,4.286216735839844
2000-12-01,6,infl_yoy,3.56308411214954,3.3369584714232654,3.255699921800467,3.1490454861469113,3.2370214462280273
2000-12-01,6,unrate,4.3,4.407088156153108,4.29640999862729,4.322002534148857,4.508901596069336
2001-01-01,1,infl_yoy,3.7212049616065945,3.6512460239047355,3.6178377132206627,3.490971882444677,3.5020053386688232
2001-01-01,1,unrate,4.2,4.233997136328181,4.240220915421528,4.148564893439893,4.156996726989746
2001-01-01,3,infl_yoy,2.9824561403508643,3.6968883547775184,3.6918270725532034,3.2614129884416014,3.227144718170166
2001-01-01,3,unrate,4.3,4.36713363881031,4.2731844132254295,4.224705292222396,4.207150936126709
2001-01-01,6,infl_yoy,3.193960511033689,3.15448655928133,3.3177438210555845,3.158762564897353,3.114525318145752
2001-01-01,6,unrate,4.5,4.593162531350165,4.494132023334409,4.382323372134404,4.522991180419922
2001-02-01,1,infl_yoy,3.529411764705892,3.5476234000922626,3.418377611297085,3.3919083810000332,3.3183724880218506
2001-02-01,1,unrate,4.2,4.258155211376251,4.277810363097944,4.200903563838124,4.27890682220459
2001-02-01,3,infl_yoy,3.2182562902282053,3.7383754781149863,3.622988163809654,3.1361132295274547,3.0881831645965576
2001-02-01,3,unrate,4.4,4.445521921419882,4.418175309739085,4.383876423378822,4.4840569496154785
2001-02-01,6,infl_yoy,2.7214823393167498,3.5586862095390073,3.5836879307790728,3.037958090743628,2.970247268676758
2001-02-01,6,unrate,4.6,4.664827124737906,4.579882481745982,4.5316254322346055,4.702088832855225
2001-03-01,1,infl_yoy,2.9824561403508643,3.3590547475273755,3.078021504581779,3.0159420013139497,2.978032350540161
2001-03-01,1,unrate,4.3,4.644370384078953,4.451339233922383,4.317957517383717,4.375966548919678
2001-03-01,3,infl_yoy,3.56308411214954,3.182625454295511,3.1016815028441984,3.244610461013409,3.208253860473633
2001-03-01,3,unrate,4.3,4.254364924435183,4.340276701969621,4.340179970682911,4.440008163452148
2001-03-01,6,infl_yoy,2.7214823393167498,2.656670867676148,2.5560461714735263,2.8890135049171772,2.7411434650421143
2001-03-01,6,unrate,4.9,4.5534917335373075,4.621632137965778,4.666004002206942,4.69301700592041
2001-04-01,1,infl_yoy,3.2182562902282053,3.684014170821573,3.436732644437699,3.268910776905047,3.1999988555908203
2001-04-01,1,unrate,4.4,4.551286041967958,4.510948797910288,4.318777180662475,4.387210369110107
2001-04-01,3,infl_yoy,3.193960511033689,3.657062408146763,3.449479951803043,3.147958824829307,3.135054349899292
2001-04-01,3,unrate,4.5,4.683791846621377,4.674758611466905,4.401165642690643,4.489043712615967
2001-04-01,6,infl_yoy,2.5921658986175045,3.076437073479045,2.90621742014093,2.7658707794180386,2.638401746749878
2001-04-01,6,unrate,5.0,5.137862114899184,4.996115901181012,4.982931066512606,4.88497257232666
2001-05-01,1,infl_yoy,3.56308411214954,3.7709678019091273,3.6018898807330544,3.297155037050674,3.1695165634155273
2001-05-01,1,unrate,4.3,4.401690935188653,4.416029723387115,4.471992630735276,4.388596057891846
2001-05-01,3,infl_yoy,2.7214823393167498,3.701838373907797,3.5142681870931423,3.042513188990353,2.934344530105591
2001-05-01,3,unrate,4.6,4.641286008071039,4.716508498278924,4.521388766788766,4.587336540222168
2001-05-01,6,infl_yoy,2.127659574468077,2.801336942089937,2.8487547399389848,2.717069060346711,2.5535829067230225
2001-05-01,6,unrate,5.3,5.273981840271956,5.136808829015811,5.134899739669516,5.148784160614014
2001-06-01,1,infl_yoy,3.193960511033689,3.3764962712107596,3.0998294762382645,3.197430805597918,3.2012596130371094
2001-06-01,1,unrate,4.5,4.467063449716082,4.591831118395573,4.448694729943259,4.552528381347656
2001-06-01,3,infl_yoy,2.7214823393167498,3.6174603907886933,3.271159438222803,2.793721233616927,2.764704942703247
2001-06-01,3,unrate,4.9,4.66040673359433,4.833407822627765,4.648837671332795,4.703924179077148
2001-06-01,6,infl_yoy,1.894374282433997,2.9573664021826036,2.614974019495248,2.5797803323297885,2.388951063156128
2001-06-01,6,unrate,5.5,5.262284380571876,5.220274555047952,5.177387756034815,5.2190985679626465
2001-07-01,1,infl_yoy,2.7214823393167498,3.419840240391008,2.979590879984168,2.7400475525182912,2.846043348312378
2001-07-01,1,unrate,4.6,4.612692815866287,4.7305185130112735,4.553024662837162,4.668265342712402
2001-07-01,3,infl_yoy,2.5921658986175045,3.6018073070704655,3.084738105177954,2.7453711974167025,2.701802968978882
2001-07-01,3,unrate,5.0,5.161235981797881,5.051016744170306,5.019736753197783,5.02707576751709
2001-07-01,6,infl_yoy,1.603665521191311,3.010730826167449,2.883149475991515,2.3940300112818695,2.3242218494415283
2001-07-01,6,unrate,5.7,5.71509075486111,5.462678746197802,5.290286586207909,5.329386234283447
2001-08-01,1,infl_yoy,2.7214823393167498,2.925925157409747,2.6701314845640374,2.721001613839882,2.709247350692749
2001-08-01,1,unrate,4.9,4.901337442445123,4.923039746964103,4.6500260059943495,4.880472660064697
2001-08-01,3,infl_yoy,2.127659574468077,3.083249931416014,2.6506579202765947,2.64731186544891,2.5693399906158447
2001-08-01,3,unrate,5.3,5.315044770815431,5.326936505984175,5.131080108127166,5.139254093170166
2001-08-01,6,infl_yoy,1.1958997722095743,2.0596892191327076,2.0376852983512586,2.3603837731414252,1.9119346141815186
2001-08-01,6,unrate,5.7,5.924872784013327,5.709535064027818,5.215257930068913,5.372446537017822
2001-09-01,1,infl_yoy,2.5921658986175045,2.739784850332407,2.4035850750704073,2.6768542308968377,2.5732228755950928
2001-09-01,1,unrate,5.0,5.144497149372462,5.171923742344753,4.900424646187147,5.022355556488037
2001-09-01,3,infl_yoy,1.894374282433997,2.7031277365018984,2.4529116127794444,2.532541420781539,2.3250892162323
2001-09-01,3,unrate,5.5,5.420843818749322,5.489607954018203,5.184523051703199,5.251979827880859
2001-09-01,6,infl_yoy,1.1363636363636465,1.9595886045947881,2.028609756825472,2.116835835647893,1.6087719202041626
2001-09-01,6,unrate,5.7,6.062304895853853,5.875855103644929,5.36609798411793,5.4757795333862305
2001-10-01,1,infl_yoy,2.127659574468077,2.804235270673584,2.344291161411909,2.2552544648286785,2.2210652828216553
2001-10-01,1,unrate,5.3,5.580332722362918,5.492023032544485,5.132821044233541,5.108557224273682
2001-10-01,3,infl_yoy,1.603665521191311,1.9777212032246263,1.9581489670767198,2.3176148382330037,2.156794548034668
2001-10-01,3,unrate,5.7,5.837845137463248,5.7672607950367265,5.201995441160148,5.345296859741211
2001-10-01,6,infl_yoy,1.362862010221466,1.3735860648358744,1.1561502051792738,2.174454232830776,2.1037299633026123
2001-10-01,6,unrate,5.7,6.2023628539037485,6.081504950987231,5.461802338837632,5.612560272216797
2001-11-01,1,infl_yoy,1.894374282433997,1.7457581109453044,1.7742787863348932,2.100332498335522,1.9361205101013184
2001-11-01,1,unrate,5.5,5.5208217097971275,5.562069510407455,5.2189364663114635,5.342434883117676
2001-11-01,3,infl_yoy,1.1958997722095743,1.326038726373466,1.2673721270738472,2.0825130325220584,1.8469370603561401
2001-11-01,3,unrate,5.7,5.8056916292963,5.811424652687001,5.236098363319688,5.3879780769348145
2001-11-01,6,infl_yoy,1.643990929705219,1.3080707303610057,0.7148628462697131,2.032760432350222,1.7610373497009277
2001-11-01,6,unrate,5.9,6.254000807489218,6.296620761453994,5.653409734645298,5.815740585327148
2001-12-01,1,infl_yoy,1.603665521191311,1.71233649938633,1.6488990270910429,1.8448995419755665,1.6752265691757202
2001-12-01,1,unrate,5.7,5.7978414576285555,5.755356299764647,5.40317116519102,5.578915119171143
2001-12-01,3,infl_yoy,1.1363636363636465,1.4415962669962021,1.1848063366882182,1.9144444433894892,1.5770984888076782
2001-12-01,3,unrate,5.7,6.0240346264305265,5.943979625823294,5.553468375333816,5.613826274871826
2001-12-01,6,infl_yoy,1.2408347433727984,1.461604328291466,0.9783792228146575,1.7904576203823865,1.5447434186935425
2001-12-01,6,unrate,5.8,5.998868139199897,6.1269467812329745,5.729869976183949,5.719319820404053
2002-01-01,1,infl_yoy,1.1958997722095743,1.246667332606928,1.143174424472079,1.664137406912499,1.477652907371521
2002-01-01,1,unrate,5.7,5.813956177953464,5.753818295708292,5.484175858292036,5.530108451843262
2002-01-01,3,infl_yoy,1.362862010221466,1.19135389554954,0.6597112921364585,1.8320034188227083,1.7061101198196411
2002-01-01,3,unrate,5.7,6.008890794494056,6.0267781690882085,5.498497505272507,5.626209735870361
2002-01-01,6,infl_yoy,1.0692177827799745,1.414334212379519,0.8552799985906145,1.65383026854498,1.4835808277130127
2002-01-01,6,unrate,5.8,5.560312517922448,5.938364781738997,5.714062066455217,5.697386741638184
2002-02-01,1,infl_yoy,1.1363636363636465,0.9617998117477036,0.9779958623740661,1.5544131376504504,1.4403544664382935
2002-02-01,1,unrate,5.7,6.058368088019426,5.8450436112135815,5.460534212274651,5.547341346740723
2002-02-01,3,infl_yoy,1.643990929705219,1.6431980896008884,0.9348980079480029,1.7618410233570565,1.7751845121383667
2002-02-01,3,unrate,5.9,6.339248780288681,6.20458598037919,5.571078869092725,5.735848426818848
2002-02-01,6,infl_yoy,1.465614430665152,1.4788269383124204,0.9110430251404702,1.623081824878431,1.5710698366165161
2002-02-01,6,unrate,5.8,5.691695428671477,5.934544456440513,5.733635391143942,5.694039821624756
2002-03-01,1,infl_yoy,1.362862010221466,1.3529441135171885,1.3217834978955816,1.5210941310855515,1.494857668876648
2002-03-01,1,unrate,5.7,5.9915297651439,5.927161112008864,5.48511914196914,5.555499076843262
2002-03-01,3,infl_yoy,1.2408347433727984,2.0609769715828046,1.5756523663345645,1.6224827132628659,1.7133939266204834
2002-03-01,3,unrate,5.8,6.053704305268383,6.039467690307398,5.619440383227883,5.711362361907959
2002-03-01,6,infl_yoy,1.747463359639223,1.9327797907691324,1.4630226509514848,1.739449798071509,1.927653431892395
2002-03-01,6,unrate,5.7,5.212821973753687,5.65799969768832,5.731666859855832,5.660837173461914
2002-04-01,1,infl_yoy,1.643990929705219,2.1122996048071228,1.7376455825310129,1.6203055600188252,1.5392919778823853
2002-04-01,1,unrate,5.9,6.09749995404877,5.994080994258917,5.597838204850706,5.799605369567871
2002-04-01,3,infl_yoy,1.0692177827799745,1.458820416370139,1.4680058547993249,1.5196653986292157,1.5419062376022339
2002-04-01,3,unrate,5.8,5.706982386885447,5.925456610523564,5.641114016702252,5.685549259185791
2002-04-01,6,infl_yoy,1.516002245929271,2.8365313662478506,2.361722650089306,1.707107565746655,1.8080565929412842
2002-04-01,6,unrate,5.7,5.345388479851316,5.608106868483484,5.6299788019986545,5.594817638397217
2002-05-01,1,infl_yoy,1.2408347433727984,0.8183494147326473,1.1357127737152,1.4500428086234185,1.4946545362472534
2002-05-01,1,unrate,5.8,5.976070377654763,5.887179847716006,5.63452432151182,5.7644429206848145
2002-05-01,3,infl_yoy,1.465614430665152,1.2607644805381955,1.2202056841331248,1.4923985949460907,1.4513804912567139
2002-05-01,3,unrate,5.8,5.672728850597708,5.7049521026429195,5.670157236739569,5.7139739990234375
2002-05-01,6,infl_yoy,2.027027027027017,2.022208402590782,2.06601432638055,1.765972391038589,1.8658593893051147
2002-05-01,6,unrate,5.7,5.205862693826437,5.444197395232341,5.594973781284077,5.507299900054932
2002-06-01,1,infl_yoy,1.0692177827799745,1.1705115514048272,1.1796581335939613,1.428249516022727,1.2914055585861206
2002-06-01,1,unrate,5.8,5.895677851238434,5.829468642882597,5.726281219820769,5.646996974945068
2002-06-01,3,infl_yoy,1.747463359639223,1.5083535594271607,1.4088891928229472,1.5787018521829266,1.6749924421310425
2002-06-01,3,unrate,5.7,5.561795538865854,5.66566158068288,5.692971496821595,5.640298843383789
2002-06-01,6,infl_yoy,2.2535211267605604,2.276781874888296,2.304126925322244,1.9466869371327218,2.1682026386260986
2002-06-01,6,unrate,5.9,5.406809564844805,5.544619175912518,5.458667728105229,5.582289695739746
2002-07-01,1,infl_yoy,1.465614430665152,1.4815395053567793,1.4358779886905588,1.436978607214102,1.39263117313385
2002-07-01,1,unrate,5.8,5.82709937929999,5.807584454748371,5.76799897563307,5.737175941467285
2002-07-01,3,infl_yoy,1.516002245929271,1.768305791310849,1.61573225038007,1.5834466928304238,1.68246328830719
2002-07-01,3,unrate,5.7,5.6207327873196435,5.678587737984687,5.679836825919179,5.5871734619140625
2002-07-01,6,infl_yoy,2.480270574971821,3.0048594147312726,2.801577851989033,2.0328305373480906,2.1468029022216797
2002-07-01,6,unrate,6.0,5.718141111614201,5.740129032265015,5.386566319048168,5.578176021575928
2002-08-01,1,infl_yoy,1.747463359639223,1.628400131850408,1.826228452172061,1.8001021380383588,1.6320140361785889
2002-08-01,1,unrate,5.7,5.663008619458051,5.718861581560242,5.731751836725367,5.718542575836182
2002-08-01,3,infl_yoy,2.027027027027017,2.541623735667024,2.2757647904535463,1.6938239823004881,1.7408061027526855
2002-08-01,3,unrate,5.7,5.651738199274614,5.695701057276154,5.690641820765231,5.65786075592041
2002-08-01,6,infl_yoy,2.757456387169399,3.293633817577221,3.144731430024125,2.132743958088516,2.3386778831481934
2002-08-01,6,unrate,5.8,5.661953747199705,5.702646378864491,5.448877951288475,5.625926971435547
2002-09-01,1,infl_yoy,1.516002245929271,1.8216708391308152,1.834821912551091,1.5652270094564145,1.5562613010406494
2002-09-01,1,unrate,5.7,5.762612136386007,5.803824555521198,5.730533043367021,5.696885108947754
2002-09-01,3,infl_yoy,2.2535211267605604,2.2134240309325306,2.0756995641463116,1.80061513716318,1.7877874374389648
2002-09-01,3,unrate,5.9,5.792223471487697,5.746041114012626,5.602225467300157,5.624975204467773
2002-09-01,6,infl_yoy,3.146067415730336,2.8096385887961057,2.8475078731614305,2.22668576671243,2.3626739978790283
2002-09-01,6,unrate,5.9,5.806343169128595,5.7860405106447566,5.737086526463734,5.856122970581055
2002-10-01,1,infl_yoy,2.027027027027017,2.2072461650323305,2.0235336031766726,1.9794436609685409,1.8611472845077515
2002-10-01,1,unrate,5.7,5.714231063597895,5.74668606542292,5.706589006826505,5.731656551361084
2002-10-01,3,infl_yoy,2.480270574971821,2.106169009486851,2.16836430861071,1.936414041945773,1.989628553390503
2002-10-01,3,unrate,6.0,5.88320882201782,5.91540717669734,5.531107732137143,5.783871650695801
2002-10-01,6,infl_yoy,3.025210084033625,2.507539735608185,2.5252688620810084,2.3054256663547927,2.388829469680786
2002-10-01,6,unrate,5.9,5.747012011323733,5.8201562132889215,5.866132257216468,5.861133575439453
2002-11-01,1,infl_yoy,2.2535211267605604,2.2368193769923095,2.2397994544330686,2.2825346333554304,2.200845718383789
2002-11-01,1,unrate,5.9,5.806190052252091,5.896091531157472,5.657811909087642,5.665821552276611
2002-11-01,3,infl_yoy,2.757456387169399,2.5235077430254367,2.537467144873738,2.137760461124923,2.2852368354797363
2002-11-01,3,unrate,5.8,5.851673221444726,5.914021105414084,5.5624790527283166,5.669875144958496
2002-11-01,6,infl_yoy,2.175125488008911,2.443006434869471,2.3750181903549943,2.3300085696717217,2.5746943950653076
2002-11-01,6,unrate,6.0,5.764760829821027,5.7702823003372545,5.869350856006738,5.907951354980469
2002-12-01,1,infl_yoy,2.480270574971821,2.6752779785025256,2.6682811271768947,2.565727730201792,2.48976469039917
2002-12-01,1,unrate,6.0,5.8916738386741105,5.975906621923887,5.85569700446612,5.937927722930908
2002-12-01,3,infl_yoy,3.146067415730336,2.9976747200976175,2.928455483642463,2.6456389826597215,2.5739667415618896
2002-12-01,3,unrate,5.9,5.927172294292804,5.889465403259506,5.814058514034984,5.865696430206299
2002-12-01,6,infl_yoy,1.8941504178273003,2.614369681634674,2.6658128518993935,2.2254590592164654,2.07970929145813
2002-12-01,6,unrate,6.1,6.00612413901502,5.93589008917304,5.915059623219917,5.964650630950928
2003-01-01,1,infl_yoy,2.757456387169399,2.839128241142223,2.793369949670508,2.684471332708858,2.748842716217041
2003-01-01,1,unrate,5.8,5.737622857696569,5.806048142368366,5.795994213951684,5.847653865814209
2003-01-01,3,infl_yoy,3.025210084033625,3.2502841211154827,3.1939775089117797,2.724459222448678,2.7387895584106445
2003-01-01,3,unrate,5.9,5.63697778575627,5.7465207360274695,5.825361315400288,5.871567726135254
2003-01-01,6,infl_yoy,1.948775055679297,2.796279394274383,2.740308960925695,2.1629225577423132,2.0636208057403564
2003-01-01,6,unrate,6.3,5.873777652015777,5.823893940495936,6.0100997641247655,5.957584857940674
2003-02-01,1,infl_yoy,3.146067415730336,3.6329880321820394,3.3840556001368562,3.1309553067780707,3.157979965209961
2003-02-01,1,unrate,5.9,5.835076007933061,5.902825564967447,5.8421683916573635,5.872398376464844
2003-02-01,3,infl_yoy,2.175125488008911,3.4312041651729226,3.3556168374234945,2.6920386694702847,2.5881741046905518
2003-02-01,3,unrate,6.0,5.905650205254995,5.947336304335178,5.7483469976918515,5.878445625305176
2003-02-01,6,infl_yoy,2.055555555555544,2.906581608857996,2.8405163146801136,2.0466689796845947,2.1440012454986572
2003-02-01,6,unrate,6.2,5.990883216811111,5.9906849738327,6.022209467901377,6.111340045928955
2003-03-01,1,infl_yoy,3.025210084033625,2.863083946695605,3.0431798638959657,3.049037605978041,3.0375609397888184
2003-03-01,1,unrate,5.9,5.892113416709739,5.969792221560678,5.883042808008985,5.928875923156738
2003-03-01,3,infl_yoy,1.8941504178273003,2.7442427331920363,2.72249845593629,2.635316015861575,2.4212560653686523
2003-03-01,3,unrate,6.1,6.190729427265642,6.073882267174307,5.805128100820744,5.881899356842041
2003-03-01,6,infl_yoy,2.216066481994461,2.2426330998990327,2.2873206402311057,1.9322309938549764,1.9198331832885742
2003-03-01,6,unrate,6.1,6.289361078157765,6.124717124246649,5.989228126203857,6.091890811920166
2003-04-01,1,infl_yoy,2.175125488008911,1.9615194683896258,2.0969350183349893,2.1607194281836755,2.3703339099884033
2003-04-01,1,unrate,6.0,6.072540973374272,6.076784480438663,5.846394247419247,5.939327716827393
2003-04-01,3,infl_yoy,1.948775055679297,1.6151261174883618,1.831497141946076,1.9630765057465072,2.232861280441284
2003-04-01,3,unrate,6.3,6.028044058927495,5.909409114263703,5.904210961909605,6.042588233947754
2003-04-01,6,infl_yoy,2.378318584070782,1.0849311073148022,1.309322518621732,2.082530283952034,2.1108055114746094
2003-04-01,6,unrate,6.1,6.29165538365683,6.103290605594408,6.000583553864435,6.087916851043701
2003-05-01,1,infl_yoy,1.8941504178273003,2.3235286454675204,2.1860233432992064,1.804345387413079,2.206926107406616
2003-05-01,1,unrate,6.1,5.996817073089158,6.018721466591303,5.9583559010434035,5.9250593185424805
2003-05-01,3,infl_yoy,2.055555555555544,1.7089879228304552,1.9573205779949947,1.9204536280022944,2.253915548324585
2003-05-01,3,unrate,6.2,6.067762443431952,5.928881481707883,5.977294826986739,6.065007209777832
2003-05-01,6,infl_yoy,2.041942604856528,1.1510127774980516,1.490426123057956,2.076219731670098,2.202395439147949
2003-05-01,6,unrate,6.0,5.930430792130824,5.960133691958279,5.986601949521068,5.994131565093994
2003-06-01,1,infl_yoy,1.948775055679297,1.9168283978285376,1.973525518520404,2.042897954650004,1.993152141571045
2003-06-01,1,unrate,6.3,6.1530159015137205,6.108929943603233,6.128893670137051,6.212423324584961
2003-06-01,3,infl_yoy,2.216066481994461,2.055511268181228,2.094594664592659,2.124974082220202,2.5170910358428955
2003-06-01,3,unrate,6.1,6.261885086543457,6.150800099219867,6.029315100585689,6.039034366607666
2003-06-01,6,infl_yoy,1.9283746556473915,1.7316679513762216,1.7686408581247335,2.028919983693842,2.2533445358276367
2003-06-01,6,unrate,5.8,5.618194945630174,5.782957620961604,5.94219833516157,6.010704040527344
2003-07-01,1,infl_yoy,2.055555555555544,2.133237177369973,2.1171208299278463,2.068796703462168,2.1903154850006104
2003-07-01,1,unrate,6.2,6.2002554712576,6.1875573791491165,6.151081537979561,6.074166774749756
2003-07-01,3,infl_yoy,2.378318584070782,2.09423881325524,1.885658361435421,2.1755118889451768,2.39127254486084
2003-07-01,3,unrate,6.1,6.034142115266788,6.17156006827388,6.020302290060299,6.064803600311279
2003-07-01,6,infl_yoy,2.0352035203520247,1.9327526256700898,1.5272266284543963,2.06100912990605,2.1521193981170654
2003-07-01,6,unrate,5.7,5.419295987595469,5.680843854322273,5.8567887310402,5.860143661499023
2003-08-01,1,infl_yoy,2.216066481994461,2.440633339899468,2.2010228964542344,2.1103861014134564,2.1893362998962402
2003-08-01,1,unrate,6.1,6.058083253358542,6.122919479287156,6.063787564469411,6.100132465362549
2003-08-01,3,infl_yoy,2.041942604856528,1.8603563952293674,1.6542780031005768,2.054748733130819,2.1937522888183594
2003-08-01,3,unrate,6.0,5.661915439893985,6.001891910949885,5.997750813397988,5.980945587158203
2003-08-01,6,infl_yoy,2.026286966046009,1.0919493977829353,1.1964008835088868,2.0111386924635974,2.055680513381958
2003-08-01,6,unrate,5.7,5.534917678578481,5.714416354972067,5.8435022192144315,5.853989601135254
2003-09-01,1,infl_yoy,2.378318584070782,2.237916117161599,2.131291216769575,2.3199048442296863,2.3221442699432373
2003-09-01,1,unrate,6.1,6.060153073591074,6.099389460397427,6.067293773782974,6.074498653411865
2003-09-01,3,infl_yoy,1.9283746556473915,1.6773097672351494,1.670464350800581,2.4552525480040894,2.3469793796539307
2003-09-01,3,unrate,5.8,5.605500377270347,5.7658392660479425,5.896356867135275,5.892332553863525
2003-09-01,6,infl_yoy,1.688453159041381,0.9081327722194594,1.0658654414702946,2.070488616538767,2.0265932083129883
2003-09-01,6,unrate,5.6,5.691904386337803,5.596986551441402,5.841577894263648,5.806631565093994
2003-10-01,1,infl_yoy,2.041942604856528,1.7160401311267908,1.8712838333500827,2.0913944453592417,2.1062333583831787
2003-10-01,1,unrate,6.0,5.820714117900552,5.861202833400872,5.968602761570216,5.975170612335205
2003-10-01,3,infl_yoy,2.0352035203520247,1.8045771547334917,1.9593810010159602,2.1468822165266945,2.0741193294525146
2003-10-01,3,unrate,5.7,5.647570167859643,5.611072109665355,5.867088435291055,5.798067569732666
2003-10-01,6,infl_yoy,1.7400761283306032,1.67911959217707,1.7408580248058696,1.9664861188436733,2.044579267501831
2003-10-01,6,unrate,5.8,5.62860044426289,5.529498340114213,5.8603840574458195,5.873264789581299
2003-11-01,1,infl_yoy,1.9283746556473915,2.1253937465274264,2.067648764994894,2.02308052257923,1.9311707019805908
2003-11-01,1,unrate,5.8,5.788836696522165,5.752254531230723,5.804972832722833,5.778750896453857
2003-11-01,3,infl_yoy,2.026286966046009,1.966027567852535,2.0684346453926556,2.006925959104309,2.0048069953918457
2003-11-01,3,unrate,5.7,5.752191957358344,5.602376725199812,5.82089471324599,5.755318641662598
2003-11-01,6,infl_yoy,2.2925764192139875,2.1475321347128355,2.3107738737223924,2.0076831514877633,2.1490602493286133
2003-11-01,6,unrate,5.6,5.33246187348815,5.3637369719703,5.849399171007868,5.790264129638672
2003-12-01,1,infl_yoy,2.0352035203520247,2.145842041171969,2.0586103781814993,2.155567727474326,2.1309309005737305
2003-12-01,1,unrate,5.7,5.690496069560922,5.626976836727523,5.791138093850595,5.758898735046387
2003-12-01,3,infl_yoy,1.688453159041381,2.370792380961979,2.163368941100302,2.035928571363805,1.9728198051452637
2003-12-01,3,unrate,5.6,5.6494549948950565,5.586434956855851,5.806377528813634,5.711990833282471
2003-12-01,6,infl_yoy,2.8977583378895444,2.1864581410611375,2.2431774855043547,2.2214205690907467,2.312791347503662
2003-12-01,6,unrate,5.6,5.393066379576832,5.453126067282542,5.791742572761666,5.7093505859375
2004-01-01,1,infl_yoy,2.026286966046009,2.072644129036683,2.0590229474213464,2.131299463981637,2.090059757232666
2004-01-01,1,unrate,5.7,5.752050243626384,5.674100047819583,5.756034457942336,5.759783744812012
2004-01-01,3,infl_yoy,1.7400761283306032,2.312190746770029,2.040765384996843,2.0388466495151127,1.9630320072174072
2004-01-01,3,unrate,5.8,5.523870049857076,5.461981784186428,5.857220559825165,5.84330940246582
2004-01-01,6,infl_yoy,3.1676679410158397,2.919030322285803,2.752028501992366,2.3824554268650644,2.6082353591918945
2004-01-01,6,unrate,5.6,5.308917721989645,5.262512043038384,5.652213582001935,5.638308525085449
2004-02-01,1,infl_yoy,1.688453159041381,2.0575660935873383,1.9923468268938662,1.6192619190071686,1.8659160137176514
2004-02-01,1,unrate,5.6,5.673483784322549,5.570615905851895,5.707130494714114,5.700284004211426
2004-02-01,3,infl_yoy,2.2925764192139875,1.843505601040901,1.856731022920294,1.9397442858752578,2.199484348297119
2004-02-01,3,unrate,5.6,5.610695511347723,5.520588908609534,5.837732104153157,5.754795074462891
2004-02-01,6,infl_yoy,2.939575394665228,2.295656432719003,2.3712242315383407,2.515456660454555,2.764700412750244
2004-02-01,6,unrate,5.5,5.362336319234773,5.303803378038792,5.409852535542903,5.54309606552124
2004-03-01,1,infl_yoy,1.7400761283306032,1.6271135124615161,1.796175347211706,1.8269684321472115,1.897515058517456
2004-03-01,1,unrate,5.8,5.677456297811013,5.693518626091101,5.764841324542333,5.748274803161621
2004-03-01,3,infl_yoy,2.8977583378895444,2.251719531444624,2.17842033551313,2.1581942866393375,2.434979200363159
2004-03-01,3,unrate,5.6,5.414425976867455,5.444421782443019,5.776760228094627,5.744106769561768
2004-03-01,6,infl_yoy,2.5474254742547275,2.135842667660765,2.2043703544949684,2.4548271637960366,2.5095605850219727
2004-03-01,6,unrate,5.4,5.157536939787989,5.220702706345551,5.22996998651915,5.364972114562988
2004-04-01,1,infl_yoy,2.2925764192139875,2.518736037044929,2.3922503868924268,2.28176985492232,2.3206684589385986
2004-04-01,1,unrate,5.6,5.601777682040013,5.569664452490108,5.722493551213859,5.73172664642334
2004-04-01,3,infl_yoy,3.1676679410158397,3.218397743051877,2.916769667514345,2.504385701099924,2.36130428314209
2004-04-01,3,unrate,5.6,5.115575450522422,5.322754000486762,5.692238553146834,5.639210224151611
2004-04-01,6,infl_yoy,2.539168017287952,3.1338012388948835,2.7049056219097407,2.473172137938266,2.602609395980835
2004-04-01,6,unrate,5.4,4.924174507277604,5.034044485100092,5.1665492882063555,5.208559036254883
2004-05-01,1,infl_yoy,2.8977583378895444,3.1783597413078155,2.96348742722245,2.8736934622835646,2.80900239944458
2004-05-01,1,unrate,5.6,5.210859840177484,5.464738343695763,5.644693329160657,5.568300724029541
2004-05-01,3,infl_yoy,2.939575394665228,3.662606517293586,3.2083950517036857,2.6150908932693926,2.5264787673950195
2004-05-01,3,unrate,5.5,4.896586848036307,5.23703755549644,5.568841823505369,5.550886154174805
2004-05-01,6,infl_yoy,3.1909140075716547,3.0205164918895724,2.592774151233087,2.462614757814104,2.706851005554199
2004-05-01,6,unrate,5.5,4.826887488287991,4.941446191908863,5.3739323376642965,5.5518479347229
2004-06-01,1,infl_yoy,3.1676679410158397,3.4580828093742486,3.1257785588714198,2.983234758522508,2.9310874938964844
2004-06-01,1,unrate,5.6,5.208232191744958,5.45158946703429,5.622449787553347,5.637136936187744
2004-06-01,3,infl_yoy,2.5474254742547275,3.555635056824383,3.054572327338779,2.5369156835662228,2.5060863494873047
2004-06-01,3,unrate,5.4,4.943271313159295,5.20499035878059,5.315078185946893,5.4588623046875
2004-06-01,6,infl_yoy,3.621621621621607,3.255611965921707,2.7460428684307017,2.8239974249030477,3.067802906036377
2004-06-01,6,unrate,5.4,5.1050279291376155,5.218964742859515,5.559030478599291,5.617579936981201
2004-07-01,1,infl_yoy,2.939575394665228,3.2570770240740785,3.190397632948781,2.922375477856966,3.0366055965423584
2004-07-01,1,unrate,5.5,5.213762788898376,5.379204538407492,5.523352177784712,5.578543186187744
2004-07-01,3,infl_yoy,2.539168017287952,2.997976214151328,2.9714216314594886,2.5714411431494857,2.5152556896209717
2004-07-01,3,unrate,5.4,5.057778037151957,5.183119860915619,5.221113751075951,5.227228164672852
2004-07-01,6,infl_yoy,3.3423180592991875,2.7347749761863285,2.72619814343971,2.950795725726904,3.0953707695007324
2004-07-01,6,unrate,5.4,5.19096551608519,5.206875302652065,5.493291735498154,5.59624719619751
2004-08-01,1,infl_yoy,2.5474254742547275,2.5483370428347416,2.542529672642666,2.6804420412725,2.669945478439331
2004-08-01,1,unrate,5.4,5.376836297899932,5.3325827070248275,5.511643618393232,5.488697052001953
2004-08-01,3,infl_yoy,3.1909140075716547,1.8653141375014437,2.223177034326972,2.6066319731242964,2.6461641788482666
2004-08-01,3,unrate,5.5,5.285831519437168,5.265076213920064,5.413996060924462,5.460704326629639
2004-08-01,6,infl_yoy,2.8448738593666034,1.9613194776069336,2.217076017972819,2.8704517218261376,2.9097554683685303
2004-08-01,6,unrate,5.3,5.204330750756656,5.2055391225101335,5.4931920806165415,5.5261759757995605
2004-09-01,1,infl_yoy,2.539168017287952,2.4132263228880833,2.63283005576457,2.656119960982797,2.6026649475097656
2004-09-01,1,unrate,5.4,5.297267474004072,5.30596939343441,5.497601545933951,5.516158580780029
2004-09-01,3,infl_yoy,3.621621621621607,2.2581782244633612,2.586607342563907,2.688214062920869,2.8504977226257324
2004-09-01,3,unrate,5.4,5.545929894924711,5.424583430008875,5.475094287045868,5.507197380065918
2004-09-01,6,infl_yoy,3.0530262453133394,1.8404689386043942,2.215080778492646,2.8204112968328205,2.9798426628112793
2004-09-01,6,unrate,5.4,5.023764631866534,5.192586130390087,5.461629983309459,5.563603401184082
2004-10-01,1,infl_yoy,3.1909140075716547,3.2013045648177303,3.057045497423001,3.0643475400729505,2.9838778972625732
2004-10-01,1,unrate,5.5,5.28693510113742,5.415782937984996,5.478342838702161,5.480283737182617
2004-10-01,3,infl_yoy,3.3423180592991875,2.82960913760078,2.98800098308158,2.740355685676127,2.901160478591919
2004-10-01,3,unrate,5.4,5.316432247387617,5.4326891646137385,5.460420406705513,5.4692158699035645
2004-10-01,6,infl_yoy,3.2068412613575736,2.794534342884669,2.837212873846413,2.81408546785973,3.118332862854004
2004-10-01,6,unrate,5.2,5.004768942536572,5.115368431442335,5.357176901355777,5.4303364753723145
2004-11-01,1,infl_yoy,3.621621621621607,3.4152476670584844,3.4667985274519637,3.0994067086779187,3.0869455337524414
2004-11-01,1,unrate,5.4,5.4529556023105785,5.473897185384915,5.490916401956081,5.486741542816162
2004-11-01,3,infl_yoy,2.8448738593666034,2.892021481742452,2.9263255748847707,2.5651558153367904,2.671978235244751
2004-11-01,3,unrate,5.3,5.26412977150175,5.340324086277793,5.38840107464976,5.3909196853637695
2004-11-01,6,infl_yoy,3.3617929562433257,3.345178662452342,3.1881497164728065,2.9036527574926145,2.915769338607788
2004-11-01,6,unrate,5.2,4.924618662290958,5.14288005762529,5.387509346458187,5.389068126678467
2004-12-01,1,infl_yoy,3.3423180592991875,2.8814174776296553,3.0423095167469483,3.118949640436769,3.092346668243408
2004-12-01,1,unrate,5.4,5.176104461811191,5.352772412526351,5.462958026951242,5.431558132171631
2004-12-01,3,infl_yoy,3.0530262453133394,3.1295072074544548,3.037382138528975,2.675693274183284,2.8040149211883545
2004-12-01,3,unrate,5.4,5.021473547355535,5.165968448930109,5.294784529970277,5.431978225708008
2004-12-01,6,infl_yoy,2.869287991498415,3.391529971861637,3.152715836774342,2.985516322990559,2.834115743637085
2004-12-01,6,unrate,5.1,5.080217558726643,5.225041931384749,5.345547555122799,5.271302223205566
2005-01-01,1,infl_yoy,2.8448738593666034,2.7652422805968535,2.8848273481108144,2.7585087089963385,2.7780754566192627
2005-01-01,1,unrate,5.3,5.195268252120117,5.2790943636831145,5.390264564838507,5.344607353210449
2005-01-01,3,infl_yoy,3.2068412613575736,3.3587864315301372,3.0739804826788504,2.8653256629149912,3.0042760372161865
2005-01-01,3,unrate,5.2,5.030090212901737,5.166181720678523,5.260444360795188,5.2716383934021
2005-01-01,6,infl_yoy,2.541026998411855,3.6813064905783612,3.3277076995730033,2.828197280448752,2.812908411026001
2005-01-01,6,unrate,5.0,5.075348783977336,5.103619981878804,5.309191735316607,5.2544474601745605
2005-02-01,1,infl_yoy,3.0530262453133394,3.0106324674650353,3.038150141504829,3.10764797734049,3.0819852352142334
2005-02-01,1,unrate,5.4,5.150564783133521,5.312717143805483,5.390365160147318,5.395483016967773
2005-02-01,3,infl_yoy,3.3617929562433257,3.2651369805037076,3.078795794956938,2.8538588146251995,3.014127016067505
2005-02-01,3,unrate,5.2,5.020795139798444,5.186265764378949,5.313390871684089,5.29821252822876
2005-02-01,6,infl_yoy,3.067160232681121,3.7416741601278054,3.4120455028090295,2.9157047968474954,2.959317445755005
2005-02-01,6,unrate,5.0,4.970745835328626,5.0071896649581,5.232895095425226,5.209824085235596
2005-03-01,1,infl_yoy,3.2068412613575736,3.2016670372415343,3.2539280684186953,3.1726646673954337,3.266460657119751
2005-03-01,1,unrate,5.2,5.061819165598878,5.234556376327947,5.253662456738121,5.298761367797852
2005-03-01,3,infl_yoy,2.869287991498415,3.296242645647987,3.2274072018313174,2.9051563984676303,3.0883750915527344
2005-03-01,3,unrate,5.1,5.179474715711342,5.2529829909650685,5.270459522499302,5.297091484069824
2005-03-01,6,infl_yoy,3.646934460887952,4.3687876627565085,3.881212046831825,3.054577596801136,3.1891613006591797
2005-03-01,6,unrate,4.9,5.055575594500178,5.028871177342869,5.249513538681962,5.2332987785339355
2005-04-01,1,infl_yoy,3.3617929562433257,3.21386590944179,3.211466403010867,3.0371024876882085,3.1190783977508545
2005-04-01,1,unrate,5.2,5.042339221812156,5.266788785573758,5.201547815845705,5.256192684173584
2005-04-01,3,infl_yoy,2.541026998411855,2.8480190694073664,3.0113073487439324,2.7747232899195593,2.8522675037384033
2005-04-01,3,unrate,5.0,5.249900329587838,5.271846525604245,5.195849266450331,5.230421543121338
2005-04-01,6,infl_yoy,4.741833508956805,3.6018649289031077,3.412967124231085,3.2615687286399653,3.0116639137268066
2005-04-01,6,unrate,5.0,5.0461428245827396,5.106466603074853,5.225443498889238,5.2377190589904785
2005-05-01,1,infl_yoy,2.869287991498415,2.8122791938048928,2.9051068195186103,2.8507611922083265,2.912348985671997
2005-05-01,1,unrate,5.1,5.2376937184841665,5.24316618186106,5.106569004071786,5.146564960479736
2005-05-01,3,infl_yoy,3.067160232681121,3.38710271850807,3.1821876334058965,2.8447030489241194,2.8374266624450684
2005-05-01,3,unrate,5.0,5.212170656830667,5.216177884082507,5.091134136162106,5.047595024108887
2005-05-01,6,infl_yoy,4.350104821802936,3.340496196256414,3.2001389407623715,2.741253479598597,2.779724359512329
2005-05-01,6,unrate,5.0,5.045848030467236,5.185111862020259,5.27532886692593,5.172878742218018
2005-06-01,1,infl_yoy,2.541026998411855,2.6188638893587024,2.70893911198219,2.666194536467426,2.6938564777374268
2005-06-01,1,unrate,5.0,5.090983861965274,5.07304046410299,5.034165257167153,5.113073348999023
2005-06-01,3,infl_yoy,3.646934460887952,3.590061369009375,3.251704441518656,2.908330541273726,2.93959903717041
2005-06-01,3,unrate,4.9,5.047554234320124,5.038329517647731,5.109705602163115,5.134293556213379
2005-06-01,6,infl_yoy,3.338549817423053,3.0872533925824404,3.0777245624663245,2.8778832946627375,2.7997701168060303
2005-06-01,6,unrate,5.0,4.881709686911763,4.977496018209142,5.3980640148048415,5.091053485870361
2005-07-01,1,infl_yoy,3.067160232681121,3.677168413073755,3.331632094183971,3.1437625944778262,3.0824368000030518
2005-07-01,1,unrate,5.0,4.982095719802786,5.004559740847117,4.990121342851336,5.036742210388184
2005-07-01,3,infl_yoy,4.741833508956805,3.8142014136541196,3.610996507132385,3.038482965933847,3.194593667984009
2005-07-01,3,unrate,5.0,4.864210086477781,4.993780295384567,5.152102687069721,5.090242862701416
2005-07-01,6,infl_yoy,3.338549817423053,4.134976861875446,3.942502027713782,2.9961319240414674,3.2175283432006836
2005-07-01,6,unrate,4.9,4.695692427517284,4.799128687396616,5.242428270694626,5.001017093658447
2005-08-01,1,infl_yoy,3.646934460887952,3.8110938181120613,3.8091725582092337,3.3102962541432017,3.336071491241455
2005-08-01,1,unrate,4.9,4.964473538691525,5.008662944444806,4.914617508961627,4.896523475646973
2005-08-01,3,infl_yoy,4.350104821802936,3.8580383188146823,3.860850166196066,3.1790630661803663,3.2068324089050293
2005-08-01,3,unrate,5.0,4.988241341499911,5.0715140448407245,5.121538548217598,5.10603666305542
2005-08-01,6,infl_yoy,4.018789144050117,3.6990628059568493,3.7887093261352938,3.1655195965786387,3.4510538578033447
2005-08-01,6,unrate,4.7,4.7445949911076175,4.924690982485027,5.032978866266913,4.931017875671387
2005-09-01,1,infl_yoy,4.741833508956805,4.6577352827300755,4.539950727834821,3.2845817445509846,3.5812132358551025
2005-09-01,1,unrate,5.0,5.050084955555556,5.122006614962352,4.9676196728065545,5.036424160003662
2005-09-01,3,infl_yoy,3.338549817423053,4.011116824470512,4.089633758417337,3.069601193322587,3.132517099380493
2005-09-01,3,unrate,5.0,5.183073040113355,5.364199308138516,5.106654048922924,5.164856433868408
2005-09-01,6,infl_yoy,3.63825363825363,3.4771693992489006,3.765614670236859,3.122687952084764,3.068434238433838
2005-09-01,6,unrate,4.8,5.38720588057506,5.445005961231835,5.0455251358729925,4.997030735015869
2005-10-01,1,infl_yoy,4.350104821802936,3.811095523375694,4.0572259692593775,3.479394132917551,3.6204659938812256
2005-10-01,1,unrate,5.0,5.1441499062694955,5.198011687762794,4.996109926829276,5.054042339324951
2005-10-01,3,infl_yoy,3.338549817423053,4.009590307850967,3.9802243434005176,3.1361364360070128,3.200972557067871
2005-10-01,3,unrate,4.9,5.192043060509154,5.20932949926995,5.066325135988023,5.074160099029541
2005-10-01,6,infl_yoy,3.4179181771103018,2.976018368219838,3.162670581663888,3.3276602671963205,3.122020721435547
2005-10-01,6,unrate,4.7,5.328318078689841,5.305778874000528,5.099733906037088,5.001616954803467
2005-11-01,1,infl_yoy,3.338549817423053,3.213054195382453,3.1604639717023764,3.395164319966918,3.2737057209014893
2005-11-01,1,unrate,5.0,5.063227002752231,5.019901165469356,5.035054388375904,4.970898151397705
2005-11-01,3,infl_yoy,4.018789144050117,3.939579333450025,3.9239988802314802,3.410033535553885,3.5848937034606934
2005-11-01,3,unrate,4.7,4.961753535732978,4.95585889654587,5.03330415276321,4.94980525970459
2005-11-01,6,infl_yoy,3.613835828600931,3.3423715697664758,3.458709606214629,3.4570675221705405,3.4282071590423584
2005-11-01,6,unrate,4.7,5.015978017596985,4.954382084506499,5.022099369309734,4.861598014831543
2005-12-01,1,infl_yoy,3.338549817423053,3.802261854309104,3.6080258111656924,3.562838506801667,3.4674103260040283
2005-12-01,1,unrate,4.9,4.963289517850682,4.913048483272833,4.96154709261327,4.896676540374756
2005-12-01,3,infl_yoy,3.63825363825363,3.744010123086012,3.5112385044648953,3.4609243411657644,3.592848777770996
2005-12-01,3,unrate,4.8,4.932593644747643,4.9494029213172555,4.94816965104917,4.9130449295043945
2005-12-01,6,infl_yoy,3.977272727272729,4.058829905217257,3.794270043643529,3.552124753638756,3.946401357650757
2005-12-01,6,unrate,4.6,4.747466540973158,4.666649250102246,4.974014752242095,4.748938083648682
2006-01-01,1,infl_yoy,4.018789144050117,4.47653801150462,4.244417421510198,3.6072098894403797,4.131503105163574
2006-01-01,1,unrate,4.7,4.726608689199209,4.796636141313314,4.727147868961104,4.698632717132568
2006-01-01,3,infl_yoy,3.4179181771103018,3.7847312562551987,3.571519343724535,3.4496341503018355,3.364609479904175
2006-01-01,3,unrate,4.7,4.871145458627197,4.910063579896917,4.935937855009914,4.811237812042236
2006-01-01,6,infl_yoy,4.1817243159525175,4.197211053948177,4.015775035836803,3.7146382455158578,3.944270610809326
2006-01-01,6,unrate,4.6,4.732882238244281,4.69452270672284,4.856631095348879,4.667405605316162
2006-02-01,1,infl_yoy,3.63825363825363,3.33464145260759,3.3330249770418967,3.6079319093871005,3.612119436264038
2006-02-01,1,unrate,4.8,4.920290488715329,4.975721568289896,4.87343142682481,4.870642185211182
2006-02-01,3,infl_yoy,3.613835828600931,3.1290944457330525,3.1607066853967347,3.470103049747414,3.5624091625213623
2006-02-01,3,unrate,4.7,4.849042324834004,4.976267438098404,4.8756774197379835,4.805563926696777
2006-02-01,6,infl_yoy,4.104669061056954,3.8752607865028894,3.5717424997357594,3.8918175208742882,3.867117166519165
2006-02-01,6,unrate,4.7,4.629692778408914,4.742706319282546,4.834183534748703,4.707418918609619
2006-03-01,1,infl_yoy,3.4179181771103018,3.496377177093297,3.3031692152755094,3.6006441665289857,3.509000301361084
2006-03-01,1,unrate,4.7,4.770295996587562,4.867271984278461,4.710063432809022,4.703335285186768
2006-03-01,3,infl_yoy,3.977272727272729,3.7559397881716245,3.542626513067641,3.6008993718738487,3.707864999771118
2006-03-01,3,unrate,4.6,4.603570010534437,4.7254228414063535,4.8000255708246815,4.6766862869262695
2006-03-01,6,infl_yoy,3.926568077511483,3.0938395607167144,3.0945512926253924,3.8800012913697275,3.7262513637542725
2006-03-01,6,unrate,4.7,4.2729079676334045,4.584336003726269,4.800317762599458,4.6769118309021
2006-04-01,1,infl_yoy,3.613835828600931,3.8389433994753785,3.759051770464396,3.630889479070275,3.7302029132843018
2006-04-01,1,unrate,4.7,4.835318406566701,4.774566511011738,4.735397396149604,4.71038818359375
2006-04-01,3,infl_yoy,4.1817243159525175,4.4756493870470795,3.94670402993557,3.6013488533909617,3.66232967376709
2006-04-01,3,unrate,4.6,4.753314476940749,4.694072947599823,4.7479868251788915,4.632270812988281
2006-04-01,6,infl_yoy,2.012072434607637,3.0529851359243922,3.012357330973167,3.5026386961289586,3.2971086502075195
2006-04-01,6,unrate,4.5,4.580544361980122,4.656540668361756,4.746738799265447,4.6204094886779785
2006-05-01,1,infl_yoy,3.977272727272729,4.196505318829549,3.9757106220449328,3.604953249581473,3.6834349632263184
2006-05-01,1,unrate,4.6,4.727229190772482,4.653456138897749,4.668551118815826,4.666146278381348
2006-05-01,3,infl_yoy,4.104669061056954,3.6959975755917447,3.883572137015785,3.657137361403264,3.712308168411255
2006-05-01,3,unrate,4.7,4.753302199942597,4.726124050536615,4.7232158213862165,4.64296293258667
2006-05-01,6,infl_yoy,1.4063284781516971,3.7085228805891037,3.6213951066966454,3.022750005509943,2.733982801437378
2006-05-01,6,unrate,4.4,4.964828939705976,4.885845896645983,4.703144536771211,4.54200553894043
2006-06-01,1,infl_yoy,4.1817243159525175,4.055838103782844,4.025650146583917,3.505599876998744,3.529256820678711
2006-06-01,1,unrate,4.6,4.614258786485898,4.635456161044202,4.612209582737526,4.633212089538574
2006-06-01,3,infl_yoy,3.926568077511483,3.932540006394813,3.902045509596536,3.7486600842744027,3.751542568206787
2006-06-01,3,unrate,4.7,4.5234414256794055,4.6835149197808965,4.702990280054482,4.701870918273926
2006-06-01,6,infl_yoy,1.9687026754164672,4.322954918132571,3.9668342050211858,2.963152451612858,3.1983044147491455
2006-06-01,6,unrate,4.5,4.7943023494223045,4.83378397401205,4.838328263174734,4.650574684143066
2006-07-01,1,infl_yoy,4.104669061056954,3.8224957352760613,3.9327475394411815,3.6336367541020853,3.6496384143829346
2006-07-01,1,unrate,4.7,4.633200175931542,4.7291312611845635,4.638894358990684,4.66247034072876
2006-07-01,3,infl_yoy,2.012072434607637,4.101856422986711,3.9141863956556793,3.2632900106992615,2.991795539855957
2006-07-01,3,unrate,4.5,4.6618590069944155,4.716422089490518,4.70103628961338,4.618259906768799
2006-07-01,6,infl_yoy,2.5239777889954462,3.5662525412588097,3.4706668483589675,2.8873299806009443,2.9549975395202637
2006-07-01,6,unrate,4.4,4.6112274317216215,4.68990775254276,4.783232257805834,4.696839332580566
2006-08-01,1,infl_yoy,3.926568077511483,4.052687329656863,3.8852544747569375,3.6887106794708338,3.555492639541626
2006-08-01,1,unrate,4.7,4.63728859643115,4.718949622672868,4.618007149794652,4.7020039558410645
2006-08-01,3,infl_yoy,1.4063284781516971,3.482682808022859,3.7321221537404417,2.8600913041058686,2.6289925575256348
2006-08-01,3,unrate,4.4,4.758560604909941,4.779538259495885,4.620983141959186,4.599876403808594
2006-08-01,6,infl_yoy,2.075765178123423,3.04368305231282,3.0944038492563597,2.59283028534737,2.27020263671875
2006-08-01,6,unrate,4.6,4.690956937721143,4.7342066665374185,4.752865775305991,4.662762641906738
2006-09-01,1,infl_yoy,2.012072434607637,1.7951803288456865,2.049415173815411,2.0874125346491095,2.0670485496520996
2006-09-01,1,unrate,4.5,4.722934342268875,4.63409528506352,4.578159473962569,4.6510748863220215
2006-09-01,3,infl_yoy,1.9687026754164672,3.215067565856039,3.1748107840757656,1.843735371563956,2.0820724964141846
2006-09-01,3,unrate,4.5,4.8394197656636555,4.742381595235166,4.606857722285492,4.675036907196045
2006-09-01,6,infl_yoy,2.420260782347028,2.5635501476644773,2.7784845430615457,1.8966409645745788,2.297919750213623
2006-09-01,6,unrate,4.5,4.790352660946989,4.76252962252145,4.817415077922144,4.863288402557373
2006-10-01,1,infl_yoy,1.4063284781516971,2.2376817320865436,1.8209023019883945,1.4977676357609233,1.5108304023742676
2006-10-01,1,unrate,4.4,4.765822995839987,4.579598613212342,4.369571815439462,4.479954719543457
2006-10-01,3,infl_yoy,2.5239777889954462,2.592939188067893,2.352049827180127,1.691589017056122,1.9669163227081299
2006-10-01,3,unrate,4.4,4.690937085343573,4.645304651792025,4.509745841679551,4.623541831970215
2006-10-01,6,infl_yoy,2.798197295943927,1.6693740283802947,1.8385607819553806,2.1503787918365402,2.227548360824585
2006-10-01,6,unrate,4.4,4.692498794866763,4.74976657891905,4.844891973505934,4.901859760284424
2006-11-01,1,infl_yoy,1.9687026754164672,2.771689934839372,2.22828325300525,1.7536123091904383,1.7062110900878906
2006-11-01,1,unrate,4.5,4.633104540688044,4.5453525343490995,4.525750741926633,4.541177272796631
2006-11-01,3,infl_yoy,2.075765178123423,2.3567038221877303,2.4408700460638224,2.0161315038065335,2.1530725955963135
2006-11-01,3,unrate,4.6,4.5145855835154425,4.658828483791076,4.578442021142198,4.5972747802734375
2006-11-01,6,infl_yoy,2.5929247633283525,1.7190139613011366,1.7971916172438323,2.269460690407062,2.2672276496887207
2006-11-01,6,unrate,4.5,4.643450754569108,4.7383252955384005,4.780075110608362,4.820242881774902
2006-12-01,1,infl_yoy,2.5239777889954462,2.3518506935340846,2.470063885737003,2.705913460242724,2.457185745239258
2006-12-01,1,unrate,4.4,4.45625881272959,4.495777084714158,4.415554231454819,4.477452278137207
2006-12-01,3,infl_yoy,2.420260782347028,2.0512830107113063,2.1326311805056033,2.6747527949911847,2.4447991847991943
2006-12-01,3,unrate,4.5,4.44983337396928,4.616961187028795,4.52925785478049,4.556360244750977
2006-12-01,6,infl_yoy,2.709885742672613,1.7834058817116407,2.07956435048047,2.4362470415089224,2.5491912364959717
2006-12-01,6,unrate,4.4,4.30232035393562,4.565817271702425,4.711835384830125,4.762356758117676
2007-01-01,1,infl_yoy,2.075765178123423,1.7401639652332075,1.8266746774131708,2.1092694202733218,2.18054461479187
2007-01-01,1,unrate,4.6,4.554620625031578,4.60015250821338,4.571048754927092,4.612777233123779
2007-01-01,3,infl_yoy,2.798197295943927,1.7223591732090582,2.0837940229803853,2.068120736411492,2.173969268798828
2007-01-01,3,unrate,4.4,4.490584309338129,4.652197024119582,4.509180790295607,4.514804840087891
2007-01-01,6,infl_yoy,2.692765113974227,1.3959870146485407,1.6969034369417484,2.2784816921291067,2.393420696258545
2007-01-01,6,unrate,4.6,4.2800088839468575,4.530654343102182,4.766717756796284,4.666726112365723
2007-02-01,1,infl_yoy,2.420260782347028,2.5612313333409253,2.5313978367225825,2.352901909468909,2.209871768951416
2007-02-01,1,unrate,4.5,4.581159070608056,4.570161329122412,4.477868087158799,4.5139031410217285
2007-02-01,3,infl_yoy,2.5929247633283525,2.061538663714415,2.080864771880357,2.4285279126897397,2.3165085315704346
2007-02-01,3,unrate,4.5,4.568694977038575,4.541247800807686,4.498877194022224,4.467685699462891
2007-02-01,6,infl_yoy,2.317890586495808,1.058728202944946,1.494357428118382,2.4027379814005125,2.369080066680908
2007-02-01,6,unrate,4.7,4.406886792090613,4.524903271275219,4.757320653479569,4.724983215332031
2007-03-01,1,infl_yoy,2.798197295943927,2.619879568341423,2.579969074677127,2.7660588385436506,2.8352012634277344
2007-03-01,1,unrate,4.4,4.552315167352968,4.447877929006651,4.4293032532912555,4.420559406280518
2007-03-01,3,infl_yoy,2.709885742672613,2.508762460357348,2.5861529768505136,2.7138789863221815,2.722153425216675
2007-03-01,3,unrate,4.4,4.484412722621357,4.474747938911491,4.446507614549603,4.382735729217529
2007-03-01,6,infl_yoy,1.897448478900876,2.714665896758871,2.63258713686772,2.510077080009992,2.536407232284546
2007-03-01,6,unrate,4.6,4.612604748125819,4.539687606125648,4.639026056242356,4.709891319274902
2007-04-01,1,infl_yoy,2.5929247633283525,2.212110669764045,2.4459620664003148,2.666290626315006,2.7088475227355957
2007-04-01,1,unrate,4.5,4.518699089832095,4.511958391245693,4.480062239813513,4.463684558868408
2007-04-01,3,infl_yoy,2.692765113974227,2.3761664726734595,2.44897023100338,2.8012716213787145,2.6835789680480957
2007-04-01,3,unrate,4.6,4.464913152223426,4.510628883261368,4.454818912718663,4.488457679748535
2007-04-01,6,infl_yoy,2.8338264299802685,3.265721332841594,3.1664417946081747,2.556927881663413,2.5027124881744385
2007-04-01,6,unrate,4.7,4.606941718236227,4.551551310885274,4.692816953050641,4.699917316436768
2007-05-01,1,infl_yoy,2.709885742672613,2.6962640950255214,2.668035606993485,2.6723379142362074,2.767155885696411
2007-05-01,1,unrate,4.4,4.379073579347941,4.400575054480753,4.437092431124947,4.457225322723389
2007-05-01,3,infl_yoy,2.317890586495808,2.046840886120179,2.3458673547202653,2.794752478036567,2.8070895671844482
2007-05-01,3,unrate,4.7,4.472457222834431,4.459765105793944,4.524581313368196,4.5181427001953125
2007-05-01,6,infl_yoy,3.610698365527476,3.088338404002794,3.0571596413901747,2.7666411822709067,2.6533219814300537
2007-05-01,6,unrate,4.7,4.537161685843211,4.521221457363354,4.655670868604211,4.706917762756348
2007-06-01,1,infl_yoy,2.692765113974227,2.5231361496949636,2.7038915032614828,2.7015501099286503,2.812664031982422
2007-06-01,1,unrate,4.6,4.495259166771123,4.581755861045701,4.546243937252493,4.510680198669434
2007-06-01,3,infl_yoy,1.897448478900876,2.593937196002768,2.5376980554456092,2.6755350865255316,2.829841375350952
2007-06-01,3,unrate,4.6,4.578267781319161,4.608789464877718,4.576586229449939,4.582172870635986
2007-06-01,6,infl_yoy,4.373267326732666,2.6368972172696714,2.6236763343886413,2.9751061125976213,2.7313175201416016
2007-06-01,6,unrate,4.7,4.636050291424613,4.716929504831,4.705777782111942,4.754519462585449
2007-07-01,1,infl_yoy,2.317890586495808,2.214608826287674,2.410198417477818,2.39510214099117,2.618178129196167
2007-07-01,1,unrate,4.7,4.644346621985616,4.698375813340821,4.611442593705177,4.639540672302246
2007-07-01,3,infl_yoy,2.8338264299802685,2.6207741021783244,2.7783349785148834,2.6165409914704383,2.6034345626831055
2007-07-01,3,unrate,4.7,4.668608911087528,4.730971160688412,4.602891269637383,4.605672359466553
2007-07-01,6,infl_yoy,4.108813392417532,2.8415701174661394,2.992713990141298,2.4997866913643234,2.5401298999786377
2007-07-01,6,unrate,5.0,4.7934777657653,4.809497711897039,4.753217995642882,4.710582256317139
2007-08-01,1,infl_yoy,1.897448478900876,2.0533015526059697,2.063980690411756,1.885962536779934,2.0773239135742188
2007-08-01,1,unrate,4.6,4.678102427268348,4.64747520461538,4.617291435383625,4.612585544586182
2007-08-01,3,infl_yoy,3.610698365527476,2.413573346499194,2.473356434545562,2.3304296971708003,2.4504427909851074
2007-08-01,3,unrate,4.7,4.799425864076446,4.8054918834508875,4.659798531268037,4.660696983337402
2007-08-01,6,infl_yoy,4.294695655165981,2.59387473931085,2.7150994519048623,2.5263429177365477,2.9715664386749268
2007-08-01,6,unrate,5.0,4.812861697653545,4.915171956660633,4.749724097261546,4.762885570526123
2007-09-01,1,infl_yoy,2.8338264299802685,2.975929327597298,3.0643283495006814,2.6941580408571095,2.7633392810821533
2007-09-01,1,unrate,4.7,4.697741004320019,4.7127026844348086,4.628043855633391,4.647720813751221
2007-09-01,3,infl_yoy,4.373267326732666,2.463859194027454,2.4889121629480084,2.8401913307043234,3.187347173690796
2007-09-01,3,unrate,4.7,4.81814807083483,4.813370630874614,4.61308706900697,4.660819053649902
2007-09-01,6,infl_yoy,4.142959270611968,2.804491671969358,2.82285179646287,2.939898642126504,2.9108080863952637
2007-09-01,6,unrate,4.9,4.90379847449336,4.853331000128959,4.768440112616643,4.721310615539551
2007-10-01,1,infl_yoy,3.610698365527476,3.38451943524061,3.4254240590935985,3.739063609454264,3.6611740589141846
2007-10-01,1,unrate,4.7,4.80081690979595,4.753041246602669,4.65125981755176,4.691168785095215
2007-10-01,3,infl_yoy,4.108813392417532,3.2382361408306486,3.1981623698985175,3.052804489448653,2.832420825958252
2007-10-01,3,unrate,5.0,4.877955588135384,4.8735929190960015,4.749660026663448,4.797494411468506
2007-10-01,6,infl_yoy,3.9749035501344334,3.5386634761984235,3.34028219019632,3.325691193310456,3.0158016681671143
2007-10-01,6,unrate,5.1,4.911320563067584,4.969980657990819,4.787257017316497,4.729893207550049
2007-11-01,1,infl_yoy,4.373267326732666,4.204266405260068,4.127522721892017,3.6334150220136845,3.5640406608581543
2007-11-01,1,unrate,4.7,4.752805572351746,4.753849508448104,4.678707750861638,4.767152786254883
2007-11-01,3,infl_yoy,4.294695655165981,4.437902429475165,3.907745738561112,3.5238288077824143,3.632779359817505
2007-11-01,3,unrate,5.0,4.85564008432709,4.891947579736813,4.758039740116027,4.836755752563477
2007-11-01,6,infl_yoy,3.903760975988813,4.609391247795914,4.143033470953741,3.1433262548240304,3.421111583709717
2007-11-01,6,unrate,5.0,5.099457386806872,5.016735915446081,4.812588627525557,4.82093620300293
2007-12-01,1,infl_yoy,4.108813392417532,4.182237322730113,3.9433982499582685,3.7229743667101904,3.7920572757720947
2007-12-01,1,unrate,5.0,4.970329055403128,4.989267621055334,4.941728752594678,4.974993705749512
2007-12-01,3,infl_yoy,4.142959270611968,4.599872305328931,3.961387476047249,3.4459399604856755,2.9481143951416016
2007-12-01,3,unrate,4.9,5.115483036408775,5.110074312640335,4.986571107945203,4.895030498504639
2007-12-01,6,infl_yoy,4.088413823123993,4.233692152693567,3.964862754504508,2.9239140491016378,3.4731414318084717
2007-12-01,6,unrate,5.4,5.387158623191411,5.257357912975642,4.955784035165065,4.960461139678955
2008-01-01,1,infl_yoy,4.294695655165981,4.2423044347527945,4.098461172152202,3.8322516650770093,3.844207286834717
2008-01-01,1,unrate,5.0,5.036313233094318,5.052058826547409,4.989748501959856,4.987664222717285
2008-01-01,3,infl_yoy,3.9749035501344334,4.503959398272077,3.862319732439979,3.239877882598624,2.7960574626922607
2008-01-01,3,unrate,5.1,5.176019389582495,5.118123656622705,5.018785698432419,4.967405796051025
2008-01-01,6,infl_yoy,4.935966105947864,4.391357164769017,4.212095657753095,3.2073672345530304,3.6742701530456543
2008-01-01,6,unrate,5.6,5.580724097304772,5.379359817891923,5.01987492066873,5.129462242126465
2008-02-01,1,infl_yoy,4.142959270611968,4.430345467730625,4.038035818481296,3.910865421117289,3.7200050354003906
2008-02-01,1,unrate,4.9,5.21209985867387,5.042171886313345,4.926944356026669,4.989161491394043
2008-02-01,3,infl_yoy,3.903760975988813,4.504456647915497,3.9922758730283716,3.073947053805717,2.8071508407592773
2008-02-01,3,unrate,5.0,5.350262472521228,5.200250989757946,4.982347462810756,4.951080799102783
2008-02-01,6,infl_yoy,5.497512078341837,5.027151851209599,4.34538741141645,3.5430928983322776,3.666059970855713
2008-02-01,6,unrate,5.8,5.921148955034337,5.643756076728285,5.092898122024673,5.292752742767334
2008-03-01,1,infl_yoy,3.9749035501344334,3.8227029363289105,3.9259689642214948,3.719440758248033,3.3909151554107666
2008-03-01,1,unrate,5.1,5.108864717450701,5.179477950196544,5.047595315707971,5.147701740264893
2008-03-01,3,infl_yoy,4.088413823123993,4.194388589476513,4.007620651250696,3.2130858727550207,3.261756658554077
2008-03-01,3,unrate,5.4,5.523001190877768,5.4148434432282295,5.1520556592456535,5.405069828033447
2008-03-01,6,infl_yoy,5.308017162091239,4.802547976438003,4.261400986082403,3.6362412113899594,3.765019655227661
2008-03-01,6,unrate,6.1,6.233421077189599,5.984374071167757,5.542364215654889,5.862055778503418
2008-04-01,1,infl_yoy,3.903760975988813,4.45837375186923,4.016723271725772,3.7451081353112654,3.7743074893951416
2008-04-01,1,unrate,5.0,5.2499636931592555,5.175889478311793,5.01437129830415,5.078403949737549
2008-04-01,3,infl_yoy,4.935966105947864,4.4115734531852855,4.280188811575031,3.7162857725291873,4.028318405151367
2008-04-01,3,unrate,5.6,5.731880942946515,5.55705537441157,5.284446691641692,5.540346622467041
2008-04-01,6,infl_yoy,4.953319875136075,4.2954152387916835,3.879545857858643,3.7098219267504544,3.7033934593200684
2008-04-01,6,unrate,6.1,6.254326481646917,6.160899095839022,5.804010548316903,5.915541648864746
2008-05-01,1,infl_yoy,4.088413823123993,4.16001618901602,4.184178568443513,3.996692631495222,4.043195724487305
2008-05-01,1,unrate,5.4,5.341645620497414,5.465754714069074,5.364658776607497,5.391491889953613
2008-05-01,3,infl_yoy,5.497512078341837,4.625779763380314,4.485094916070218,4.04569585064031,4.261951446533203
2008-05-01,3,unrate,5.8,5.832652047751793,5.813865407364184,5.511748517890781,5.717320919036865
2008-05-01,6,infl_yoy,3.7310578899565128,3.3512947949001397,3.119350397811236,3.7822036234051977,3.2019057273864746
2008-05-01,6,unrate,6.5,6.472763846455416,6.345436792818276,5.9210590840615955,6.225191593170166
2008-06-01,1,infl_yoy,4.935966105947864,5.411345556969804,5.0939873523247705,4.1553302870478985,4.353962421417236
2008-06-01,1,unrate,5.6,5.784434965430198,5.718369720360771,5.533589836461795,5.582154273986816
2008-06-01,3,infl_yoy,5.308017162091239,4.818226959482081,4.849754373693369,3.828689472371784,3.87471079826355
2008-06-01,3,unrate,6.1,6.1448374138445505,6.092499790877762,5.840934926455552,5.998721599578857
2008-06-01,6,infl_yoy,1.0999174706166848,3.695815785162961,3.637941570547813,2.8721715743573806,2.0078070163726807
2008-06-01,6,unrate,6.8,6.640758834964329,6.535262716414476,6.194880505461969,6.5731635093688965
2008-07-01,1,infl_yoy,5.497512078341837,5.092690991188258,5.130310413500705,4.263444280510768,4.711973190307617
2008-07-01,1,unrate,5.8,5.797116161111002,5.871621466252497,5.7211750470646665,5.784533977508545
2008-07-01,3,infl_yoy,4.953319875136075,4.730593035692448,4.3829379370398005,3.8521817122196493,4.044421672821045
2008-07-01,3,unrate,6.1,6.185226904734284,6.169322600159148,5.974532193602825,6.1596999168396
2008-07-01,6,infl_yoy,-0.022228002553859,3.080111437498055,3.045352383482184,2.274140495874729,1.4051584005355835
2008-07-01,6,unrate,7.3,6.69609294998621,6.638115062168334,6.401894741965905,6.914977550506592
2008-08-01,1,infl_yoy,5.308017162091239,4.829557826285466,4.85443387829074,4.410679072792282,4.432272434234619
2008-08-01,1,unrate,6.1,6.179099169949221,6.154605625396892,6.148982605303193,6.162599563598633
2008-08-01,3,infl_yoy,3.7310578899565128,4.5484499640775,4.00476067755997,3.7888036513024845,3.342900514602661
2008-08-01,3,unrate,6.5,6.523955349615312,6.415728526593338,6.101202083004717,6.460245609283447
2008-08-01,6,infl_yoy,-0.1135860190221271,2.8658486202423017,2.925943403678956,1.642170918804045,1.2458579540252686
2008-08-01,6,unrate,7.8,7.021793636339613,6.879950050723838,6.6546551981644075,7.115448474884033
2008-09-01,1,infl_yoy,4.953319875136075,4.623405698511128,4.475703913998066,4.620823954842906,4.5769476890563965
2008-09-01,1,unrate,6.1,6.320469085656179,6.244349962854762,6.147462377521861,6.226441860198975
2008-09-01,3,infl_yoy,1.0999174706166848,3.346459393751045,3.3873629118842974,3.4247017474841637,2.8532238006591797
2008-09-01,3,unrate,6.8,6.842771595552924,6.695513615055337,6.295759637700622,6.749229907989502
2008-09-01,6,infl_yoy,0.0084631406715107,2.339883197472779,2.3230245968838235,1.150616584040631,0.8172890543937683
2008-09-01,6,unrate,8.3,7.816121207305812,7.558819343610246,7.196386814411081,7.539079189300537
2008-10-01,1,infl_yoy,3.7310578899565128,3.048020848317858,2.973298392054039,3.9420323119329934,3.9307706356048584
2008-10-01,1,unrate,6.5,6.747911952485083,6.709758991609583,6.265617536483985,6.549601078033447
2008-10-01,3,infl_yoy,-0.022228002553859,2.5203275793690056,2.5010753737751443,2.961060652575964,2.1093780994415283
2008-10-01,3,unrate,7.3,7.093061153009921,7.035364955427228,6.498498933290651,6.852158069610596
2008-10-01,6,infl_yoy,-0.4464787676623838,2.442222240099425,2.2297312010457087,0.7417952540135677,1.1613545417785645
2008-10-01,6,unrate,8.7,7.615375448678503,7.467180637961576,7.495605099187876,7.333302974700928
2008-11-01,1,infl_yoy,1.0999174706166848,0.21069337776320252,0.47033270249508297,1.692789004712167,1.932600736618042
2008-11-01,1,unrate,6.8,6.768620407334289,6.8998141385642,6.511230770768622,6.767706394195557
2008-11-01,3,infl_yoy,-0.1135860190221271,1.3440428870467704,1.1688831920852507,1.9611859644236387,1.6341041326522827
2008-11-01,3,unrate,7.8,7.501707823293232,7.399149324808675,6.814751762405979,7.394489288330078
2008-11-01,6,infl_yoy,-0.5763244243767063,0.32006385215264244,0.4336349346645263,0.7130962147857843,0.9270954728126526
2008-11-01,6,unrate,9.0,7.666444448423922,7.561427006853808,7.602629105844276,8.175055503845215
2008-12-01,1,infl_yoy,-0.022228002553859,0.38923667644222215,0.004219182871059601,1.3918124058168753,1.1296175718307495
2008-12-01,1,unrate,7.3,7.422585250876888,7.369113473877256,7.016149323049674,7.083075046539307
2008-12-01,3,infl_yoy,0.0084631406715107,-0.24983827072318876,-0.5703127912640547,1.3478391690517924,1.1462966203689575
2008-12-01,3,unrate,8.3,7.78626185448878,7.758361470801601,7.128431537906539,7.524208068847656
2008-12-01,6,infl_yoy,-1.015761495855172,-2.5780725200266565,-2.2212282946597646,0.48293480120796334,-0.24175162613391876
2008-12-01,6,unrate,9.4,8.137015162785477,8.03201069176771,7.7748989479048705,9.027861595153809
2009-01-01,1,infl_yoy,-0.1135860190221271,0.188717880182657,-0.07134225261093308,1.0357228550940993,0.6224222183227539
2009-01-01,1,unrate,7.8,8.035649535076887,8.036939917066213,7.396258661178861,7.3846306800842285
2009-01-01,3,infl_yoy,-0.4464787676623838,-1.774344449236223,-1.5961944083734512,0.9360854770572105,0.25776317715644836
2009-01-01,3,unrate,8.7,8.321819274418706,8.355908688422222,7.501263410609002,8.131162643432617
2009-01-01,6,infl_yoy,-1.2291746182109151,-4.211815532001286,-3.3051872992359277,0.1947664464979565,-0.8385953307151794
2009-01-01,6,unrate,9.5,8.859064822371273,8.802056451872886,7.9188487760089945,9.08852767944336
2009-02-01,1,infl_yoy,0.0084631406715107,-0.3117549499368715,-0.060402810022624376,0.8316396173558015,0.2265820950269699
2009-02-01,1,unrate,8.3,8.29602441551931,8.35293141788458,7.57616868402925,7.386099815368652
2009-02-01,3,infl_yoy,-0.5763244243767063,-1.2304867220858475,-0.5666133585465998,0.6510958119833182,0.04878223314881325
2009-02-01,3,unrate,9.0,8.69319841951847,8.815736830924507,7.800782613464966,8.183691024780273
2009-02-01,6,infl_yoy,-1.958761003762277,-4.436655369092415,-3.5406150556320886,-0.2481701333846551,-1.4064254760742188
2009-02-01,6,unrate,9.5,8.753714202747704,9.056724162070447,8.23659434918152,9.174409866333008
2009-03-01,1,infl_yoy,-0.4464787676623838,-0.5728021904670153,-0.3069383338494167,0.5801078197339806,-0.03557408228516579
2009-03-01,1,unrate,8.7,8.890557915393547,8.850782012669546,7.748696311956876,8.269309997558594
2009-03-01,3,infl_yoy,-1.015761495855172,-1.2942031140793953,-0.5966444579250534,0.33132356413615077,-0.2996065020561218
2009-03-01,3,unrate,9.4,9.20546052973222,9.324786491963245,8.018545356930652,9.19338321685791
2009-03-01,6,infl_yoy,-1.4838355663267633,-4.1167867049025535,-3.530868065939412,-0.43210127197116116,-1.5965453386306763
2009-03-01,6,unrate,9.6,9.230815766305302,9.328146336972553,8.582257864357866,9.45064926147461
2009-04-01,1,infl_yoy,-0.5763244243767063,-0.23482956420924994,0.1391722286201027,0.4003679849846284,-0.09623128920793533
2009-04-01,1,unrate,9.0,9.145212631064455,9.16086834383854,7.978412513956634,8.506606101989746
2009-04-01,3,infl_yoy,-1.2291746182109151,-2.2371117489778243,-1.603231013325078,0.025932066736336815,-0.6469851136207581
2009-04-01,3,unrate,9.5,9.261956992724631,9.312638265573169,8.272396878121874,9.169890403747559
2009-04-01,6,infl_yoy,-1.377942862886472,-2.795732831396762,-2.511897275189368,-0.4085282192371213,-1.2168705463409424
2009-04-01,6,unrate,9.8,9.339015728701815,9.248151650672087,8.657734204684202,9.667040824890137
2009-05-01,1,infl_yoy,-1.015761495855172,-1.1532969508758968,-0.8102985721993936,0.06713006545208927,-0.5843139886856079
2009-05-01,1,unrate,9.4,9.343529057532745,9.479100975176546,8.186894275169275,9.01229190826416
2009-05-01,3,infl_yoy,-1.958761003762277,-2.2829622183634917,-1.8162433290264488,0.055841323994448196,-1.3786430358886719
2009-05-01,3,unrate,9.5,9.406682129267367,9.407779194381384,8.46913934953935,9.394251823425293
2009-05-01,6,infl_yoy,-0.2239682942003384,2.4606174107982706,2.0726734285908712,0.05477262451232785,-0.2034265697002411
2009-05-01,6,unrate,10.0,9.424966339815917,9.154786291172515,8.537893290043288,9.340448379516602
2009-06-01,1,infl_yoy,-1.2291746182109151,-1.9846027433905236,-1.632313646858468,-0.13760359575666092,-0.8565302491188049
2009-06-01,1,unrate,9.5,9.442741860610447,9.54373290545854,8.361425708605122,9.361761093139648
2009-06-01,3,infl_yoy,-1.4838355663267633,-2.6868380119783604,-2.4866908458794783,-0.39623653020699096,-1.584435224533081
2009-06-01,3,unrate,9.6,9.33297778032281,9.440276004315342,8.620230024142524,9.44698715209961
2009-06-01,6,infl_yoy,1.9145871744709275,3.3538126739174805,2.998520153459462,1.0995116176485649,0.9689010977745056
2009-06-01,6,unrate,9.9,9.150878362790305,9.280825627646756,9.030612634587632,9.416999816894531
2009-07-01,1,infl_yoy,-1.958761003762277,-2.7030287103439767,-2.331465659759641,-0.41753520899591123,-1.6499500274658203
2009-07-01,1,unrate,9.5,9.52031292559876,9.496494335551608,8.53776673326673,9.437445640563965
2009-07-01,3,infl_yoy,-1.377942862886472,-1.1994628065204354,-1.036475614455671,-0.30493226684909613,-1.156069040298462
2009-07-01,3,unrate,9.8,9.446535577929138,9.443975860205963,8.947062529137531,9.594843864440918
2009-07-01,6,infl_yoy,2.8141231232083674,4.090858441666372,4.009536769388771,1.7756548152347307,2.295917510986328
2009-07-01,6,unrate,9.9,9.048067614231725,9.10062742465989,9.123691999813053,9.157379150390625
2009-08-01,1,infl_yoy,-1.4838355663267633,-0.9266791987532712,-0.9756095132487497,-0.5052523735089259,-1.3839898109436035
2009-08-01,1,unrate,9.6,9.454928350352777,9.491482222724327,8.647255588855588,9.45091438293457
2009-08-01,3,infl_yoy,-0.2239682942003384,-0.2556432349546651,-0.1691648655352771,0.8003533623583947,1.4296048879623413
2009-08-01,3,unrate,10.0,9.237859726171068,9.374375072294164,9.053514247598807,9.499137878417969
2009-08-01,6,infl_yoy,2.621111388976716,4.139190871388454,4.047590091701891,2.1644097211137963,2.515030860900879
2009-08-01,6,unrate,9.8,8.931387128920004,8.92014226917945,8.882585268897767,9.014095306396484
2009-09-01,1,infl_yoy,-1.377942862886472,-1.5356476072160046,-1.2618658768090794,-0.6687899960930601,-0.9727696180343628
2009-09-01,1,unrate,9.8,9.716686137396106,9.69090060688725,8.895843181818186,9.643553733825684
2009-09-01,3,infl_yoy,1.9145871744709275,-0.15543409900843708,0.35781972715092314,1.441414837939136,1.3200619220733643
2009-09-01,3,unrate,9.9,9.320203551060477,9.409147617588767,9.252890806415806,9.486196517944336
2009-09-01,6,infl_yoy,2.151336357866529,3.721301692975821,3.7151896642270525,2.269876312955168,2.3647851943969727
2009-09-01,6,unrate,9.8,8.94023598829317,8.913137712075226,8.979308388231996,8.601374626159668
2009-10-01,1,infl_yoy,-0.2239682942003384,0.029263364656916035,0.34471591654295697,-0.5005186407762673,-0.26106685400009155
2009-10-01,1,unrate,10.0,9.764252697088288,9.87001074479582,9.048433270895769,9.205266952514648
2009-10-01,3,infl_yoy,2.8141231232083674,1.3365150002772326,1.548007132886776,1.8924298856478483,2.1239428520202637
2009-10-01,3,unrate,9.9,9.466728223438253,9.52156304759544,9.23366477664492,9.098204612731934
2009-10-01,6,infl_yoy,2.2861714393279886,3.824109192411872,3.7694600501568676,2.3667588713805365,2.4620907306671143
2009-10-01,6,unrate,9.9,9.229960431476483,9.148080770423492,9.2112267242948,9.292987823486328
2009-11-01,1,infl_yoy,1.9145871744709275,2.4927328981111394,2.404255474737453,1.176673062808377,1.0922603607177734
2009-11-01,1,unrate,9.9,9.731719323823814,9.783275274456656,9.216259387834388,9.05553913116455
2009-11-01,3,infl_yoy,2.621111388976716,1.824271332064971,1.9817910633502247,2.3626412884922723,2.3968698978424072
2009-11-01,3,unrate,9.8,9.482234855969004,9.41731232837213,9.14199954073704,8.553736686706543
2009-11-01,6,infl_yoy,2.2067707525304403,3.706870930320457,3.6994766792811102,2.3435672963159146,2.26841139793396
2009-11-01,6,unrate,9.9,9.473099158844438,9.286780386691941,8.954734016018381,9.096658706665039
2009-12-01,1,infl_yoy,2.8141231232083674,2.529480427224883,2.931324258883432,2.8786973697866656,2.8881030082702637
2009-12-01,1,unrate,9.9,9.65803693909026,9.803695815310437,9.39074027949175,9.396781921386719
2009-12-01,3,infl_yoy,2.151336357866529,2.6241068706960635,2.680110031386843,3.1459561217869747,2.5794525146484375
2009-12-01,3,unrate,9.8,9.614902508629081,9.567783697677386,9.32918177810322,8.87070083618164
2009-12-01,6,infl_yoy,2.003548929218568,3.0888180264194425,3.4142022197569926,2.894632274543775,2.8139431476593018
2009-12-01,6,unrate,9.6,9.533305839527713,9.262744744277615,9.047933994823547,8.95967960357666
2010-01-01,1,infl_yoy,2.621111388976716,2.393653268398676,2.3302336667592893,2.723299365709078,2.6820218563079834
2010-01-01,1,unrate,9.8,9.563737953420103,9.657713815054699,9.345338127889484,9.559134483337402
2010-01-01,3,infl_yoy,2.2861714393279886,2.40545750833442,2.544034822212552,2.8541488695038004,2.561001777648926
2010-01-01,3,unrate,9.9,9.64378290237302,9.51834857539956,9.409884905681697,9.539353370666504
2010-01-01,6,infl_yoy,1.1215605940686268,2.7786812221229327,2.9298803167057943,2.724846914060019,2.4313085079193115
2010-01-01,6,unrate,9.4,9.251787505704268,9.040728482978665,8.650272658060892,8.31125545501709
2010-02-01,1,infl_yoy,2.151336357866529,2.1639364679399042,2.188603643961347,2.280774325585594,2.2993123531341553
2010-02-01,1,unrate,9.8,9.653837959180265,9.716007682674201,9.42691349135471,9.623137474060059
2010-02-01,3,infl_yoy,2.2067707525304403,2.6689041139572853,2.751358605316389,2.5322796651622776,2.5684733390808105
2010-02-01,3,unrate,9.9,9.764371364947296,9.595407051099277,9.582307881145342,9.610071182250977
2010-02-01,6,infl_yoy,1.3407784804821077,2.163076364331544,2.3996847344995094,2.5581613351794483,2.131418228149414
2010-02-01,6,unrate,9.4,9.340830282499116,9.19280772860915,8.616043286615346,8.858848571777344
2010-03-01,1,infl_yoy,2.2861714393279886,2.3197888317395567,2.3632217829512636,2.28670691283971,2.323391914367676
2010-03-01,1,unrate,9.9,9.745575344606797,9.719448155935757,9.59381926839071,9.66519832611084
2010-03-01,3,infl_yoy,2.003548929218568,2.860281147126809,2.8270688646660362,2.569169647982278,2.916105031967163
2010-03-01,3,unrate,9.6,9.769757327464674,9.536723458793386,9.566430759595576,9.286603927612305
2010-03-01,6,infl_yoy,1.1501775395112546,2.5797698179164166,2.8835865266431093,2.314527532217218,2.417715072631836
2010-03-01,6,unrate,9.5,9.363482649982648,9.175113997278743,8.704935236504127,9.137330055236816
2010-04-01,1,infl_yoy,2.2067707525304403,2.439117281198302,2.37079028872937,2.2816230385902556,2.4083683490753174
2010-04-01,1,unrate,9.9,9.729848703450017,9.745279184637665,9.636158301824592,9.754729270935059
2010-04-01,3,infl_yoy,1.1215605940686268,2.5839026250687063,2.494371083572722,2.2119782258181013,2.235757827758789
2010-04-01,3,unrate,9.4,9.564768875275405,9.396950190242224,9.44858119374176,9.201131820678711
2010-04-01,6,infl_yoy,1.1183122472331777,2.535611442195215,2.5389922637005435,2.3485475363517607,2.133108615875244
2010-04-01,6,unrate,9.5,8.984907177621913,8.950416523871981,8.624727554851935,8.621533393859863
2010-05-01,1,infl_yoy,2.003548929218568,2.0809197212070942,2.0022658150713015,2.2266461784063427,1.961470365524292
2010-05-01,1,unrate,9.6,9.434578574300646,9.425208643016756,9.606688953611746,9.63951587677002
2010-05-01,3,infl_yoy,1.3407784804821077,2.398810293238736,2.384324341597084,2.207846207958995,1.9872453212738037
2010-05-01,3,unrate,9.4,9.043243786696952,8.888707247280959,9.359017766401127,8.957902908325195
2010-05-01,6,infl_yoy,1.1666951489314623,1.3739918086680913,1.250454770944484,2.3266245480616323,2.0425875186920166
2010-05-01,6,unrate,9.4,8.367993244081589,8.45243513723408,8.683943953986335,8.45246696472168
2010-06-01,1,infl_yoy,1.1215605940686268,1.5783707644983447,1.4960709066899143,1.7237600961620594,1.6903470754623413
2010-06-01,1,unrate,9.4,9.401738583346338,9.323051569204406,9.492915849999674,9.32606315612793
2010-06-01,3,infl_yoy,1.1501775395112546,2.57363412097424,2.599630587933119,2.232757039103983,2.1549575328826904
2010-06-01,3,unrate,9.5,9.171498861300726,9.067865660651307,9.406715861237146,9.300311088562012
2010-06-01,6,infl_yoy,1.084544776600338,0.8493760049266881,0.4987580929617166,2.2254489825327513,1.6606863737106323
2010-06-01,6,unrate,9.8,8.647627212278575,8.689719092772599,8.571771285517029,8.588809967041016
2010-07-01,1,infl_yoy,1.3407784804821077,1.9703556576436543,1.7793854964775475,1.6505167400866163,1.5495277643203735
2010-07-01,1,unrate,9.4,9.376285416123004,9.339807084288852,9.448979187728337,9.325450897216797
2010-07-01,3,infl_yoy,1.1183122472331777,2.5111661718123903,2.4450038179925,2.1525877765447827,2.149625062942505
2010-07-01,3,unrate,9.5,9.297777147453704,9.267676809589226,9.399926567507144,9.523378372192383
2010-07-01,6,infl_yoy,1.437793022217937,0.5783721729899274,0.49032981347717586,2.182572293028662,1.6313518285751343
2010-07-01,6,unrate,9.3,8.976081374654619,9.080861790772898,8.774959823020117,8.621079444885254
2010-08-01,1,infl_yoy,1.1501775395112546,1.5544164244205851,1.2685852009422096,1.1505230555286452,1.030127763748169
2010-08-01,1,unrate,9.5,9.629530589234129,9.494360552485004,9.404617150578183,9.432398796081543
2010-08-01,3,infl_yoy,1.1666951489314623,1.8266325303425508,1.558165049827398,1.9787077724639293,2.0701494216918945
2010-08-01,3,unrate,9.4,9.148600619501165,9.275800565575645,9.40851559033072,9.324485778808594
2010-08-01,6,infl_yoy,1.7007834915029774,0.5041698893175424,0.6721099893249203,2.1292452954543726,1.7397570610046387
2010-08-01,6,unrate,9.1,8.837659245998355,9.047507665464781,8.976320006056033,8.821857452392578
2010-09-01,1,infl_yoy,1.1183122472331777,1.7219122820037085,1.667317767418935,1.2936620586925667,1.3772573471069336
2010-09-01,1,unrate,9.5,9.541267459840228,9.435764902328511,9.350697888957452,9.42543888092041
2010-09-01,3,infl_yoy,1.084544776600338,1.6631006750514246,1.529443245836536,1.8579714335398767,1.6940666437149048
2010-09-01,3,unrate,9.8,9.280681175335419,9.363545367728722,9.529568975357288,9.301552772521973
2010-09-01,6,infl_yoy,2.124898173333145,0.6531319258147419,0.9431144955216673,2.0802353856827422,1.7116506099700928
2010-09-01,6,unrate,9.0,8.892706992818066,8.949285088631306,8.753275862862626,8.985638618469238
2010-10-01,1,infl_yoy,1.1666951489314623,1.349333571400891,1.3204205296472684,1.298240961650889,1.231113076210022
2010-10-01,1,unrate,9.4,9.146764230619148,9.254010625637193,9.402186351930668,9.420015335083008
2010-10-01,3,infl_yoy,1.437793022217937,1.116901307078403,1.0560536870484336,1.859022820495082,1.4783262014389038
2010-10-01,3,unrate,9.3,9.150857190712323,9.174169804018792,9.4886233058694,9.2584228515625
2010-10-01,6,infl_yoy,2.619241510354109,1.0463663791849651,1.2341691338742682,2.1824708398316917,2.1587486267089844
2010-10-01,6,unrate,9.0,8.718816440362865,8.806314121795946,8.67877288278457,8.678983688354492
2010-11-01,1,infl_yoy,1.084544776600338,0.856780348282878,1.0898553119655117,1.031753194906176,1.0539255142211914
2010-11-01,1,unrate,9.8,9.495712781103698,9.606081942328855,9.487292715196746,9.610237121582031
2010-11-01,3,infl_yoy,1.7007834915029774,0.8854966266940565,1.0576957057449365,1.9052815307896898,1.679141879081726
2010-11-01,3,unrate,9.1,9.310881212677348,9.46163278558349,9.47572689883216,9.32747745513916
2010-11-01,6,infl_yoy,3.0772344447868694,1.138726577500811,1.5702113068140142,2.243825495714377,2.434652328491211
2010-11-01,6,unrate,9.1,9.022115730665758,9.287496528743004,8.969076541269187,9.029989242553711
2010-12-01,1,infl_yoy,1.437793022217937,1.5756065430239068,1.6391577265643997,1.4354806183482165,1.2228703498840332
2010-12-01,1,unrate,9.3,9.349473939779834,9.290879516733934,9.531238599992204,9.490866661071777
2010-12-01,3,infl_yoy,2.124898173333145,1.6583190303578117,1.761884834378198,1.8521022644469645,1.9971773624420166
2010-12-01,3,unrate,9.0,9.118635773534551,9.12678069704542,9.40898219313366,9.284698486328125
2010-12-01,6,infl_yoy,3.4589718808965,2.1994589465251924,2.1964589498897014,2.4309451992665556,2.499354839324951
2010-12-01,6,unrate,9.0,8.809284369742816,8.838227619779266,8.748549397171457,9.026581764221191
2011-01-01,1,infl_yoy,1.7007834915029774,1.6351653838634976,1.7740739799101224,1.5188837680730742,1.581791877746582
2011-01-01,1,unrate,9.1,9.154250315317345,9.107433456009296,9.446750340019458,9.378965377807617
2011-01-01,3,infl_yoy,2.619241510354109,1.989322105110365,1.8284643513540426,2.1612369517033234,2.3188929557800293
2011-01-01,3,unrate,9.0,9.070349287545637,9.057833425094543,9.304612054612056,9.332221031188965
2011-01-01,6,infl_yoy,3.502318150636041,2.41366322238909,2.105917792804931,2.5940593283525626,2.9326584339141846
2011-01-01,6,unrate,9.1,8.797154917409191,8.797266165643478,9.10158121331283,9.282212257385254
2011-02-01,1,infl_yoy,2.124898173333145,2.178556824824428,2.1453502270244975,2.156052936710551,2.1054534912109375
2011-02-01,1,unrate,9.0,9.099888317974383,8.949086078431565,9.43846175376911,9.170038223266602
2011-02-01,3,infl_yoy,3.0772344447868694,1.7529089244288212,1.7176937737104572,2.2474164796359144,2.2784230709075928
2011-02-01,3,unrate,9.1,8.915809839139001,8.89718141282014,9.302293983222656,9.337140083312988
2011-02-01,6,infl_yoy,3.5798809769996165,2.19354529185963,2.082688733838963,2.7189449526965306,3.025108575820923
2011-02-01,6,unrate,9.0,8.610305345047134,8.666604366484448,8.863945036989158,8.804621696472168
2011-03-01,1,infl_yoy,2.619241510354109,2.677286129403835,2.6259602333927305,2.623030032247354,2.463698387145996
2011-03-01,1,unrate,9.0,9.002541826537488,8.9496286378348,9.33592403015801,9.22849178314209
2011-03-01,3,infl_yoy,3.4589718808965,2.59977099996867,2.4557134625832826,2.8094316506731865,3.0817415714263916
2011-03-01,3,unrate,9.0,8.863862733571255,8.831308071047841,9.318070511841103,8.98185920715332
2011-03-01,6,infl_yoy,3.75499603070808,2.7308037596882695,2.6017178180485354,3.142572207584225,3.377854585647583
2011-03-01,6,unrate,9.0,8.569237001031432,8.526574588441346,8.639899540655422,8.709345817565918
2011-04-01,1,infl_yoy,3.0772344447868694,3.19466729005628,3.1012424904692706,3.058274536380944,3.038710594177246
2011-04-01,1,unrate,9.1,8.963482735844694,8.924224131514642,9.230457122139125,9.079230308532715
2011-04-01,3,infl_yoy,3.502318150636041,3.2660412072164338,2.8135433776213468,3.031188076031484,3.197052240371704
2011-04-01,3,unrate,9.1,8.880883189718027,8.84633718725193,9.226715111195995,8.741677284240723
2011-04-01,6,infl_yoy,3.812621692818685,2.69464079798371,2.70258496704239,3.3732968176242135,3.3873119354248047
2011-04-01,6,unrate,9.0,8.561695242580962,8.632035528968713,8.532509246064393,8.046420097351074
2011-05-01,1,infl_yoy,3.4589718808965,3.517821136698592,3.306867747983007,3.2356959400992644,3.1922852993011475
2011-05-01,1,unrate,9.0,8.838603894699038,8.879811456173547,9.150734160855484,9.062191009521484
2011-05-01,3,infl_yoy,3.5798809769996165,2.9762999977361257,2.597436360809277,3.2363015366964687,3.463209629058838
2011-05-01,3,unrate,9.0,8.734155474994738,8.768030133035168,9.189096887997628,8.899352073669434
2011-05-01,6,infl_yoy,3.5222681306640524,2.2095924205240074,2.3300514335700617,3.26245040289036,3.1927313804626465
2011-05-01,6,unrate,8.8,8.672624202990956,8.689124314060725,8.456097924813031,8.506345748901367
2011-06-01,1,infl_yoy,3.502318150636041,3.2215572747052548,3.2133329500928243,3.239183545709001,3.293107271194458
2011-06-01,1,unrate,9.1,8.962863152347262,9.004477664583327,9.062444064024213,9.035687446594238
2011-06-01,3,infl_yoy,3.75499603070808,2.3974273556335173,2.3790805707151566,3.473696544270976,3.463150978088379
2011-06-01,3,unrate,9.0,8.86836758464411,8.879608802800906,9.121200434287937,8.679986000061035
2011-06-01,6,infl_yoy,3.451432214581729,2.069685360728125,2.2173636375673635,3.2247635180871814,2.822709798812866
2011-06-01,6,unrate,8.6,8.673676353105428,8.80021538506221,8.408185032219238,8.366167068481445
2011-07-01,1,infl_yoy,3.5798809769996165,3.1510702784049625,3.266753736569891,3.3724515603474843,3.6565256118774414
2011-07-01,1,unrate,9.0,8.956071012194164,8.967275775560648,9.055052526640031,8.915104866027832
2011-07-01,3,infl_yoy,3.812621692818685,2.3910138307647064,2.7153333371055086,3.530524029978695,3.6564457416534424
2011-07-01,3,unrate,9.0,8.894170968726545,8.948499491692438,9.161028630111721,8.839007377624512
2011-07-01,6,infl_yoy,3.062066838419386,2.0441968521333265,2.165880625475651,2.744747661229496,2.7171216011047363
2011-07-01,6,unrate,8.5,8.710321410462752,8.709512595280444,8.664817364004247,8.452329635620117
2011-08-01,1,infl_yoy,3.75499603070808,3.4492857744755945,3.594037019624836,3.535236509992811,3.7065093517303467
2011-08-01,1,unrate,9.0,9.017034621533107,9.025992880151156,8.999039763706364,8.663771629333496
2011-08-01,3,infl_yoy,3.5222681306640524,2.4690506925154976,2.736704932835102,3.543961183530634,3.450148105621338
2011-08-01,3,unrate,8.8,9.069683619052588,9.021599105207073,9.061982377344878,8.365958213806152
2011-08-01,6,infl_yoy,3.0087663379855023,2.2618417057103883,2.517803794120551,1.115982122020075,2.0400476455688477
2011-08-01,6,unrate,8.3,8.712423849297654,8.622296643584932,8.537278201425334,8.714566230773926
2011-09-01,1,infl_yoy,3.812621692818685,3.7259604483698556,3.663541684057437,3.620867878141061,3.964838981628418
2011-09-01,1,unrate,9.0,8.962166780717435,8.935955307869916,9.007194212443906,8.717185974121094
2011-09-01,3,infl_yoy,3.451432214581729,2.5751350249258977,2.5880212890760284,3.494052845224768,3.37768816947937
2011-09-01,3,unrate,8.6,8.815798306705318,8.768325363358128,8.971572526493114,8.497614860534668
2011-09-01,6,infl_yoy,2.898178442347388,2.284995807088633,2.2530957332765045,0.23792546639832757,2.1533091068267822
2011-09-01,6,unrate,8.3,8.335226867553267,8.389036456317285,8.76518561225496,8.514959335327148
2011-10-01,1,infl_yoy,3.5222681306640524,3.3525516279741976,3.486363634827567,3.65212849703597,3.784839391708374
2011-10-01,1,unrate,8.8,8.713350426277,8.775450793606556,8.957182360905351,8.354047775268555
2011-10-01,3,infl_yoy,3.062066838419386,3.1717160505314164,3.1042963473839595,3.3973028153285854,3.467273235321045
2011-10-01,3,unrate,8.5,8.388741612760287,8.474845475052854,8.903744672944013,8.077502250671387
2011-10-01,6,infl_yoy,2.5828752813320977,3.3291104521102244,2.866144266117688,0.9886961747750349,2.319350004196167
2011-10-01,6,unrate,8.2,7.85389958980112,7.979411443945169,8.646651329797653,8.233586311340332
2011-11-01,1,infl_yoy,3.451432214581729,3.5218987433402953,3.416080755054478,3.603329022103743,3.717860460281372
2011-11-01,1,unrate,8.6,8.516827345794695,8.554366294480378,8.897210872426506,8.111411094665527
2011-11-01,3,infl_yoy,3.0087663379855023,3.3442512325501865,3.146443478437459,3.3794152606746097,3.368415355682373
2011-11-01,3,unrate,8.3,8.128954883253401,8.337981637757744,8.467396779171125,8.017786979675293
2011-11-01,6,infl_yoy,2.2731633741348567,3.7465560832885085,3.3490010891183633,1.5883706496949086,2.3955256938934326
2011-11-01,6,unrate,8.2,7.882614156796321,8.06252929846479,8.328631312070282,8.259185791015625
2011-12-01,1,infl_yoy,3.062066838419386,2.819276966971681,2.8322973131015554,3.2058575663220306,3.1856689453125
2011-12-01,1,unrate,8.5,8.294632132149351,8.419362495168112,8.771161958547987,8.240063667297363
2011-12-01,3,infl_yoy,2.898178442347388,2.989460705904587,2.660757641127951,2.6778620831437303,2.7917280197143555
2011-12-01,3,unrate,8.3,7.994571801756269,8.236875085585028,8.36197220834721,7.588165760040283
2011-12-01,6,infl_yoy,1.7379429374660749,3.966741315661036,3.7213539563464204,2.103609825252425,2.3286702632904053
2011-12-01,6,unrate,8.2,7.7731625138050955,7.921836282738781,8.347646253299505,7.988137245178223
2012-01-01,1,infl_yoy,3.0087663379855023,2.8714230395142017,2.8030519618519625,2.9791564246234583,2.8523802757263184
2012-01-01,1,unrate,8.3,8.094424248037855,8.23535322230866,8.45207832078053,8.15113353729248
2012-01-01,3,infl_yoy,2.5828752813320977,2.6679454340763966,2.3449559929361454,2.636509117146483,2.7056963443756104
2012-01-01,3,unrate,8.2,7.876370583852112,8.003715817433584,8.106228335553334,8.170446395874023
2012-01-01,6,infl_yoy,1.653870448297634,3.329350387046435,3.3381785369886856,2.5627549463418258,2.476059675216675
2012-01-01,6,unrate,8.2,7.608820143239708,7.656592262563105,8.269050040525352,8.228667259216309
2012-02-01,1,infl_yoy,2.898178442347388,3.1008109232417453,2.9844117751418144,2.824842514549185,2.919398307800293
2012-02-01,1,unrate,8.3,8.202641245834352,8.215907488378908,8.316207168403492,8.279008865356445
2012-02-01,3,infl_yoy,2.2731633741348567,3.2131455670385343,3.144183372062807,2.7388359946291576,2.709573268890381
2012-02-01,3,unrate,8.2,8.021314059823228,8.018714092805743,8.343217930680431,8.30845832824707
2012-02-01,6,infl_yoy,1.4175114798464783,2.688174436454554,2.7661918461740593,2.883844362944747,2.2210071086883545
2012-02-01,6,unrate,8.2,7.52516833048329,7.638764659255661,8.328151119713619,8.23058795928955
2012-03-01,1,infl_yoy,2.5828752813320977,2.613809014641834,2.6641914141247276,2.576572683735116,2.555170774459839
2012-03-01,1,unrate,8.2,8.029177628882334,8.099699525291848,8.15175029349735,8.243261337280273
2012-03-01,3,infl_yoy,1.7379429374660749,3.468525317895196,3.4529955608036826,2.8630045813935503,2.5339365005493164
2012-03-01,3,unrate,8.2,7.834390353424344,7.95296203853228,7.933587144718026,8.204310417175293
2012-03-01,6,infl_yoy,1.6859349154821237,2.8088018790688425,2.816347544310181,2.738933113045326,2.3401131629943848
2012-03-01,6,unrate,8.1,7.523609847213368,7.651029981386882,8.362350380175378,8.328797340393066
2012-04-01,1,infl_yoy,2.2731633741348567,2.5408754244591307,2.490460651161581,2.082720626404575,2.386028289794922
2012-04-01,1,unrate,8.2,8.109753976021103,8.135127060779233,8.10703811898885,8.13085651397705
2012-04-01,3,infl_yoy,1.653870448297634,2.9036938129951135,2.9400255786724,2.296543109281881,2.3000173568725586
2012-04-01,3,unrate,8.2,7.976278389561764,8.033981168960477,7.818883728363144,7.4626665115356445
2012-04-01,6,infl_yoy,1.9497168982819613,2.5636474852298616,2.7587664948148483,2.40103758438196,2.333533763885498
2012-04-01,6,unrate,7.8,7.64156834769871,7.6446517148051925,8.083006507746639,8.04039192199707
2012-05-01,1,infl_yoy,1.7379429374660749,1.3565309577479219,1.4735035565196215,1.7481818142418757,1.6714756488800049
2012-05-01,1,unrate,8.2,8.07643408325241,8.136472701207323,7.9494493504603385,7.958456039428711
2012-05-01,3,infl_yoy,1.4175114798464783,1.3870461868652513,1.6422842382091605,1.9573262713308857,1.6360751390457153
2012-05-01,3,unrate,8.2,8.068259162539993,8.03911232960797,7.707412799455447,8.211125373840332
2012-05-01,6,infl_yoy,2.1556780595369363,1.2462114025950901,1.5655964244947496,2.140822859510734,2.00496768951416
2012-05-01,6,unrate,7.8,7.702747648517914,7.657873786600281,7.729229803400873,7.832952976226807
2012-06-01,1,infl_yoy,1.653870448297634,1.6993385284785112,1.8117946171464965,1.5291971152782435,1.6021714210510254
2012-06-01,1,unrate,8.2,8.117359148925612,8.162015300393803,7.885991962939019,7.884477138519287
2012-06-01,3,infl_yoy,1.6859349154821237,1.3095975942122287,1.6417617856390692,1.7834861445203005,1.5513932704925537
2012-06-01,3,unrate,8.1,8.042852185633375,8.012139314985323,7.895974538791105,8.313043594360352
2012-06-01,6,infl_yoy,1.7960197033926262,1.436013586584696,1.5940733532890174,2.0570242116388346,1.8181771039962769
2012-06-01,6,unrate,7.7,7.659139840625736,7.62841207810065,7.557571129574728,8.071394920349121
2012-07-01,1,infl_yoy,1.4175114798464783,1.2856183092996396,1.447823357606437,1.5743192250586822,1.4085047245025635
2012-07-01,1,unrate,8.2,8.143997568944267,8.146931876036675,8.023606408460823,8.263382911682129
2012-07-01,3,infl_yoy,1.9497168982819613,1.189468987193345,1.6038268074222017,1.810138803136816,1.5022801160812378
2012-07-01,3,unrate,7.8,7.929538512735014,7.925499979255129,7.890788427095784,8.10582447052002
2012-07-01,6,infl_yoy,1.7595049796895523,1.8716954928266483,1.9450551881559974,2.0422384929228365,2.1334776878356934
2012-07-01,6,unrate,7.9,7.64333774955849,7.615802060940673,7.418811641179404,7.736125469207764
2012-08-01,1,infl_yoy,1.6859349154821237,1.9666197039652085,2.0518120218385447,1.597614586902163,1.6245195865631104
2012-08-01,1,unrate,8.1,8.036542243879174,8.043961223413227,8.070361208072974,8.054586410522461
2012-08-01,3,infl_yoy,2.1556780595369363,1.9826879495491136,2.0798875071094542,1.9106986948047524,2.157499074935913
2012-08-01,3,unrate,7.8,7.810147988543961,7.8638337144982735,8.806769797728933,8.442638397216797
2012-08-01,6,infl_yoy,1.684061762098299,2.5575349866690895,2.602397707735192,2.022134334936236,2.126584768295288
2012-08-01,6,unrate,8.0,7.565437438235792,7.533050018304743,8.216373697191152,8.109481811523438
2012-09-01,1,infl_yoy,1.9497168982819613,1.8263114785920551,1.9691136903463224,2.1151179270886886,2.0682625770568848
2012-09-01,1,unrate,7.8,7.744559193549394,7.781709340567595,8.082936895736703,8.13747501373291
2012-09-01,3,infl_yoy,1.7960197033926262,1.7771386342608062,1.7939444499276176,2.012719684021418,2.182178020477295
2012-09-01,3,unrate,7.7,7.713655629422747,7.652378736997261,8.669463693221125,8.226850509643555
2012-09-01,6,infl_yoy,2.0181404902574807,2.2900734173901482,2.1780859607147596,2.0415905534303587,1.9295583963394165
2012-09-01,6,unrate,7.7,7.528847748703491,7.413743568102447,7.8487922909120265,7.553480625152588
2012-10-01,1,infl_yoy,2.1556780595369363,1.9635586724612568,2.0491848813192606,2.2453893504002114,2.2220661640167236
2012-10-01,1,unrate,7.8,7.786002998001559,7.767589111720112,8.470422764980118,8.183878898620605
2012-10-01,3,infl_yoy,1.7595049796895523,1.641647322738353,1.7030057248215775,1.983522601341511,1.9689663648605347
2012-10-01,3,unrate,7.9,7.8327680928701024,7.706266929546155,8.414435644717342,8.127521514892578
2012-10-01,6,infl_yoy,1.5187472411246183,1.5327142026636325,1.7173609734552797,1.902812339234995,1.814906120300293
2012-10-01,6,unrate,7.5,7.533789110301543,7.396640806900773,7.745712869610835,7.538764476776123
2012-11-01,1,infl_yoy,1.7960197033926262,1.5397287936836397,1.5797005942194349,1.9332214718734215,1.8761242628097534
2012-11-01,1,unrate,7.7,7.721544339310271,7.663164654944247,8.456285181154415,8.094743728637695
2012-11-01,3,infl_yoy,1.684061762098299,1.8301042479365415,1.8859451819865571,1.911877806427934,1.9437776803970337
2012-11-01,3,unrate,8.0,7.742611576528728,7.600603158314585,8.306355698030044,7.962214469909668
2012-11-01,6,infl_yoy,1.138808047576867,1.6112136951790599,1.6531457712648747,1.8997427172626524,1.6649484634399414
2012-11-01,6,unrate,7.6,7.393828405736629,7.264443692740617,7.570369924469848,7.647127628326416
2012-12-01,1,infl_yoy,1.7595049796895523,1.9604433099841454,1.8671706775837338,1.8886911146551006,1.8990379571914673
2012-12-01,1,unrate,7.9,7.854846238398244,7.838897061734567,8.365955509359921,8.074177742004395
2012-12-01,3,infl_yoy,2.0181404902574807,2.1352813692567234,2.0841464049645206,2.0378500266969675,2.0389251708984375
2012-12-01,3,unrate,7.7,7.644582825092579,7.659842083577347,8.530959033042121,8.402826309204102
2012-12-01,6,infl_yoy,1.3903888279197083,2.285156402130653,2.28643187150375,1.8091595276676384,1.9250093698501587
2012-12-01,6,unrate,7.5,7.313157481743762,7.400007850971136,8.11411407693113,7.861824035644531
2013-01-01,1,infl_yoy,1.684061762098299,1.9023183550814835,1.837457737474866,1.7370742496440577,1.788643479347229
2013-01-01,1,unrate,8.0,7.851069708345397,7.856131427476958,8.302537966892068,8.173730850219727
2013-01-01,3,infl_yoy,1.5187472411246183,1.9009563158204137,2.03695382385771,1.9455199268489813,1.6210134029388428
2013-01-01,3,unrate,7.5,7.507801449527518,7.584289588292242,8.311754089185671,8.305155754089355
2013-01-01,6,infl_yoy,1.7157935271568725,2.663419737275597,2.7367443967128575,1.9057197300849138,2.0803637504577637
2013-01-01,6,unrate,7.5,7.2599824601985885,7.394851343059212,7.870912606210436,7.800581455230713
2013-02-01,1,infl_yoy,2.0181404902574807,1.9284082188995675,2.0194330258140756,1.9957564195293145,1.879197359085083
2013-02-01,1,unrate,7.7,7.521757827022611,7.603563997901417,8.301058346228933,7.948786735534668
2013-02-01,3,infl_yoy,1.138808047576867,1.8922795395506575,1.8485479540959786,1.830892469715635,1.5889296531677246
2013-02-01,3,unrate,7.6,7.349613288252334,7.334193804035949,8.134366643079145,8.170873641967773
2013-02-01,6,infl_yoy,1.885471805415806,2.4310282536472885,2.388734202104014,1.869283826703261,1.9190442562103271
2013-02-01,6,unrate,7.3,7.025538866712006,7.061927272059004,7.58043264196594,7.324324131011963
2013-03-01,1,infl_yoy,1.5187472411246183,1.4556492037389386,1.5594264637607058,1.6063727432672728,1.6717621088027954
2013-03-01,1,unrate,7.5,7.410430767411778,7.430400195326633,7.903553133064041,7.785362720489502
2013-03-01,3,infl_yoy,1.3903888279197083,1.9169554198669747,1.9523084925329242,1.711941686325832,1.5046641826629639
2013-03-01,3,unrate,7.5,7.298680829823658,7.268077084482428,7.976314205647295,7.749054431915283
2013-03-01,6,infl_yoy,1.538809488600279,2.3834111004872898,2.0843393782485684,1.825957605853971,1.8314553499221802
2013-03-01,6,unrate,7.2,7.051722103656461,7.027530279848582,7.646053450110148,7.200578689575195
2013-04-01,1,infl_yoy,1.138808047576867,1.1176519052704519,1.1157256035960048,1.4055971993355785,1.2720296382904053
2013-04-01,1,unrate,7.6,7.412222096222294,7.50316428493715,7.774336256154405,7.910037517547607
2013-04-01,3,infl_yoy,1.7157935271568725,1.4724112160608704,1.553169309229522,1.7924065994427358,1.7187070846557617
2013-04-01,3,unrate,7.5,7.301183333739558,7.4050567713628395,8.488202566551093,8.137395858764648
2013-04-01,6,infl_yoy,1.0947341081747997,2.319315635370022,2.147117558502121,1.7986802004668911,1.769858479499817
2013-04-01,6,unrate,7.2,7.207864135456331,7.289483791062563,8.034283392608486,7.7387237548828125
2013-05-01,1,infl_yoy,1.3903888279197083,1.6137786509127672,1.5046573159862606,1.5411763105390426,1.4182039499282837
2013-05-01,1,unrate,7.5,7.408010814938518,7.447613856784695,7.80783748919639,7.750251293182373
2013-05-01,3,infl_yoy,1.885471805415806,1.6543412452358925,1.6904749877307061,1.8587025864641928,1.5907270908355713
2013-05-01,3,unrate,7.3,7.241601029894556,7.308273010219348,8.707503326167295,7.8852128982543945
2013-05-01,6,infl_yoy,0.8767991434911471,2.2321794413025504,2.2313403596610932,1.7581954356970906,1.7334113121032715
2013-05-01,6,unrate,7.2,7.028302298688635,7.118131959094379,8.304606411197165,7.708407878875732
2013-06-01,1,infl_yoy,1.7157935271568725,1.6853119219148822,1.8656763691432086,1.8327252800794043,1.7533355951309204
2013-06-01,1,unrate,7.5,7.406599864720414,7.428918356099084,7.794357993709078,7.889544486999512
2013-06-01,3,infl_yoy,1.538809488600279,1.5867693915369256,1.5743476470939344,1.782058989315317,1.6490323543548584
2013-06-01,3,unrate,7.2,7.384572821851618,7.335414240633608,8.510464536589621,7.796695232391357
2013-06-01,6,infl_yoy,1.2328701961954458,1.688448679844154,1.7206876244078375,1.7090314024376152,1.9079766273498535
2013-06-01,6,unrate,6.9,7.146382791828013,7.1118833235554115,7.8362427962788095,7.4719929695129395
2013-07-01,1,infl_yoy,1.885471805415806,2.0401971595269437,2.105953756072013,1.9542360612281586,1.9347994327545166
2013-07-01,1,unrate,7.3,7.3245514187027485,7.264866591564086,7.550730641580641,7.562915802001953
2013-07-01,3,infl_yoy,1.0947341081747997,2.2133160670593655,2.2604046373683997,1.8631129262042787,1.946964979171753
2013-07-01,3,unrate,7.2,7.2808098776813654,7.223691935250917,8.00596655686106,7.521613121032715
2013-07-01,6,infl_yoy,1.5128383667573295,2.13342309321358,2.1130316897461867,1.9551975977418687,1.9469926357269287
2013-07-01,6,unrate,6.7,7.050976509395815,6.959567645543596,7.44744601965402,7.142452239990234
2013-08-01,1,infl_yoy,1.538809488600279,1.51323941088508,1.5297648898976148,1.5442687148008534,1.7675848007202148
2013-08-01,1,unrate,7.2,7.199297342791091,7.172361542949526,7.123842043658958,7.11830472946167
2013-08-01,3,infl_yoy,0.8767991434911471,1.95773343674428,2.0022951902266874,1.8044482952973055,1.6729912757873535
2013-08-01,3,unrate,7.2,7.066396423459047,7.070854704517059,7.507064635194724,7.151111602783203
2013-08-01,6,infl_yoy,1.557758795574915,2.310757385299237,2.241045307157502,1.716413394255425,1.4160491228103638
2013-08-01,6,unrate,6.6,6.837744628407363,6.7593742276200555,7.2729423116695875,7.094571113586426
2013-09-01,1,infl_yoy,1.0947341081747997,1.10733962483499,1.079608654965336,1.4931060937229066,1.3672895431518555
2013-09-01,1,unrate,7.2,7.193954727615521,7.186369499056785,7.222099234159374,7.195090293884277
2013-09-01,3,infl_yoy,1.2328701961954458,1.5541802655215657,1.5713991262595974,1.6587117734450383,1.5263633728027344
2013-09-01,3,unrate,6.9,7.115995142343854,7.076285543891834,7.326865748152811,7.257318019866943
2013-09-01,6,infl_yoy,1.1204746347724948,2.264646220834421,2.2178862935225276,1.5214649993569884,1.4599666595458984
2013-09-01,6,unrate,6.7,6.864514126326039,6.824026953779241,7.205488612838925,6.935689449310303
2013-10-01,1,infl_yoy,0.8767991434911471,1.0005681321610762,0.9852498647352319,1.396813992941989,1.3662285804748535
2013-10-01,1,unrate,7.2,7.2375753472938715,7.201975768634441,7.151174809096132,7.258357048034668
2013-10-01,3,infl_yoy,1.5128383667573295,1.6526269279506622,1.6296410608891732,1.6554370730788646,1.6186182498931885
2013-10-01,3,unrate,6.7,7.11125184701895,7.029529755178938,7.235989567908296,7.223501682281494
2013-10-01,6,infl_yoy,1.6126949139408042,1.8881048623509988,1.8373890184619996,1.657792439215014,1.4618366956710815
2013-10-01,6,unrate,6.7,6.9514587046689496,6.90509361671138,7.279217025121706,7.19881010055542
2013-11-01,1,infl_yoy,1.2328701961954458,1.506421375779436,1.4232225388975506,1.4208271386824052,1.2053290605545044
2013-11-01,1,unrate,6.9,6.940999254956956,6.877948163061893,6.967226460013417,6.990473747253418
2013-11-01,3,infl_yoy,1.557758795574915,2.25352133327393,2.101682884407627,1.5186642848678873,1.3384208679199219
2013-11-01,3,unrate,6.6,6.7544083644053625,6.686953781096912,7.056689426242691,7.045792579650879
2013-11-01,6,infl_yoy,2.015125303606169,2.25462314667458,1.9905198539316797,1.7235246330370146,1.700706124305725
2013-11-01,6,unrate,6.2,6.628502684442326,6.583537507611653,7.0262818358749755,6.861311912536621
2013-12-01,1,infl_yoy,1.5128383667573295,1.8095662382948752,1.8166762626830106,1.5461117123754198,1.4041755199432373
2013-12-01,1,unrate,6.7,6.776879212096097,6.69157432131084,6.809717520306491,6.892747402191162
2013-12-01,3,infl_yoy,1.1204746347724948,2.1439267089762066,2.00722476271951,1.5945944580586615,1.2598479986190796
2013-12-01,3,unrate,6.7,6.7672150264676585,6.701057336923742,6.557346617500147,6.933903694152832
2013-12-01,6,infl_yoy,2.166947687079812,2.0331272509159,1.889012923694359,1.9477885462777444,1.986261010169983
2013-12-01,6,unrate,6.3,6.502736509593155,6.415079258471721,6.763875425483863,6.668199062347412
2014-01-01,1,infl_yoy,1.557758795574915,1.7228907392677733,1.7273812270381383,1.5268406888906938,1.5924417972564697
2014-01-01,1,unrate,6.6,6.638574168625146,6.612120658824043,6.483817872323756,6.656525135040283
2014-01-01,3,infl_yoy,1.6126949139408042,2.022281395825293,1.7961737993448694,1.6506938272401754,1.606417179107666
2014-01-01,3,unrate,6.7,6.668272499733873,6.652940183883221,6.721035056615464,7.013991355895996
2014-01-01,6,infl_yoy,2.0589816945944195,2.0863621153584564,1.9118732470326831,1.9084862858434974,1.788233995437622
2014-01-01,6,unrate,6.1,6.517830630175022,6.476859080704501,6.484081458088134,6.494628429412842
2014-02-01,1,infl_yoy,1.1204746347724948,1.1917666080237972,1.159014834619709,1.4002032678266456,1.353089690208435
2014-02-01,1,unrate,6.7,6.752224570682417,6.7197902994002146,6.661795743145743,6.788898944854736
2014-02-01,3,infl_yoy,2.015125303606169,1.6215289827117898,1.5595218120223366,1.6767633548929552,1.5515352487564087
2014-02-01,3,unrate,6.2,6.62517162277225,6.614957089939818,6.674167139934276,6.573178768157959
2014-02-01,6,infl_yoy,1.9742378703305972,1.7716904885081144,1.834074499235017,1.8664485984106038,1.711086392402649
2014-02-01,6,unrate,6.2,6.434388138599626,6.423477581130627,6.508342930328895,6.589263916015625
2014-03-01,1,infl_yoy,1.6126949139408042,1.7690556001833122,1.6286839646212248,1.5183750347921627,1.4198797941207886
2014-03-01,1,unrate,6.7,6.672589203590883,6.650555312877538,6.6923900817405855,6.769789695739746
2014-03-01,3,infl_yoy,2.166947687079812,1.907156971360557,1.7751253997716134,1.7439802301720104,1.6688371896743774
2014-03-01,3,unrate,6.3,6.481157720608065,6.449094738259411,6.4797324531763385,6.464044570922852
2014-03-01,6,infl_yoy,1.7150983482969062,1.6846419846989538,1.8895821911595272,1.8785546586512185,1.72928786277771
2014-03-01,6,unrate,6.1,6.2454605064037425,6.216403983761858,6.427369121151992,6.429647922515869
2014-04-01,1,infl_yoy,2.015125303606169,2.127407100197887,2.135036684173229,1.9713847755980274,1.9094877243041992
2014-04-01,1,unrate,6.2,6.323763225962748,6.229297687347894,6.214362683803122,6.197358131408691
2014-04-01,3,infl_yoy,2.0589816945944195,2.2190837981628677,2.1056415261578785,1.7352378344163322,1.6011675596237183
2014-04-01,3,unrate,6.1,6.277301393468015,6.07213859163689,6.292633692068209,6.282319068908691
2014-04-01,6,infl_yoy,1.6840509711232077,2.164772543196883,1.9894925876990759,1.8763135770765684,1.7221744060516357
2014-04-01,6,unrate,5.9,5.770931914663962,5.76738149863354,6.275503755357419,6.043142795562744
2014-05-01,1,infl_yoy,2.166947687079812,2.30941521705378,2.3210466383251918,2.0511946521871858,2.028230667114258
2014-05-01,1,unrate,6.3,6.258564886460248,6.240348765498166,6.244158286647989,6.229130744934082
2014-05-01,3,infl_yoy,1.9742378703305972,2.6079989209590937,2.481302387623842,1.8709694688779086,1.7130728960037231
2014-05-01,3,unrate,6.2,6.077844045967763,6.101741506004413,6.210010637169846,6.133174896240234
2014-05-01,6,infl_yoy,1.6095417021513292,2.5669135367521325,2.2532722147100714,1.8353401265950686,1.7418276071548462
2014-05-01,6,unrate,5.7,5.76335955074735,5.8519933496284295,6.096704123814333,5.9321722984313965
2014-06-01,1,infl_yoy,2.0589816945944195,2.262413862003287,2.068095374507908,2.042349447299759,1.9216859340667725
2014-06-01,1,unrate,6.1,6.099419168803729,6.057451511248852,6.205603182799316,6.138923645019531
2014-06-01,3,infl_yoy,1.7150983482969062,2.5739020725162507,2.4210106118238746,1.828368180726201,1.7106918096542358
2014-06-01,3,unrate,6.1,5.8162226151583205,5.902394749801955,6.161447722721866,6.098748207092285
2014-06-01,6,infl_yoy,1.231524989320798,2.9625290246988225,2.7098499423018363,1.758945404328332,1.7049846649169922
2014-06-01,6,unrate,5.8,5.576060000981615,5.699783258542547,5.974507022014676,5.825393199920654
2014-07-01,1,infl_yoy,1.9742378703305972,2.004039947315887,1.8616441194314874,1.902807855790552,1.774633526802063
2014-07-01,1,unrate,6.2,5.984566484692141,6.114642247346944,6.17286281460198,6.105596542358398
2014-07-01,3,infl_yoy,1.6840509711232077,2.2347235310682607,2.0364954555399035,1.8300429202894788,1.702471375465393
2014-07-01,3,unrate,5.9,5.8197057661717615,5.9834081181572225,6.176245724515228,6.038949966430664
2014-07-01,6,infl_yoy,0.6531213919623191,2.3842878057700703,2.160276580392941,1.6444992126402729,1.5382975339889526
2014-07-01,6,unrate,5.6,5.624858259758388,5.787825424818668,5.905885833955022,5.785792827606201
2014-08-01,1,infl_yoy,1.7150983482969062,1.7259613941586935,1.7439347034706971,1.8542190461223849,1.811991572380066
2014-08-01,1,unrate,6.1,6.0052000382167785,6.050909667982937,6.151160706519147,6.148201942443848
2014-08-01,3,infl_yoy,1.6095417021513292,1.868899225031847,1.8767425844639287,1.7036704556400146,1.6269608736038208
2014-08-01,3,unrate,5.7,5.909748482179152,5.921567194057079,6.116973426798683,5.951585292816162
2014-08-01,6,infl_yoy,-0.2299309782054281,1.756115572011667,1.747969696065907,1.5063350186464133,1.29456627368927
2014-08-01,6,unrate,5.7,5.73846851830232,5.824051098432653,5.87286325404824,5.734518051147461
2014-09-01,1,infl_yoy,1.6840509711232077,1.5355225479127184,1.5726486809160307,1.672393177032176,1.478212594985962
2014-09-01,1,unrate,5.9,5.860085009190911,5.881189624954844,5.941978550578157,5.960961818695068
2014-09-01,3,infl_yoy,1.231524989320798,1.8290626196762407,1.7938660535576971,1.5861947253047821,1.3349038362503052
2014-09-01,3,unrate,5.8,5.719748913922775,5.759457012383321,5.986397990372377,5.857935428619385
2014-09-01,6,infl_yoy,-0.0870314629352053,1.456929255943142,1.3632833658714705,1.2548757043682246,0.6368952989578247
2014-09-01,6,unrate,5.5,5.529018692140871,5.583345752886794,5.805239612973106,5.6853461265563965
2014-10-01,1,infl_yoy,1.6095417021513292,1.464278670723484,1.4878546621274924,1.4320695144079558,1.3085196018218994
2014-10-01,1,unrate,5.7,5.701767982130382,5.682187371058005,5.7179971400151635,5.826038360595703
2014-10-01,3,infl_yoy,0.6531213919623191,1.4649752756897727,1.4759157601740782,1.5742173906866155,1.5853517055511475
2014-10-01,3,unrate,5.6,5.671194225599812,5.647991990510429,5.919259992201562,5.721616268157959
2014-10-01,6,infl_yoy,-0.0220312844238734,1.1509741566959846,1.0812868682300738,0.9423519254956727,0.32431459426879883
2014-10-01,6,unrate,5.4,5.522811721511333,5.450684954753855,5.734722605609156,5.642770290374756
2014-11-01,1,infl_yoy,1.231524989320798,0.9558242576000515,0.9551564302491564,1.3775214575167467,1.2490553855895996
2014-11-01,1,unrate,5.8,5.704663548429921,5.731537864264726,5.753188598393244,5.789170742034912
2014-11-01,3,infl_yoy,-0.2299309782054281,0.7096422791481041,0.7433621935282513,1.3643388154500418,0.9262053966522217
2014-11-01,3,unrate,5.7,5.6349006847621546,5.643860928082043,5.873684201543812,5.7099690437316895
2014-11-01,6,infl_yoy,-0.1040309893939106,0.42966508253822955,0.5412039293658817,0.7270396853283728,0.25539854168891907
2014-11-01,6,unrate,5.4,5.387038112487142,5.398660801343247,5.6722417230797975,5.458711624145508
2014-12-01,1,infl_yoy,0.6531213919623191,0.28409011951200336,0.34715894408872616,1.3355368256029854,1.193856954574585
2014-12-01,1,unrate,5.6,5.641109053272871,5.606584589930841,5.603636616471642,5.660245418548584
2014-12-01,3,infl_yoy,-0.0870314629352053,-0.06575941779278915,0.07644307111892523,1.0839500457506641,0.42586925625801086
2014-12-01,3,unrate,5.5,5.467408421607433,5.473222598848065,5.6512790335914085,5.533384799957275
2014-12-01,6,infl_yoy,0.0350332182442958,-0.19217132103750778,-0.1285171321996792,0.4677384458950331,0.1650947481393814
2014-12-01,6,unrate,5.6,5.29736584327353,5.230131032843486,5.599376180196156,5.446661472320557
2015-01-01,1,infl_yoy,-0.2299309782054281,-0.5852619508386283,-0.5225821210005686,0.7645034841283508,0.50718092918396
2015-01-01,1,unrate,5.7,5.628289308495094,5.649033575968435,5.672137241299736,5.691030502319336
2015-01-01,3,infl_yoy,-0.0220312844238734,-0.6689528415650168,-0.5560172174816578,0.8324617163090768,0.5544813275337219
2015-01-01,3,unrate,5.4,5.513733821476622,5.554616172680013,5.664730670501428,5.468177318572998
2015-01-01,6,infl_yoy,0.1795718097550525,-0.5607630787656803,-0.45069347794168424,0.34571293780037954,0.03819744288921356
2015-01-01,6,unrate,5.3,5.3044541172263715,5.321715200967337,5.515980440843234,5.353419780731201
2015-02-01,1,infl_yoy,-0.0870314629352053,0.020951518385916135,0.028416630310126312,0.56666299929067,0.48794934153556824
2015-02-01,1,unrate,5.5,5.499799946908508,5.50533861076467,5.497162887467003,5.545407772064209
2015-02-01,3,infl_yoy,-0.1040309893939106,-0.197391083860317,-0.14698826438858514,0.460299468810232,0.3081871271133423
2015-02-01,3,unrate,5.4,5.4310256274516915,5.440833678140412,5.454610792309658,5.375494480133057
2015-02-01,6,infl_yoy,0.2256861110409458,-0.1889332454150181,-0.1501997150281933,0.1746592068320051,0.2649514377117157
2015-02-01,6,unrate,5.2,5.103679353719416,5.083008477834461,5.400090889314344,5.201254367828369
2015-03-01,1,infl_yoy,-0.0220312844238734,-0.27087282410692515,-0.25437168596278603,0.33837149071121736,0.1465221643447876
2015-03-01,1,unrate,5.4,5.374839800375262,5.370583392535981,5.461051770116422,5.426514625549316
2015-03-01,3,infl_yoy,0.0350332182442958,-0.45518038739666844,-0.388147848649707,0.46169582612434296,0.1496662050485611
2015-03-01,3,unrate,5.6,5.45132072279877,5.424920869584055,5.438960480248198,5.418059825897217
2015-03-01,6,infl_yoy,0.2413037985344868,-0.35556398637978903,-0.27829571057915237,0.3076591711685344,0.5450610518455505
2015-03-01,6,unrate,5.1,5.08328766862098,5.041309469643401,5.29472125830903,5.089706897735596
2015-04-01,1,infl_yoy,-0.1040309893939106,0.09804491246134894,0.1938592844964857,0.16952804651262723,0.10964353382587433
2015-04-01,1,unrate,5.4,5.354681293808099,5.356502412802302,5.413016275039118,5.394764423370361
2015-04-01,3,infl_yoy,0.1795718097550525,0.6821614938186977,0.6056105953010342,0.4105212370633482,0.5499383211135864
2015-04-01,3,unrate,5.3,5.371013103328241,5.304702486179185,5.400796286170945,5.362792491912842
2015-04-01,6,infl_yoy,0.00884296163417,0.7365777561695284,0.7214674140285737,0.2680808465844328,0.48454076051712036
2015-04-01,6,unrate,5.0,4.851182213961353,4.807308402349604,5.181684680743519,5.034527778625488
2015-05-01,1,infl_yoy,0.0350332182442958,0.35690090850167566,0.0344989402666287,0.1520798153396592,0.14316518604755402
2015-05-01,1,unrate,5.6,5.477193332024571,5.504142993765046,5.555296516580968,5.53251314163208
2015-05-01,3,infl_yoy,0.2256861110409458,0.733695413388759,0.48454742198753276,0.49822443417594486,0.3586856722831726
2015-05-01,3,unrate,5.2,5.086998909726531,5.241663936991,5.490500857385741,5.383244514465332
2015-05-01,6,infl_yoy,0.127616560670507,1.1512150997349004,1.069414372446374,0.2641135212566362,0.35565483570098877
2015-05-01,6,unrate,5.0,4.920762508032494,5.0292288381499475,5.406614720086349,5.27616548538208
2015-06-01,1,infl_yoy,0.1795718097550525,0.2933264753773024,0.22221284428940047,0.12958556464128929,0.37223365902900696
2015-06-01,1,unrate,5.3,5.289936692180158,5.25431104981238,5.468294217826067,5.4494781494140625
2015-06-01,3,infl_yoy,0.2413037985344868,0.3950949440002056,0.425504637748243,0.43918177752066684,0.49071794748306274
2015-06-01,3,unrate,5.1,5.109755030394596,5.104836015902595,5.410949244271276,5.320894241333008
2015-06-01,6,infl_yoy,0.4363182169185187,1.5746525467632975,1.4284491910253756,0.27021126853478833,0.4603522717952728
2015-06-01,6,unrate,5.1,4.909771418634483,4.922402413717245,5.300844900408061,5.131036281585693
2015-07-01,1,infl_yoy,0.2256861110409458,-0.1596623280187499,-0.14254473969390125,0.12606668587399883,0.2277068793773651
2015-07-01,1,unrate,5.2,5.095853495751793,5.118225578853493,5.30292891671782,5.217566013336182
2015-07-01,3,infl_yoy,0.00884296163417,0.10514919712002069,0.10099228441066499,0.3924882619744159,0.4146227538585663
2015-07-01,3,unrate,5.0,5.093762421297319,5.01861548803749,5.259145751428142,5.093265056610107
2015-07-01,6,infl_yoy,0.6387247515364791,1.06151286027207,0.9915782778282265,0.29672270423298225,0.5961610674858093
2015-07-01,6,unrate,5.0,4.90528770532474,4.849425080364534,5.201891418497288,5.08676290512085
2015-08-01,1,infl_yoy,0.2413037985344868,0.46008241291263263,0.4813865712344716,0.24192611013560722,0.48102492094039917
2015-08-01,1,unrate,5.1,5.219379583054302,5.111734877237762,5.064791656487231,5.03096342086792
2015-08-01,3,infl_yoy,0.127616560670507,0.9000671372058986,0.8974908490272544,0.4469722727877039,0.34728068113327026
2015-08-01,3,unrate,5.0,5.150474847006164,5.036881290842343,5.183996324051068,5.100014686584473
2015-08-01,6,infl_yoy,1.2375025026943876,1.323950014788318,1.3358466279599956,0.5359138109705037,0.9198914766311646
2015-08-01,6,unrate,4.8,4.909076320985937,4.8234315429355235,5.1413061474083035,4.970511436462402
2015-09-01,1,infl_yoy,0.00884296163417,0.23188653731965259,0.08972163717512682,0.16787319635865663,0.2502044439315796
2015-09-01,1,unrate,5.0,5.053960107609368,5.012183059704157,5.049472045186323,4.985138416290283
2015-09-01,3,infl_yoy,0.4363182169185187,0.8178588531286182,0.7543906491792784,0.4316124701567486,0.2909233272075653
2015-09-01,3,unrate,5.1,4.860168358646371,4.882733365408366,5.138821948922598,5.006065845489502
2015-09-01,6,infl_yoy,0.8472775790126619,1.4466761021118657,1.2969207906195965,0.6824570905526471,0.7208718657493591
2015-09-01,6,unrate,4.9,4.782458176332712,4.748831262161589,5.141692071414379,4.930527210235596
2015-10-01,1,infl_yoy,0.127616560670507,0.5267466672955539,0.4564350245072393,0.1636305538613817,0.21547384560108185
2015-10-01,1,unrate,5.0,5.0164181457612,4.978629956242337,5.02725250177711,5.013465404510498
2015-10-01,3,infl_yoy,0.6387247515364791,0.7157207977602404,0.6921283904140232,1.00972080374022,1.0744006633758545
2015-10-01,3,unrate,5.0,4.892456776647684,4.8748336102605805,5.09489877101099,5.069568634033203
2015-10-01,6,infl_yoy,0.8916160965521946,1.6874209867190189,1.5957935007390276,0.6496012295268724,0.865709125995636
2015-10-01,6,unrate,5.0,4.673111054910177,4.6690345749781486,5.135523226462138,4.827626705169678
2015-11-01,1,infl_yoy,0.4363182169185187,0.4576720161095069,0.33957803024594035,0.17445249239297986,0.19570183753967285
2015-11-01,1,unrate,5.1,4.916287130473307,5.01298765601781,5.040396419469971,4.993729114532471
2015-11-01,3,infl_yoy,1.2375025026943876,0.05421017380030824,-0.012429399815090392,0.33455087865848226,0.44652503728866577
2015-11-01,3,unrate,4.8,4.9073870569052405,4.924427768257835,5.143198821840738,5.016887187957764
2015-11-01,6,infl_yoy,1.1726257503534845,0.2011002601020122,0.32604779441125387,0.6174812368024081,0.6247081756591797
2015-11-01,6,unrate,5.1,4.772398519454328,4.847401098219312,5.1371379879015775,4.894454002380371
2015-12-01,1,infl_yoy,0.6387247515364791,0.347404161803305,0.468461690854838,0.34897297700662044,0.3817698061466217
2015-12-01,1,unrate,5.0,4.934552962365966,4.971128942920366,5.048335254123978,5.007761001586914
2015-12-01,3,infl_yoy,0.8472775790126619,0.19228511803399506,0.20959911043665436,0.3759977775991888,0.5293915867805481
2015-12-01,3,unrate,4.9,4.921763557587729,4.884846311912291,5.090327236488511,4.956592082977295
2015-12-01,6,infl_yoy,1.0784764621246223,-0.042566289561984494,0.20878803486585484,0.8064093975736749,0.8731909394264221
2015-12-01,6,unrate,4.8,4.8475235438298,4.816451340194414,5.069530600216522,4.860724449157715
2016-01-01,1,infl_yoy,1.2375025026943876,1.1786077434047444,1.1037462493345387,1.3357148210034393,1.1275478601455688
2016-01-01,1,unrate,4.8,4.843740973368843,4.823636799975519,4.9524451177643,4.967696189880371
2016-01-01,3,infl_yoy,0.8916160965521946,0.5996702080931833,0.6139064532061829,0.8161335896324118,1.0390911102294922
2016-01-01,3,unrate,5.0,4.897182593403395,4.806509737457988,4.974617371688969,4.945359230041504
2016-01-01,6,infl_yoy,1.0792865347959424,-0.31160647774573524,-0.15324181316875318,0.9682442799384687,0.9626543521881104
2016-01-01,6,unrate,4.9,4.6849043722664705,4.56075735029415,5.032884914985282,4.838079929351807
2016-02-01,1,infl_yoy,0.8472775790126619,0.6278692120396803,0.7497422780667722,0.8240013283869284,0.7551225423812866
2016-02-01,1,unrate,4.9,4.919711121212872,4.888207662832805,4.982264613609193,4.908967971801758
2016-02-01,3,infl_yoy,1.1726257503534845,0.646480119124379,0.679139166353079,1.27609010788444,1.3995790481567383
2016-02-01,3,unrate,5.1,4.914681338296253,4.8589083696545385,5.05840797992847,4.961841106414795
2016-02-01,6,infl_yoy,0.8683633430518256,0.42753153955864454,0.5757052501407183,1.1267714572956211,1.0164766311645508
2016-02-01,6,unrate,4.8,4.726628741569469,4.665395226645441,4.966027398032098,4.825069904327393
2016-03-01,1,infl_yoy,0.8916160965521946,1.170806313218337,1.0574853489242793,0.9939268575584738,1.3452277183532715
2016-03-01,1,unrate,5.0,4.907901292462854,4.951370245092686,5.004583856305742,4.984346389770508
2016-03-01,3,infl_yoy,1.0784764621246223,0.7204039215812925,0.7388920745862986,1.2253126705591806,1.0632284879684448
2016-03-01,3,unrate,4.8,4.737959514847198,4.768850139699873,5.022298091036015,4.953812122344971
2016-03-01,6,infl_yoy,1.0553158595656864,0.9985432546497282,1.0553163360114126,1.204873594902122,1.4771089553833008
2016-03-01,6,unrate,4.9,4.564153959420313,4.6339020786868295,5.011155664316297,4.913382530212402
2016-04-01,1,infl_yoy,1.1726257503534845,1.422884292123697,1.4618685328500929,1.2043742997326823,1.3409582376480103
2016-04-01,1,unrate,5.1,4.979146915600989,5.033582781640822,5.044044233674004,5.03447961807251
2016-04-01,3,infl_yoy,1.0792865347959424,1.3331376970104898,1.4954345189690623,1.3486287076321515,1.2825243473052979
2016-04-01,3,unrate,4.9,4.749459435514005,4.811620571999612,5.03549185224488,5.000855922698975
2016-04-01,6,infl_yoy,1.5486446201652182,1.8546616527771986,1.9389063956026156,1.5777556790586846,1.6648133993148804
2016-04-01,6,unrate,5.0,4.529723369646363,4.593531209562547,4.976462217622694,4.913013458251953
2016-05-01,1,infl_yoy,1.0784764621246223,0.982218399239017,1.1211787286016501,1.064417780604927,1.0827690362930298
2016-05-01,1,unrate,4.8,4.709218050362097,4.792439814766944,4.960770771392122,4.913921356201172
2016-05-01,3,infl_yoy,0.8683633430518256,1.4213710793406482,1.3515140940692516,1.2267131983467883,1.276902675628662
2016-05-01,3,unrate,4.8,4.764809651782909,4.752241474436312,4.971130959637957,4.988478183746338
2016-05-01,6,infl_yoy,1.685924966243646,2.084401063597557,1.9479472713339185,1.6242757248073119,1.7092247009277344
2016-05-01,6,unrate,4.9,4.432608492827795,4.447766457744141,4.956381005942225,4.813534736633301
2016-06-01,1,infl_yoy,1.0792865347959424,1.2281698925698965,1.133024596033052,1.1440706336766489,1.12776517868042
2016-06-01,1,unrate,4.9,4.7648698357584305,4.846237287071382,4.968835955587922,4.903787136077881
2016-06-01,3,infl_yoy,1.0553158595656864,1.4756737989684798,1.4345743769758366,1.4493377042883717,1.6323192119598389
2016-06-01,3,unrate,4.9,4.714109618111749,4.715596847283694,4.939921437220959,4.897779941558838
2016-06-01,6,infl_yoy,1.6843334719788938,2.031526628210391,1.9909766096145352,1.6738848568148499,1.7245010137557983
2016-06-01,6,unrate,4.7,4.4441817220354105,4.538767610990794,4.934941991199008,4.80165958404541
2016-07-01,1,infl_yoy,0.8683633430518256,0.7666394244268278,0.7091988141377135,1.0801366323258628,1.171041488647461
2016-07-01,1,unrate,4.8,4.758571913460962,4.7588858871038955,4.944072225813213,4.906815528869629
2016-07-01,3,infl_yoy,1.5486446201652182,1.0251007603839093,1.1392872363379345,1.592234548386475,1.5480519533157349
2016-07-01,3,unrate,5.0,4.540456692376813,4.550594712414569,4.944045780262661,4.839259147644043
2016-07-01,6,infl_yoy,2.0507989115119862,1.4422804800500941,1.5349056402843653,1.7462195209800064,1.7900125980377197
2016-07-01,6,unrate,4.7,4.422837112370463,4.523798690229967,4.8645604112232625,4.700234889984131
2016-08-01,1,infl_yoy,1.0553158595656864,1.3303625244421222,1.3680724985575545,1.1095941904755948,1.212033748626709
2016-08-01,1,unrate,4.9,4.774017544927168,4.823154301981237,4.953747709758216,4.868459701538086
2016-08-01,3,infl_yoy,1.685924966243646,1.687309578439778,1.6789795972205284,1.6463908950199369,1.5574233531951904
2016-08-01,3,unrate,4.9,4.610980900297781,4.6774223268335735,4.951250513086369,4.882847785949707
2016-08-01,6,infl_yoy,2.510393348257112,2.0746739906024194,2.008792379372957,1.943358746184544,2.0809273719787598
2016-08-01,6,unrate,4.7,4.470995301318904,4.601538916436895,4.9209893845710955,4.726455211639404
2016-09-01,1,infl_yoy,1.5486446201652182,1.940434787250605,1.9181316432904418,1.5565897611121513,1.6816412210464478
2016-09-01,1,unrate,5.0,4.775750590278426,4.880409874656626,4.964463764766887,4.96318244934082
2016-09-01,3,infl_yoy,1.6843334719788938,2.0975958098576353,2.131354827826702,1.7030409870440042,1.752145767211914
2016-09-01,3,unrate,4.7,4.62301341714571,4.745556553584424,4.937252571553749,4.88706636428833
2016-09-01,6,infl_yoy,2.8103616813294208,2.40986071640151,2.4108743461264615,2.1499766252550985,2.6681034564971924
2016-09-01,6,unrate,4.6,4.542987468004879,4.630524552500058,4.901173697171412,4.819314002990723
2016-10-01,1,infl_yoy,1.685924966243646,1.7749047623762753,1.8090764510492034,1.7831565176894797,1.9207409620285034
2016-10-01,1,unrate,4.9,4.750293470421113,4.857104819522323,4.971818816320082,4.932645320892334
2016-10-01,3,infl_yoy,2.0507989115119862,1.608607979947581,1.7244493671989942,1.7758900924568395,1.8929692506790161
2016-10-01,3,unrate,4.7,4.659622073408815,4.77885873883003,4.958974610329405,4.875202655792236
2016-10-01,6,infl_yoy,2.44119623655914,1.9836395208210305,2.039291393572957,2.1526616067022717,2.3810184001922607
2016-10-01,6,unrate,4.4,4.625486496271028,4.73173712097044,4.851217790101617,4.791945457458496
2016-11-01,1,infl_yoy,1.6843334719788938,1.6976607594931235,1.7907602579514443,1.7814778933752264,1.7982627153396606
2016-11-01,1,unrate,4.7,4.694457229127386,4.727429254790301,4.885444169230467,4.796996593475342
2016-11-01,3,infl_yoy,2.510393348257112,1.3952401471025673,1.632965580108498,1.8266181607004375,1.9518451690673828
2016-11-01,3,unrate,4.7,4.623990014287131,4.711636942080581,4.964996174533962,4.889903545379639
2016-11-01,6,infl_yoy,2.176223471915395,1.6999806418073935,1.739160371080499,2.0698835763480465,2.270207166671753
2016-11-01,6,unrate,4.4,4.553550897709113,4.583900697157999,4.915143606342158,4.774803161621094
2016-12-01,1,infl_yoy,2.0507989115119862,1.9667300312448992,2.1213227075373444,2.0556065615427563,2.1413986682891846
2016-12-01,1,unrate,4.7,4.58767155697563,4.694384536208323,4.8692906712080495,4.74833345413208
2016-12-01,3,infl_yoy,2.8103616813294208,1.849001881026596,2.021939120721894,2.02373799300176,2.178917169570923
2016-12-01,3,unrate,4.6,4.5448961650012825,4.598577571641203,4.89855730234007,4.813886642456055
2016-12-01,6,infl_yoy,1.856343166761976,1.6664929423106694,1.7624339229428965,2.128433723265973,2.053640365600586
2016-12-01,6,unrate,4.4,4.334692977089061,4.331450499238639,4.826888985409782,4.675332546234131
2017-01-01,1,infl_yoy,2.510393348257112,2.2505378457864826,2.4517411038704875,2.595649314259913,2.3994178771972656
2017-01-01,1,unrate,4.7,4.6287980314685,4.691012369589499,4.844896740387488,4.73447847366333
2017-01-01,3,infl_yoy,2.44119623655914,1.831012692566833,1.9529530227250411,2.955728866292932,2.6075360774993896
2017-01-01,3,unrate,4.4,4.619912429569806,4.5756144863491715,4.81053914003441,4.78416633605957
2017-01-01,6,infl_yoy,1.640565809959127,1.4608365651798196,1.6141446258483518,2.3580520649397245,2.201558828353882
2017-01-01,6,unrate,4.3,4.460214397647398,4.417607956839879,4.666000515636788,4.530831813812256
2017-02-01,1,infl_yoy,2.8103616813294208,2.7448914390633012,2.8352219559683958,2.8251901213823034,3.0066978931427
2017-02-01,1,unrate,4.6,4.613696104301663,4.600299990642793,4.769712006347808,4.708585739135742
2017-02-01,3,infl_yoy,2.176223471915395,2.1764940077106685,2.185300614410693,2.7835375438167023,2.8128442764282227
2017-02-01,3,unrate,4.4,4.541898390700886,4.493185257541477,4.697829352568769,4.683892250061035
2017-02-01,6,infl_yoy,1.7251073506566073,2.2028674390550287,2.1231208593665576,2.233281940213247,2.391533851623535
2017-02-01,6,unrate,4.3,4.5198733573989,4.470154097083668,4.725858973837948,4.605597496032715
2017-03-01,1,infl_yoy,2.44119623655914,1.9759877062274103,2.0535113786912937,2.481204386634074,2.3268654346466064
2017-03-01,1,unrate,4.4,4.497369140048086,4.450526132399677,4.440187933261094,4.551523685455322
2017-03-01,3,infl_yoy,1.856343166761976,1.7860244949656594,1.849547667056644,2.463470365046338,2.3989322185516357
2017-03-01,3,unrate,4.4,4.443180337040243,4.429511592159552,4.613645907513427,4.5269775390625
2017-03-01,6,infl_yoy,1.92812155729698,1.6151157814537827,1.5650225490448624,2.1176223283690456,2.0081169605255127
2017-03-01,6,unrate,4.4,4.324760941374463,4.25710606834569,4.743619541750329,4.512573719024658
2017-04-01,1,infl_yoy,2.176223471915395,1.994014033705978,1.982565364446216,2.1578839171865423,2.221376419067383
2017-04-01,1,unrate,4.4,4.353320134263522,4.384475468127943,4.432487951552454,4.419087886810303
2017-04-01,3,infl_yoy,1.640565809959127,2.034853643508025,2.0457480679547153,2.072638691609564,2.1456151008605957
2017-04-01,3,unrate,4.3,4.286690694717563,4.302818496203155,4.519639359624685,4.384585857391357
2017-04-01,6,infl_yoy,2.1805652303711787,1.5252825431525805,1.6415025427034335,2.0369539931955636,1.9830958843231201
2017-04-01,6,unrate,4.3,4.064803503173183,4.065368088457402,4.644649719767736,4.355656623840332
2017-05-01,1,infl_yoy,1.856343166761976,1.8372564475096669,1.8762254413732051,1.8494931101471301,1.7516881227493286
2017-05-01,1,unrate,4.4,4.3189348701361485,4.3863850023471525,4.415823360242575,4.374934196472168
2017-05-01,3,infl_yoy,1.7251073506566073,1.810287430119847,1.8177525383472064,1.8976265992753993,2.086172342300415
2017-05-01,3,unrate,4.3,4.196647665315842,4.190577480682951,4.4877368939868925,4.431135177612305
2017-05-01,6,infl_yoy,2.020757753132485,1.6426916517195873,1.8025040503474763,1.9357377958560145,1.8277066946029663
2017-05-01,6,unrate,4.2,4.063810633098067,4.059206020858613,4.565197819382132,4.4129509925842285
2017-06-01,1,infl_yoy,1.640565809959127,1.5256285366083127,1.6181525531526482,1.5381965808356395,1.5217175483703613
2017-06-01,1,unrate,4.3,4.213292913182265,4.277975607540747,4.392975762111073,4.374368667602539
2017-06-01,3,infl_yoy,1.92812155729698,1.361451672006392,1.5109097299193885,1.8195274909047094,1.709225058555603
2017-06-01,3,unrate,4.4,4.042068724522806,4.068389723460466,4.460458583681916,4.477025508880615
2017-06-01,6,infl_yoy,2.172493864295566,1.691034046012492,1.8016467894497958,2.006521621194078,2.0270638465881348
2017-06-01,6,unrate,4.2,4.103558292772973,4.0372418222610476,4.6058338456403956,4.431715965270996
2017-07-01,1,infl_yoy,1.7251073506566073,1.7873318578567448,1.8069747326566543,1.7501449777365472,1.6979637145996094
2017-07-01,1,unrate,4.3,4.2127296609266125,4.258185290667946,4.333982319332522,4.347982883453369
2017-07-01,3,infl_yoy,2.1805652303711787,1.4439167766886316,1.640184834766829,1.955800941973441,1.9334070682525635
2017-07-01,3,unrate,4.3,4.080493713254888,4.155287504569516,4.480724404621315,4.421388626098633
2017-07-01,6,infl_yoy,2.129930719552253,1.7418742470978206,1.8328433119470613,2.092208684137951,2.0810530185699463
2017-07-01,6,unrate,4.1,4.070305889173578,4.089339007815253,4.565531119790649,4.256490230560303
2017-08-01,1,infl_yoy,1.92812155729698,1.7023460253011105,1.8126465845697095,1.928444725113872,1.8859937191009521
2017-08-01,1,unrate,4.4,4.218577769969391,4.329936381509051,4.37853607588405,4.3537445068359375
2017-08-01,3,infl_yoy,2.020757753132485,1.5065050528868404,1.6345738553205191,2.057888050629366,2.1314356327056885
2017-08-01,3,unrate,4.2,4.180899322074973,4.292176686023957,4.501715880421538,4.316695213317871
2017-08-01,6,infl_yoy,2.151318868063945,1.4444427549505903,1.5550143298962986,2.0331933254236834,2.0047178268432617
2017-08-01,6,unrate,4.0,4.209732319005237,4.2739561493402,4.419837752502735,4.258485794067383
2017-09-01,1,infl_yoy,2.1805652303711787,2.3181597121470934,2.3142615011757157,2.201144295633373,2.2663986682891846
2017-09-01,1,unrate,4.3,4.241939295789619,4.308977150180422,4.348450690927636,4.350825309753418
2017-09-01,3,infl_yoy,2.172493864295566,2.2321280771429604,2.2019152777518114,2.117866892397195,2.46589732170105
2017-09-01,3,unrate,4.2,4.231939691970537,4.276395641197208,4.423067502871708,4.356528282165527
2017-09-01,6,infl_yoy,2.263468931091861,1.864621460457741,1.77964052243487,2.122688396711632,2.0612049102783203
2017-09-01,6,unrate,4.1,4.193492740660931,4.24376912074997,4.375491450726619,4.216639995574951
2017-10-01,1,infl_yoy,2.020757753132485,1.9392922874322924,1.9784981319472603,2.105254550450648,2.1074886322021484
2017-10-01,1,unrate,4.2,4.17779402974065,4.209502098769947,4.324279293948923,4.2712883949279785
2017-10-01,3,infl_yoy,2.129930719552253,2.3727436873069174,2.4148879798259153,2.1109694796546234,2.272648572921753
2017-10-01,3,unrate,4.1,4.125813827141025,4.162250073756075,4.2979432288548365,4.1391987800598145
2017-10-01,6,infl_yoy,2.3309497646499366,2.1787852129242506,2.1226459922122274,2.1381696630057485,2.212878465652466
2017-10-01,6,unrate,4.0,3.935510723244439,3.9345559881537633,4.268109563503836,4.032770156860352
2017-11-01,1,infl_yoy,2.172493864295566,2.5689225985597934,2.403683410126824,2.1903648352153033,2.224998712539673
2017-11-01,1,unrate,4.2,4.156851836554388,4.202543681400385,4.295044439648453,4.253474712371826
2017-11-01,3,infl_yoy,2.151318868063945,2.7205287969956746,2.663019603705519,2.213369603559525,2.2843170166015625
2017-11-01,3,unrate,4.0,4.008399419719976,4.072019591852923,4.228988989986959,4.080287456512451
2017-11-01,6,infl_yoy,2.4709963021052994,2.6824957963152305,2.6294834499116306,2.219907165471732,2.305248737335205
2017-11-01,6,unrate,4.0,3.8327764586767166,3.9133265949307763,4.143658591376638,4.079631328582764
2017-12-01,1,infl_yoy,2.129930719552253,2.3368372936994977,2.2844738564125304,2.1442930317658657,2.2461681365966797
2017-12-01,1,unrate,4.1,4.092273442981551,4.116520853735083,4.218489282070393,4.103663921356201
2017-12-01,3,infl_yoy,2.263468931091861,2.5508268345219514,2.528233852520564,2.1808173227536263,2.3195888996124268
2017-12-01,3,unrate,4.1,3.9438748770256367,3.9586874351587618,4.179264679879006,4.092014789581299
2017-12-01,6,infl_yoy,2.781921607842497,2.8842868439432,2.7774475270481864,2.3440150641140365,2.566965103149414
2017-12-01,6,unrate,3.8,3.78091161251997,3.9030596772038875,4.170776847968915,4.006910800933838
2018-01-01,1,infl_yoy,2.151318868063945,2.1852565888190947,2.2321798606522507,2.1143564682266645,2.1898186206817627
2018-01-01,1,unrate,4.0,4.006250656828006,4.018817334791649,4.129173007044631,4.098773002624512
2018-01-01,3,infl_yoy,2.3309497646499366,2.4929615627061215,2.4676432811573137,2.185559795466674,2.3062832355499268
2018-01-01,3,unrate,4.0,3.879391905971339,3.959192411223799,4.1250346605144514,4.025371551513672
2018-01-01,6,infl_yoy,2.8075506935940187,3.0001190934547504,2.7839085426137777,2.410969925991222,2.7536697387695312
2018-01-01,6,unrate,4.0,3.7908338089051683,3.917236205607583,4.158973719913472,4.083486080169678
2018-02-01,1,infl_yoy,2.263468931091861,2.3338028996353266,2.1789036830785595,2.190628869651637,2.126246929168701
2018-02-01,1,unrate,4.1,3.9319371103048986,4.009123976508514,4.095872517018923,4.083145618438721
2018-02-01,3,infl_yoy,2.4709963021052994,2.637830825871097,2.5488289280199923,2.3536042465554856,2.486844539642334
2018-02-01,3,unrate,4.0,3.788619648137771,3.897666493727667,4.0950813295055415,4.009296417236328
2018-02-01,6,infl_yoy,2.854124785561929,2.695661425046751,2.5653136349607237,2.526274058836649,2.7529358863830566
2018-02-01,6,unrate,3.8,3.6226401765851763,3.8286728984232252,4.119902145827481,4.022952556610107
2018-03-01,1,infl_yoy,2.3309497646499366,2.56653542491345,2.532963653077828,2.3439095998746207,2.417752981185913
2018-03-01,1,unrate,4.0,3.7988177864369668,3.9314459808519566,4.059819845266032,4.021334648132324
2018-03-01,3,infl_yoy,2.781921607842497,2.882974349957456,2.8034036642353133,2.5905403884379274,2.7825841903686523
2018-03-01,3,unrate,3.8,3.736949795508445,3.817807023493607,4.041793960052307,3.9641642570495605
2018-03-01,6,infl_yoy,2.642923856874257,2.6283925052163277,2.617527032792894,2.622323120239629,2.8933310508728027
2018-03-01,6,unrate,3.8,3.603330185408375,3.734191517613805,4.0171905759233235,3.8820598125457764
2018-04-01,1,infl_yoy,2.4709963021052994,2.67850479052526,2.6182111390958043,2.652874869457993,2.697680711746216
2018-04-01,1,unrate,4.0,3.866809860100505,3.941035479144838,4.040815188091063,4.04176139831543
2018-04-01,3,infl_yoy,2.8075506935940187,2.8448167164121347,2.8693100404433296,2.6949421316873043,3.018535614013672
2018-04-01,3,unrate,4.0,3.780778867379355,3.840360787766013,4.02381722266102,3.9626214504241943
2018-04-01,6,infl_yoy,2.332055105808828,2.7820577126573465,2.806820914681816,2.545122255448799,2.8373115062713623
2018-04-01,6,unrate,3.7,3.5720263348118872,3.666902274520353,3.9864143971931223,3.868138313293457
2018-05-01,1,infl_yoy,2.781921607842497,2.940743490064952,2.888049277924029,2.7316668219364915,2.7971203327178955
2018-05-01,1,unrate,3.8,3.747037786720735,3.8132453939169624,4.011113626276059,3.9874088764190674
2018-05-01,3,infl_yoy,2.854124785561929,2.9765450446761905,2.8715848954541086,2.7209193767448983,2.786682367324829
2018-05-01,3,unrate,3.8,3.6052392292423745,3.7217726494344956,3.9831850783724083,3.936626434326172
2018-05-01,6,infl_yoy,2.492032470218053,3.0420589319039126,2.798508326273364,2.7009124908177626,3.0282015800476074
2018-05-01,6,unrate,3.8,3.4415719561584166,3.641494341277735,3.9565531270174845,3.8335232734680176
2018-06-01,1,infl_yoy,2.8075506935940187,2.910542061334651,2.876269610850078,2.8106117587551056,2.8807923793792725
2018-06-01,1,unrate,4.0,3.836436127561806,3.925609081664261,4.032317244743935,4.021731853485107
2018-06-01,3,infl_yoy,2.642923856874257,2.9766306854510254,2.968514083620491,2.927891618925758,2.8590145111083984
2018-06-01,3,unrate,3.8,3.632080341771417,3.7615583080395742,3.9505450108010978,3.974587917327881
2018-06-01,6,infl_yoy,2.147328577667773,3.0757088471118914,2.9379180736690067,2.7517661248576566,2.919191360473633
2018-06-01,6,unrate,3.8,3.437817195681998,3.6867826625150038,3.939391467458159,3.9216039180755615
2018-07-01,1,infl_yoy,2.854124785561929,2.666267723805564,2.710264844140971,2.8484725253855276,2.8231170177459717
2018-07-01,1,unrate,3.8,3.757428274406615,3.8189686326702064,3.989763530425005,3.9797122478485107
2018-07-01,3,infl_yoy,2.332055105808828,2.5903054771635987,2.596116301380727,2.8652441713578636,2.9946250915527344
2018-07-01,3,unrate,3.7,3.6945669966326524,3.7860193228891554,3.9539582964582967,3.925992012023926
2018-07-01,6,infl_yoy,2.0023809043401064,2.4856351064167743,2.3219247832885275,2.74796339110206,2.692776918411255
2018-07-01,6,unrate,3.9,3.483690533281984,3.659705845416047,4.010490008002468,3.8676140308380127
2018-08-01,1,infl_yoy,2.642923856874257,2.5032484053618873,2.5418451477747475,2.708342037772256,2.672822952270508
2018-08-01,1,unrate,3.8,3.675844834561886,3.775625667301835,3.9612544515307295,3.9700326919555664
2018-08-01,3,infl_yoy,2.492032470218053,2.886026578870529,2.742674220687581,2.79631443013016,3.1031625270843506
2018-08-01,3,unrate,3.8,3.5764987939913087,3.680238840751861,3.9252567115518495,3.8922171592712402
2018-08-01,6,infl_yoy,1.4875893578291333,2.671624229322304,2.4937793687569676,2.5822764804117826,2.546612024307251
2018-08-01,6,unrate,4.0,3.3971107830235168,3.6095619567931916,4.105943030341831,3.9152767658233643
2018-09-01,1,infl_yoy,2.332055105808828,2.448284731595102,2.4282654315910883,2.3634243850604157,2.5332486629486084
2018-09-01,1,unrate,3.7,3.656722310680115,3.729833659356449,3.9472336081569246,3.940880060195923
2018-09-01,3,infl_yoy,2.147328577667773,2.5949693184948677,2.5307178111694015,2.6203691170335826,2.7179934978485107
2018-09-01,3,unrate,3.8,3.5758292932052096,3.6663902499158594,3.952872138204561,3.8980672359466553
2018-09-01,6,infl_yoy,1.5188615351321877,2.5940482025891947,2.4792501439126786,2.3458209664464764,2.109739065170288
2018-09-01,6,unrate,3.8,3.442131266626738,3.6356872782686174,4.1719766319976355,4.019470691680908
2018-10-01,1,infl_yoy,2.492032470218053,2.4359884629595894,2.3735827476540186,2.5901203843639733,2.5421764850616455
2018-10-01,1,unrate,3.8,3.7260434351413516,3.782096462735842,3.9303379699376997,3.880922317504883
2018-10-01,3,infl_yoy,2.0023809043401064,2.0308718061020965,2.078080097394662,2.586950410259267,2.4671425819396973
2018-10-01,3,unrate,3.9,3.6231136860364974,3.7307997608267303,3.975016329480017,3.906043291091919
2018-10-01,6,infl_yoy,1.8831863513063984,2.157238220224356,2.1695294016418063,2.299393358449229,2.27020525932312
2018-10-01,6,unrate,3.8,3.5559264171274565,3.785607348788691,4.129954717266649,3.989640235900879
2018-11-01,1,infl_yoy,2.147328577667773,1.5282272862992248,1.6738732692076346,2.042847628684979,2.011061429977417
2018-11-01,1,unrate,3.8,3.7237055571483637,3.800088758892368,3.9106215072141284,3.894091844558716
2018-11-01,3,infl_yoy,1.4875893578291333,1.2938975993823023,1.363113344092925,2.248806822906655,1.89425790309906
2018-11-01,3,unrate,4.0,3.764456527943358,3.838957340080566,4.049248386610362,3.9468562602996826
2018-11-01,6,infl_yoy,2.000583470209061,1.2844491896777381,1.2661493650626607,2.226694771398801,2.1019186973571777
2018-11-01,6,unrate,3.7,3.7097725630055316,3.8811112337391958,4.116035140721695,3.9799935817718506
2018-12-01,1,infl_yoy,2.0023809043401064,1.7386104411239456,1.8075243553420943,1.9870015527940572,1.83423912525177
2018-12-01,1,unrate,3.9,3.8607069498756053,3.8989272553612864,3.9083775105967207,3.89363169670105
2018-12-01,3,infl_yoy,1.5188615351321877,1.3688760796289619,1.4470068929505202,2.1418051300728025,1.9562262296676636
2018-12-01,3,unrate,3.8,3.8408311626444744,3.9022191105336654,3.995624710284748,3.893580675125122
2018-12-01,6,infl_yoy,1.7959105553606136,0.9693632328158244,1.0514530021691342,2.160378001381078,2.1258747577667236
2018-12-01,6,unrate,3.6,3.8481065887636023,3.9611170228202264,3.9865786277461694,3.8335330486297607
2019-01-01,1,infl_yoy,1.4875893578291333,1.6651012247069201,1.6298289524474192,1.5067502310425622,1.7863612174987793
2019-01-01,1,unrate,4.0,3.898618759255211,3.9632901300833514,3.9297809258069587,3.9872448444366455
2019-01-01,3,infl_yoy,1.8831863513063984,1.923013453919367,1.939261573521366,1.7663133747821484,1.9693303108215332
2019-01-01,3,unrate,3.8,3.7808532985680268,3.893495494306829,3.972485051701363,3.979783058166504
2019-01-01,6,infl_yoy,1.671194894390049,2.0512904627536326,1.8523092552214735,2.0389638989559398,2.2761588096618652
2019-01-01,6,unrate,3.6,3.8217231805203773,3.975729757688364,4.213612636325892,3.958395004272461
2019-02-01,1,infl_yoy,1.5188615351321877,1.6534198284210393,1.60981019568084,1.5989065977712529,1.6783510446548462
2019-02-01,1,unrate,3.8,3.797720003865525,3.8350572237837337,3.8906665989420186,3.9669082164764404
2019-02-01,3,infl_yoy,2.000583470209061,1.7594554861294625,1.7422111271103236,1.8576951137961943,2.0645430088043213
2019-02-01,3,unrate,3.7,3.854099302062576,3.9243654255521863,3.9032319750228424,3.9659833908081055
2019-02-01,6,infl_yoy,1.826331335037068,2.219183079341809,2.0125184934768687,2.1358867645522803,2.138096570968628
2019-02-01,6,unrate,3.7,3.759021225977922,3.9352993396511593,4.2154364259947785,3.9857234954833984
2019-03-01,1,infl_yoy,1.8831863513063984,2.1023008208511382,2.0035933814999027,1.848199599015741,1.8980731964111328
2019-03-01,1,unrate,3.8,3.8145949682130453,3.8282694540217683,3.8977864275867495,3.9370179176330566
2019-03-01,3,infl_yoy,1.7959105553606136,2.285082763257895,2.1641322902593143,2.0104155021413215,2.2814483642578125
2019-03-01,3,unrate,3.6,3.904022616300381,3.883112365685304,3.8799712330678204,3.8722352981567383
2019-03-01,6,infl_yoy,1.7376412106666406,2.5414290875839924,2.2838246928079604,2.0792249811448342,1.9406317472457886
2019-03-01,6,unrate,3.6,3.6349500558319883,3.777828842427428,4.1068159017289805,3.8232319355010986
2019-04-01,1,infl_yoy,2.000583470209061,1.9900116537700745,2.036112897404914,2.074505037659074,2.0696117877960205
2019-04-01,1,unrate,3.7,3.7269807428852038,3.7311652357211833,3.8681488834624496,3.8340067863464355
2019-04-01,3,infl_yoy,1.671194894390049,2.5339758547796283,2.2589731314330987,2.127441542685076,2.2615561485290527
2019-04-01,3,unrate,3.6,3.8080083084340073,3.7378255054423954,3.9499508332443454,3.9299681186676025
2019-04-01,6,infl_yoy,1.6844977040391562,2.440364627226672,2.1249036436261277,2.0074521085298076,1.9772380590438843
2019-04-01,6,unrate,3.5,3.6349295685108145,3.7974093846086516,4.040233825758916,3.799992084503174
2019-05-01,1,infl_yoy,1.7959105553606136,1.574323194347755,1.4297754448138456,1.746636084583013,1.7449853420257568
2019-05-01,1,unrate,3.6,3.7887863569938123,3.677199543785876,3.8390855265341934,3.834728479385376
2019-05-01,3,infl_yoy,1.826331335037068,1.817853596908889,1.6183489650140985,1.974028456058395,1.897478461265564
2019-05-01,3,unrate,3.7,3.7957353797562217,3.7559824687678227,3.9733094359321264,3.901805877685547
2019-05-01,6,infl_yoy,1.7339736996186297,1.948510566167486,1.695772651668006,2.008671480872108,1.7819838523864746
2019-05-01,6,unrate,3.6,3.6778245518098145,3.8435677592348245,3.95246928524732,3.7316315174102783
2019-06-01,1,infl_yoy,1.671194894390049,1.8850152244118088,1.8131470989611151,1.6940623102168106,1.8662195205688477
2019-06-01,1,unrate,3.6,3.7475656805976243,3.6717593807011877,3.872421505656639,3.831066370010376
2019-06-01,3,infl_yoy,1.7376412106666406,2.307026147879608,2.1001098937501212,1.9305268333267886,2.0754573345184326
2019-06-01,3,unrate,3.6,3.7510707422622924,3.704915996577901,3.9984798478990315,3.850087881088257
2019-06-01,6,infl_yoy,2.092290394862917,2.7100995202134173,2.4255190063354104,2.0731382526943563,2.050886392593384
2019-06-01,6,unrate,3.6,3.576853036068192,3.733467644903302,3.8797821194923174,3.8946356773376465
2019-07-01,1,infl_yoy,1.826331335037068,2.0465839570720785,1.9331105774553063,1.9009580993435935,1.986850380897522
2019-07-01,1,unrate,3.7,3.787159700969112,3.7247148347958126,3.8559602176454835,3.823394775390625
2019-07-01,3,infl_yoy,1.6844977040391562,2.325512532069513,2.1203619238656706,2.072710112790153,2.2144317626953125
2019-07-01,3,unrate,3.5,3.829005606768774,3.7821688844998493,3.8440525257866187,3.698718786239624
2019-07-01,6,infl_yoy,2.3195274699624457,2.808015172887448,2.4930187946315505,2.128613612516214,2.266693592071533
2019-07-01,6,unrate,3.6,3.598108729860712,3.853945040950542,3.814493411851024,3.635211706161499
2019-08-01,1,infl_yoy,1.7376412106666406,1.7459051298421748,1.663587573696735,1.751238434056925,1.9895507097244263
2019-08-01,1,unrate,3.6,3.6843398801784053,3.6379515793413892,3.816432827941491,3.8541998863220215
2019-08-01,3,infl_yoy,1.7339736996186297,2.1375689460646043,2.0743194942557053,1.9962025498467608,1.8667447566986084
2019-08-01,3,unrate,3.6,3.6213514699300764,3.596625342440082,3.737799488784761,3.7223424911499023
2019-08-01,6,infl_yoy,2.599767976845202,2.57498996000841,2.3324657478531616,2.209953933885248,2.1620092391967773
2019-08-01,6,unrate,3.6,3.4582121630901552,3.618910054943329,3.9299333019376377,3.809894561767578
2019-09-01,1,infl_yoy,1.6844977040391562,1.9392461696502932,1.793031056590126,1.837147258699892,2.061264991760254
2019-09-01,1,unrate,3.5,3.573601704770282,3.5255804329646505,3.71537727399642,3.6599862575531006
2019-09-01,3,infl_yoy,2.092290394862917,2.097946315552428,1.973026188380504,1.9804950135260646,1.8298903703689575
2019-09-01,3,unrate,3.6,3.4772421879872946,3.5312422446475766,3.7031111367923075,3.695321559906006
2019-09-01,6,infl_yoy,2.34131667975952,2.3435873900752893,2.025890054504254,2.1710299665702593,2.2633395195007324
2019-09-01,6,unrate,3.5,3.3299632619606734,3.5199398829674715,3.9101442085021008,3.7568821907043457
2019-10-01,1,infl_yoy,1.7339736996186297,1.769040342770895,1.7559799096155593,1.7966246880010914,1.8308334350585938
2019-10-01,1,unrate,3.6,3.548545791086636,3.6011843767371077,3.6946733195725847,3.635669469833374
2019-10-01,3,infl_yoy,2.3195274699624457,1.8302401917206481,1.744091964916711,1.954184015297391,1.974963665008545
2019-10-01,3,unrate,3.6,3.4958694023339922,3.6428686912026325,3.6785266734942064,3.6415889263153076
2019-10-01,6,infl_yoy,1.4940399642909163,2.0358344638346755,1.7770307554718796,2.0011097472924146,2.0425667762756348
2019-10-01,6,unrate,4.4,3.490521708404005,3.7143812058837447,4.043432564969868,3.968449831008911
2019-11-01,1,infl_yoy,2.092290394862917,2.2046735358633383,2.1454600094894114,2.124774556147182,2.3297762870788574
2019-11-01,1,unrate,3.6,3.5250454823943853,3.6128786992892006,3.6987213784676056,3.679628372192383
2019-11-01,3,infl_yoy,2.599767976845202,2.3538802275670125,2.1373458834005548,2.05655900086829,2.2026560306549072
2019-11-01,3,unrate,3.6,3.482382912819548,3.563728289273965,3.6976516301159386,3.685612678527832
2019-11-01,6,infl_yoy,0.3130472940411133,2.066871637843582,1.967056344137055,1.937956071826346,1.8305877447128296
2019-11-01,6,unrate,14.8,3.4455982298128296,3.7072143912879,4.234388654877011,5.3272480964660645
2019-12-01,1,infl_yoy,2.3195274699624457,2.4410332300758357,2.3632238971020523,2.289498965970382,2.2757656574249268
2019-12-01,1,unrate,3.6,3.5333176751586413,3.570290802872434,3.70845535126638,3.67093563079834
2019-12-01,3,infl_yoy,2.34131667975952,2.336566448233439,2.236923417035527,2.256756007323499,2.3732101917266846
2019-12-01,3,unrate,3.5,3.6017843732268977,3.6113018603523366,3.771096053058863,3.6874477863311768
2019-12-01,6,infl_yoy,0.1982013035848551,1.9262540771800307,2.041049464129679,1.8336197970111128,1.4484204053878784
2019-12-01,6,unrate,13.2,4.14988440466912,4.071213017771123,4.714131889556728,6.096663475036621
2020-01-01,1,infl_yoy,2.599767976845202,2.3967820115071934,2.3415629781359266,2.5100075523845984,2.2623305320739746
2020-01-01,1,unrate,3.6,3.557618829884012,3.602086797154687,3.6985183131810273,3.6647870540618896
2020-01-01,3,infl_yoy,1.4940399642909163,1.822741551541026,1.8710406429756672,2.1611441945700456,1.9968550205230713
2020-01-01,3,unrate,4.4,3.6277921043686012,3.6416322468814113,3.9914978443039315,3.907193660736084
2020-01-01,6,infl_yoy,0.7166562831830481,1.1951302786586322,1.362519387803452,1.7326500906432738,1.3707053661346436
2020-01-01,6,unrate,11.0,4.293423311865036,4.377577401059784,5.110026009932186,11.753872871398926
2020-02-01,1,infl_yoy,2.34131667975952,1.8834278889997096,1.91748623475563,2.298152541614846,2.2347633838653564
2020-02-01,1,unrate,3.5,3.559220485512901,3.51764579561933,3.731950933229107,3.647808790206909
2020-02-01,3,infl_yoy,0.3130472940411133,1.1870870870503782,1.332291056615111,1.8953883812629015,1.7026821374893188
2020-02-01,3,unrate,14.8,4.313492576438664,3.9384865347007256,4.3073076738860525,4.074840545654297
2020-02-01,6,infl_yoy,0.9968647625897996,0.5264853592388372,0.6921855659090539,1.4733119992173849,1.5416996479034424
2020-02-01,6,unrate,10.2,4.573052808804348,4.419706627213257,6.341333495222588,10.976012229919434
2020-03-01,1,infl_yoy,1.4940399642909163,0.3122103052781249,0.5974688860212698,1.5763102662937352,1.5416793823242188
2020-03-01,1,unrate,4.4,4.546612779522562,4.581377926901262,4.269128231367888,4.2574591636657715
2020-03-01,3,infl_yoy,0.1982013035848551,-1.6330408183924336,-1.2801288990621176,1.2721030597067744,0.7269824743270874
2020-03-01,3,unrate,13.2,5.44222545628086,5.469290845567166,5.610986520592511,6.247717380523682
2020-03-01,6,infl_yoy,1.2810698495523851,-1.903940264283142,-1.530663540541057,1.0090860313177359,0.6403800249099731
2020-03-01,6,unrate,8.4,7.205876193965289,6.68807063137176,7.627031435617815,13.735834121704102
2020-04-01,1,infl_yoy,0.3130472940411133,-0.4918368151209829,-0.020659677582433478,0.20593231098649156,0.4930881857872009
2020-04-01,1,unrate,14.8,50.14198281025202,49.165982873237496,8.966352390879676,12.042999267578125
2020-04-01,3,infl_yoy,0.7166562831830481,-4.620847053376849,-4.786558956942118,0.5120255968851726,0.4098597764968872
2020-04-01,3,unrate,11.0,29.336788522914446,32.604316313168866,8.969945587735852,7.955937385559082
2020-04-01,6,infl_yoy,1.3910228912373812,-9.800794028059224,-5.636605091258744,1.2334195902679292,1.0526987314224243
2020-04-01,6,unrate,7.8,22.230156756654598,22.722453996886365,8.230019330994924,7.9814276695251465
2020-05-01,1,infl_yoy,0.1982013035848551,-4.138484501936881,-0.525889813984965,0.1702340077547193,1.0371817350387573
2020-05-01,1,unrate,13.2,5.202255581370059,7.076169818279005,9.982460094218649,11.230975151062012
2020-05-01,3,infl_yoy,0.9968647625897996,-3.6711607454912154,-0.05729373508164404,0.5619541683765665,1.5958293676376343
2020-05-01,3,unrate,10.2,1.9212282513761942,8.57200457757011,9.378254500891265,9.170971870422363
2020-05-01,6,infl_yoy,1.2303863428671624,-11.440093154854216,-6.433804470852786,1.696027414411276,1.1018290519714355
2020-05-01,6,unrate,6.9,12.810432045139976,13.305927857317304,8.239872242623301,7.506314277648926
2020-06-01,1,infl_yoy,0.7166562831830481,0.33395015834038544,0.5203404062015242,0.5273551087027283,0.9888082146644592
2020-06-01,1,unrate,11.0,7.8379830390073035,9.217494610365902,10.293261988011988,10.338176727294922
2020-06-01,3,infl_yoy,1.2810698495523851,-8.232742337079511,-1.1126175518980213,1.0717368980432376,1.2451499700546265
2020-06-01,3,unrate,8.4,13.385127377727716,14.378501325269823,8.907872720717533,10.708272933959961
2020-06-01,6,infl_yoy,1.1757452138405844,-5.842684736125335,-2.2829652144567456,1.6239735773427262,1.3021516799926758
2020-06-01,6,unrate,6.7,10.49116766234322,10.245566592893743,7.99137713333353,7.287221431732178
2020-07-01,1,infl_yoy,0.9968647625897996,-3.1289657201671117,1.8390344932716072,1.1161991746917597,1.1947435140609741
2020-07-01,1,unrate,10.2,13.505023109003382,12.335650343948407,10.157372276334776,10.150979995727539
2020-07-01,3,infl_yoy,1.3910228912373812,-15.888903852540622,-7.3651326616051564,1.6585933942685398,1.4540077447891235
2020-07-01,3,unrate,7.8,28.945334979833895,21.89424097754578,8.622989349921665,8.1820650100708
2020-07-01,6,infl_yoy,1.3204191315779434,-5.249920602574617,-0.4804831635374862,1.497006934177534,1.37002694606781
2020-07-01,6,unrate,6.7,15.557230394483682,15.631908201513287,7.998980323489147,7.595966339111328
2020-08-01,1,infl_yoy,1.2810698495523851,-3.198524891142168,0.22505054734406205,1.2617840286559412,1.1665732860565186
2020-08-01,1,unrate,8.4,13.236894389502647,10.581515542720396,8.290055699610846,8.803837776184082
2020-08-01,3,infl_yoy,1.2303863428671624,-2.333267971499154,-0.660230955552545,1.6292539468895568,1.6531744003295898
2020-08-01,3,unrate,6.9,19.575758470443255,15.922259569089295,8.241186347158173,7.777157306671143
2020-08-01,6,infl_yoy,1.3738437137002402,4.584588352460337,3.095583378506219,1.5605465157208191,1.501892328262329
2020-08-01,6,unrate,6.4,16.998969655365155,15.014521363843754,8.176680552216327,7.7864670753479
2020-09-01,1,infl_yoy,1.3910228912373812,-0.7353543870779511,-1.0606953956657676,1.4421690746570408,1.52031409740448
2020-09-01,1,unrate,7.8,19.196065618540473,17.133986035692196,7.853603680143387,7.999155044555664
2020-09-01,3,infl_yoy,1.1757452138405844,0.8737684878637746,-0.42752416696961815,1.7517188025430053,1.8731640577316284
2020-09-01,3,unrate,6.7,16.989438689234255,15.982817752893027,7.630841075241785,7.8246235847473145
2020-09-01,6,infl_yoy,1.6698167791706853,3.7782905942104605,4.420930092674219,1.9985695591880324,2.0000884532928467
2020-09-01,6,unrate,6.2,33.76918406354817,29.69022044161884,8.26208093028526,7.585603713989258
2020-10-01,1,infl_yoy,1.2303863428671624,0.9353468345313303,0.7173390692505521,1.2370419291238897,1.3180289268493652
2020-10-01,1,unrate,6.9,11.869036202146347,14.124606739357983,7.024498419236424,7.196340560913086
2020-10-01,3,infl_yoy,1.3204191315779434,-0.9426513312066382,-0.3354115359633578,1.443553574012677,1.6342990398406982
2020-10-01,3,unrate,6.7,25.30304860546761,22.89348291176103,7.450298475655751,7.413257122039795
2020-10-01,6,infl_yoy,2.6678187820641908,3.646883463469345,3.48132503139174,2.3648263370486777,2.5202817916870117
2020-10-01,6,unrate,6.1,30.792910859352016,30.53137442879172,7.913897977307297,6.980772018432617
2020-11-01,1,infl_yoy,1.1757452138405844,1.7936213043256322,2.015571771720959,1.2228968321840736,1.3500155210494995
2020-11-01,1,unrate,6.7,8.265321215558007,7.217343451065619,6.626829213158796,7.299072742462158
2020-11-01,3,infl_yoy,1.3738437137002402,2.312229879327621,1.8668324221563255,1.5542673639627056,1.605855941772461
2020-11-01,3,unrate,6.4,7.9183126911165,6.883708297823799,6.753996258061894,6.470817565917969
2020-11-01,6,infl_yoy,4.133077115360573,2.8653258541979896,2.929916812154494,3.155130293979839,3.3802804946899414
2020-11-01,6,unrate,6.1,7.894076920940913,7.20803825672119,6.803157548676374,6.370033264160156
2020-12-01,1,infl_yoy,1.3204191315779434,1.9228870411494647,1.6620140910073298,1.2863997133966973,1.333105206489563
2020-12-01,1,unrate,6.7,6.101170219684614,6.101209555124489,6.637327382374248,7.090036869049072
2020-12-01,3,infl_yoy,1.6698167791706853,2.887633297216328,2.376873796472476,1.5407239710412282,1.6587715148925781
2020-12-01,3,unrate,6.2,6.424544218104793,6.328274382083205,6.756934840478855,6.322267055511475
2020-12-01,6,infl_yoy,4.918257089467626,2.535183246025274,2.5052989190094364,2.4955279654860076,2.998124599456787
2020-12-01,6,unrate,5.8,5.949540243770882,5.958928715447449,6.294071413285685,5.748208999633789
2021-01-01,1,infl_yoy,1.3738437137002402,1.9359466319059688,1.799369428658614,1.4573617484590111,1.4642903804779053
2021-01-01,1,unrate,6.4,7.161920439712189,6.932713090925722,6.27025081165996,6.225290775299072
2021-01-01,3,infl_yoy,2.6678187820641908,2.6303140245740178,2.474211148145619,1.6357099804532451,1.6698191165924072
2021-01-01,3,unrate,6.1,6.730683390326018,6.63811964703223,6.761790580882469,6.162876605987549
2021-01-01,6,infl_yoy,5.295632620349999,3.6614865083886037,3.20147456516183,1.8582765417923648,2.221569299697876
2021-01-01,6,unrate,5.9,6.051270420694146,5.975005093901379,6.034259214084434,5.960245609283447
2021-02-01,1,infl_yoy,1.6698167791706853,2.083836969721883,2.1650860073413143,1.8105902274942687,1.6935045719146729
2021-02-01,1,unrate,6.2,7.231291781330835,6.928012163795003,6.376370097104479,6.614041328430176
2021-02-01,3,infl_yoy,4.133077115360573,2.4366607690950035,2.523639822036259,1.8327612664347592,2.040095090866089
2021-02-01,3,unrate,6.1,6.660019535649757,6.426152966143922,6.821653493095489,6.166844844818115
2021-02-01,6,infl_yoy,5.245169381309234,3.8635916102899026,3.3037238659564663,1.9155664035807565,2.6253349781036377
2021-02-01,6,unrate,5.4,6.791878133320898,6.618891510174482,5.952321237992697,5.677847862243652
2021-03-01,1,infl_yoy,2.6678187820641908,2.475082746438896,2.4726057356046205,2.531122120239593,2.325594663619995
2021-03-01,1,unrate,6.1,5.607280402347885,5.812143906679895,6.3190513443793925,6.054295539855957
2021-03-01,3,infl_yoy,4.918257089467626,3.075664773466709,2.8782909773531413,2.322320679194851,2.708024024963379
2021-03-01,3,unrate,5.8,5.322266137886478,5.549685053733155,6.477292431743301,5.896188259124756
2021-03-01,6,infl_yoy,5.152015301793966,3.2056863129877384,2.794331806856308,2.269809347471873,2.758808135986328
2021-03-01,6,unrate,5.1,5.772510582921196,5.828946154304762,5.8077078227787275,5.485917568206787
2021-04-01,1,infl_yoy,4.133077115360573,4.680986644603109,4.4135652278847095,4.157418700512733,3.7928853034973145
2021-04-01,1,unrate,6.1,5.907020714302856,6.362397773822672,6.226188728995023,6.151101589202881
2021-04-01,3,infl_yoy,5.295632620349999,4.627363421946445,4.148376004575996,3.250627124569699,3.32431960105896
2021-04-01,3,unrate,5.9,5.643887129743845,5.932613163920106,6.320330398756072,5.800410270690918
2021-04-01,6,infl_yoy,5.351215590949132,2.9395661579043244,3.0789126508030007,1.9724808115818002,2.4496114253997803
2021-04-01,6,unrate,4.7,4.922202093938754,5.2232167149137645,5.578288753944563,5.371301174163818
2021-05-01,1,infl_yoy,4.918257089467626,5.243299101503127,4.932737045051746,4.396112027172124,4.217317581176758
2021-05-01,1,unrate,5.8,5.043341157935916,5.618481354964539,5.870685829295504,5.788963317871094
2021-05-01,3,infl_yoy,5.245169381309234,4.466491331661125,4.135736551658197,3.3863741142252026,3.4730663299560547
2021-05-01,3,unrate,5.4,5.572947720705239,5.709334006181993,6.122513350550729,5.906054496765137
2021-05-01,6,infl_yoy,6.235042390298062,3.895522781116398,3.840585563583566,2.610292884521252,2.9277191162109375
2021-05-01,6,unrate,4.5,4.679324878284465,5.264099312606086,5.488826645047726,5.456568241119385
2021-06-01,1,infl_yoy,5.295632620349999,5.61137332340603,5.301624156228838,4.6402042522029685,4.472103118896484
2021-06-01,1,unrate,5.9,4.718707782566964,5.1355290656745565,5.943967315857375,5.737232208251953
2021-06-01,3,infl_yoy,5.152015301793966,4.310213176129491,4.433996424987836,3.747355140941678,3.783768653869629
2021-06-01,3,unrate,5.1,4.824154933640946,5.307475620686779,6.104022685954943,5.966378688812256
2021-06-01,6,infl_yoy,6.901970403700863,4.354484599951549,4.261299072865499,3.623055563497352,4.810279846191406
2021-06-01,6,unrate,4.1,5.024168212743403,5.275330315500343,5.388538905959874,5.071473598480225
2021-07-01,1,infl_yoy,5.245169381309234,4.435595447759653,4.669639534705713,4.8645540682271555,4.791860103607178
2021-07-01,1,unrate,5.4,5.751191840813377,5.802025631969227,5.837492883287393,5.542824745178223
2021-07-01,3,infl_yoy,5.351215590949132,3.2435329449824026,3.6325991186954907,4.011518296371163,3.579040050506592
2021-07-01,3,unrate,4.7,5.404341643105437,5.676349051299959,5.827010740655806,5.520976543426514
2021-07-01,6,infl_yoy,7.174340285065539,3.600846589555591,3.9828371997715,4.217954030361443,5.210829734802246
2021-07-01,6,unrate,3.9,5.834669769238034,5.510994000658142,5.257200481346027,4.769845962524414
2021-08-01,1,infl_yoy,5.152015301793966,4.491942983574312,4.723021615048813,4.9153701179651765,4.7922844886779785
2021-08-01,1,unrate,5.1,5.299936459385034,5.435790822956802,5.447102282409066,5.059641361236572
2021-08-01,3,infl_yoy,6.235042390298062,4.004578851729359,4.028007113736968,4.036595339924104,4.174838542938232
2021-08-01,3,unrate,4.5,5.407971661684898,5.275778112409908,5.572408936340447,4.929824352264404
2021-08-01,6,infl_yoy,7.558805726967832,2.6947132054185348,3.4037223028044314,4.117221366136057,5.526530742645264
2021-08-01,6,unrate,4.0,6.2637186859278895,5.6855336658836375,5.213081844512771,4.4647064208984375
2021-09-01,1,infl_yoy,5.351215590949132,5.282569968231004,5.221274714547022,5.02998478397847,4.8606414794921875
2021-09-01,1,unrate,4.7,4.699468427656306,4.6542602595051035,5.100605775813261,4.765647888183594
2021-09-01,3,infl_yoy,6.901970403700863,4.63422483587731,4.703279182524113,4.295102483220208,4.808294296264648
2021-09-01,3,unrate,4.1,4.776517930819877,4.347440150570398,5.427161329529654,4.629494667053223
2021-09-01,6,infl_yoy,7.937278766517819,3.5509817587747965,4.126748547653999,2.3133005861492624,3.0857162475585938
2021-09-01,6,unrate,3.9,4.854327466679898,4.822256419282324,5.117536136932165,4.338840007781982
2021-10-01,1,infl_yoy,6.235042390298062,6.382732121132237,6.272649446561548,5.161650066679925,5.19104528427124
2021-10-01,1,unrate,4.5,4.03230652513483,4.079039467232029,4.664412116223045,4.4875969886779785
2021-10-01,3,infl_yoy,7.174340285065539,5.880159666695862,5.653852429953388,4.995464784927583,5.977567672729492
2021-10-01,3,unrate,3.9,3.6208904832973934,3.8426158818566547,5.03412966344402,4.102166175842285
2021-10-01,6,infl_yoy,8.572204966013853,5.420748715732618,5.39484831908175,2.6121609654242945,4.353483200073242
2021-10-01,6,unrate,3.7,3.818223275567247,4.075218200216119,4.804464342488342,4.335452079772949
2021-11-01,1,infl_yoy,6.901970403700863,6.589682024292163,6.502935732623957,5.350489208896133,5.778374195098877
2021-11-01,1,unrate,4.1,4.471028662171918,4.487043352771202,4.228499946824114,4.095325946807861
2021-11-01,3,infl_yoy,7.558805726967832,5.359232211463791,5.364056200944463,5.593826938395929,6.371099472045898
2021-11-01,3,unrate,4.0,3.8321360131814464,4.224404924873702,4.83342249133735,3.7994396686553955
2021-11-01,6,infl_yoy,8.231750770777225,4.81950813717936,4.97801463537723,4.807936682280359,6.658994197845459
2021-11-01,6,unrate,3.7,3.4057378041111437,3.821969707115861,4.425572577150766,4.12744665145874
2021-12-01,1,infl_yoy,7.174340285065539,7.312623861104832,7.326132572805589,5.653566323059243,6.360897064208984
2021-12-01,1,unrate,3.9,3.192101691017543,3.7000229732580987,4.116580158415122,3.836975574493408
2021-12-01,3,infl_yoy,7.937278766517819,6.678792516960284,6.639613489772966,6.008254523453307,7.169981479644775
2021-12-01,3,unrate,3.9,2.7656064159973535,3.421906997048008,4.79435041453654,4.389901161193848
2021-12-01,6,infl_yoy,8.538171195642065,6.13232867134546,5.986480781878566,6.137961041527909,7.936273097991943
2021-12-01,6,unrate,3.6,2.9984155419580634,3.5042036118340745,4.357106291742139,4.170589923858643
2022-01-01,1,infl_yoy,7.558805726967832,7.663761667012541,7.632647197087173,5.870921001338414,6.8480401039123535
2022-01-01,1,unrate,4.0,3.61157030368993,3.819255407259671,4.061302576152974,3.950467824935913
2022-01-01,3,infl_yoy,8.572204966013853,7.564147432001459,7.376543430022325,6.1799177257781,6.052248001098633
2022-01-01,3,unrate,3.7,2.7766218511103813,3.3991756509119058,4.140791674881322,3.7791874408721924
2022-01-01,6,infl_yoy,8.979361103105798,7.673023148526829,7.485186575217021,6.508117659063361,7.097007751464844
2022-01-01,6,unrate,3.6,3.137527454195381,3.5164309290791675,4.2797306223186435,4.364989757537842
2022-02-01,1,infl_yoy,7.937278766517819,8.070223166182192,7.888124737781451,6.112079710036002,6.49615478515625
2022-02-01,1,unrate,3.9,3.183019620452491,3.4417775243699777,4.076811392321167,3.8644089698791504
2022-02-01,3,infl_yoy,8.231750770777225,8.30767920339461,8.141915376615572,5.88411015900528,4.993104934692383
2022-02-01,3,unrate,3.7,2.649391832037512,3.1687493021264337,4.013646378563836,3.7801098823547363
2022-02-01,6,infl_yoy,8.462576727730099,8.211111681885553,8.149137815605162,6.516900559400527,7.660026550292969
2022-02-01,6,unrate,3.5,3.2644123508479126,3.514519813733245,4.1046161024429155,3.9004204273223877
2022-03-01,1,infl_yoy,8.572204966013853,8.91830835525392,8.710029584740232,6.280396327139289,6.981031894683838
2022-03-01,1,unrate,3.7,3.0083649059109807,3.3527739988522813,3.874158518346507,3.7231087684631348
2022-03-01,3,infl_yoy,8.538171195642065,8.893006413269237,8.635829265488795,5.931819724452732,5.489358425140381
2022-03-01,3,unrate,3.6,2.832033809356614,3.2865447432508685,3.9914367036720897,3.885535478591919
2022-03-01,6,infl_yoy,8.222579178218826,8.34627402817116,8.303132705048425,6.5053627665265745,6.552234172821045
2022-03-01,6,unrate,3.6,3.1059131805905813,3.333856882457078,4.087982562456793,3.809952735900879
2022-04-01,1,infl_yoy,8.231750770777225,7.966074817481488,8.00261768851797,6.687273889564676,7.138739585876465
2022-04-01,1,unrate,3.7,3.1300215797774977,3.3824932158928736,3.8366472140917,3.83890962600708
2022-04-01,3,infl_yoy,8.979361103105798,8.107910966395698,8.013366396885383,6.3278643964464125,5.516590595245361
2022-04-01,3,unrate,3.6,3.127391711846811,3.4388907658253514,3.8649065526183994,3.8308324813842773
2022-04-01,6,infl_yoy,8.192106896425821,7.477678422218546,7.543888148034646,6.489595599292322,6.273748874664307
2022-04-01,6,unrate,3.5,3.4507958998291817,3.511367018425385,3.993448553972371,3.864457130432129
2022-05-01,1,infl_yoy,8.538171195642065,8.549297313681688,8.529416668139971,7.046857514263147,7.517496585845947
2022-05-01,1,unrate,3.6,3.1232582954632093,3.3435077139480756,3.7819874695594495,3.746877670288086
2022-05-01,3,infl_yoy,8.462576727730099,8.121759741189264,8.079195372767924,6.4971121939701755,5.843643665313721
2022-05-01,3,unrate,3.5,3.4552944722052032,3.5335713547678957,3.9051104602700333,3.5322985649108887
2022-05-01,6,infl_yoy,7.758813957693,7.320030431811394,7.151812509792316,6.704742701264945,6.411136150360107
2022-05-01,6,unrate,3.6,3.430298083393472,3.506177331578966,4.17009736925851,3.83223295211792
2022-06-01,1,infl_yoy,8.979361103105798,8.906706673700793,8.747644757148809,7.551623145643606,7.558521270751953
2022-06-01,1,unrate,3.6,3.5417504528544055,3.639132578542834,3.723763624154649,3.7376725673675537
2022-06-01,3,infl_yoy,8.222579178218826,7.95732744926768,7.898472726314161,7.152160818632384,6.001801013946533
2022-06-01,3,unrate,3.6,3.9901396208130917,4.0554390468935875,4.093771953994314,3.658379077911377
2022-06-01,6,infl_yoy,7.122856456533988,6.994919120919748,6.876492824895918,6.232064220528136,6.21102237701416
2022-06-01,6,unrate,3.6,3.2015118210818,3.6259493907281324,4.7800316240399985,4.5492095947265625
2022-07-01,1,infl_yoy,8.462576727730099,7.993113630798108,8.018267829695837,7.64973284617013,7.5575714111328125
2022-07-01,1,unrate,3.5,3.5270765609161723,3.732314407179579,3.6822961904604874,3.657177209854126
2022-07-01,3,infl_yoy,8.192106896425821,7.269007823726223,7.393319538574472,7.269628175162663,5.9958319664001465
2022-07-01,3,unrate,3.5,4.030775385875282,4.078605132664134,4.474921166323338,3.8246655464172363
2022-07-01,6,infl_yoy,6.404600402357152,5.638562939606845,5.9319463876723715,5.328686593078803,4.7072553634643555
2022-07-01,6,unrate,3.5,3.3954752367314285,3.7155959877291176,5.574898421238107,4.622989177703857
2022-08-01,1,infl_yoy,8.222579178218826,8.146809661673498,7.928359856553165,7.885127963922938,7.788906097412109
2022-08-01,1,unrate,3.6,3.641249778049809,3.8272995907547775,3.686699036711086,3.7457990646362305
2022-08-01,3,infl_yoy,7.758813957693,6.874264981414255,6.969885433093441,7.718098726255802,6.678616046905518
2022-08-01,3,unrate,3.6,3.7809175588386865,3.959537149658165,4.796946388044724,4.046085357666016
2022-08-01,6,infl_yoy,6.327178517960097,5.436813572553078,5.517108987623983,5.508819747887794,5.668869495391846
2022-08-01,6,unrate,3.5,3.099636273094469,3.5855789696562836,6.573395078382307,6.296443939208984
2022-09-01,1,infl_yoy,8.192106896425821,7.762695821683254,7.875607679219798,7.986428179880519,7.80145788192749
2022-09-01,1,unrate,3.5,3.5087781627703394,3.4415014908048236,3.6507771883278015,3.6116297245025635
2022-09-01,3,infl_yoy,7.122856456533988,6.079965507626003,6.36281111579526,7.397857753105845,5.878475666046143
2022-09-01,3,unrate,3.6,3.3133268159673164,3.6317428987609306,5.50553679276296,4.998968601226807
2022-09-01,6,infl_yoy,5.957820738137087,4.882911711221711,5.265095422073861,5.831514692888186,4.886436939239502
2022-09-01,6,unrate,3.6,3.528341048927314,3.7698856801431093,7.674945663885673,6.048442363739014
2022-10-01,1,infl_yoy,7.758813957693,7.260338071410412,7.507135831064481,8.018949511655904,7.870563507080078
2022-10-01,1,unrate,3.6,3.3077813126112234,3.462347294822465,3.644125109726068,3.623117208480835
2022-10-01,3,infl_yoy,6.404600402357152,6.28322274054292,6.444342543691136,7.061906672096873,5.76577091217041
2022-10-01,3,unrate,3.5,2.7692217298828283,3.283199125405946,5.8870108977401925,5.079613208770752
2022-10-01,6,infl_yoy,4.917719362889961,5.216229636191824,5.449929200782415,5.656306448853389,4.760244369506836
2022-10-01,6,unrate,3.5,3.3742104695632165,3.580773293479155,7.47983169559887,9.246783256530762
2022-11-01,1,infl_yoy,7.122856456533988,6.472981845607368,6.6384264644615865,7.702744674250314,7.0955376625061035
2022-11-01,1,unrate,3.6,3.4951629775639677,3.8873398963872363,3.6277454603645025,3.685600996017456
2022-11-01,3,infl_yoy,6.327178517960097,5.824695149013731,5.88977465026805,6.961410377436039,6.102942943572998
2022-11-01,3,unrate,3.5,3.3018402459401344,3.889162954606567,5.626773306504425,9.421984672546387
2022-11-01,6,infl_yoy,4.950079879124369,4.736051025890103,4.808300056290891,5.31525193843069,4.701512813568115
2022-11-01,6,unrate,3.4,3.7839431822907548,3.7658018335569894,7.033159627438614,6.343485355377197
2022-12-01,1,infl_yoy,6.404600402357152,5.974597093811119,6.062491752468937,6.975662558881659,6.1710638999938965
2022-12-01,1,unrate,3.5,3.6991013848402297,3.639396348186717,3.6685882010908837,3.687438488006592
2022-12-01,3,infl_yoy,5.957820738137087,5.729505981521951,5.5622971812983,6.918847144933651,5.695003032684326
2022-12-01,3,unrate,3.6,4.143499025314558,4.031823025706998,5.150493622762509,5.464576244354248
2022-12-01,6,infl_yoy,4.131851231385042,4.25899508542274,4.0768698833070225,5.021207573825122,3.939837694168091
2022-12-01,6,unrate,3.6,4.390135203953251,4.176379378980555,6.8825933183354975,5.166443824768066
2023-01-01,1,infl_yoy,6.327178517960097,6.164627599290658,6.007860131939788,6.592212580849391,6.333284854888916
2023-01-01,1,unrate,3.5,3.74108608772963,3.708992779360072,3.608656386724002,3.684523105621338
2023-01-01,3,infl_yoy,4.917719362889961,5.837997276963828,5.458184175627553,6.32559880931451,5.736126899719238
2023-01-01,3,unrate,3.5,4.148243954312807,3.902298729016824,5.108205694959796,4.981866836547852
2023-01-01,6,infl_yoy,3.070617072997095,4.240941569711484,3.9133783715227635,4.480240872861588,3.793405771255493
2023-01-01,6,unrate,3.6,4.289038833702967,4.25972235505361,6.292181335317057,5.024730682373047
2023-02-01,1,infl_yoy,5.957820738137087,5.761199189261783,5.7237952690482405,6.2501616375337985,5.866575717926025
2023-02-01,1,unrate,3.6,3.8101597020060605,3.698896076652278,3.6038308685097165,3.6028192043304443
2023-02-01,3,infl_yoy,4.950079879124369,5.247881367921531,5.183390386673031,5.659720842343846,5.115841388702393
2023-02-01,3,unrate,3.4,4.009827158774126,3.841100170592741,4.675388099249012,3.6032214164733887
2023-02-01,6,infl_yoy,3.287749268428297,3.9912831974703042,3.8069481178966216,4.111775288884042,3.6051599979400635
2023-02-01,6,unrate,3.5,4.082652083768295,4.138897614860523,5.716473923153206,4.030248165130615
2023-03-01,1,infl_yoy,4.917719362889961,4.207426823074265,4.583630862760104,5.050965947892988,5.011366367340088
2023-03-01,1,unrate,3.5,3.005708883629452,3.024012803535625,3.589422663887876,3.649066209793091
2023-03-01,3,infl_yoy,4.131851231385042,3.7163762115511156,3.9389182801113836,3.9149245181176844,3.8380465507507324
2023-03-01,3,unrate,3.6,3.872395323278226,3.7735720346197144,4.564135266882607,3.93066143989563
2023-03-01,6,infl_yoy,3.722504803505289,3.280077060874173,3.2624100741848916,3.5532340859252454,3.2885468006134033
2023-03-01,6,unrate,3.7,4.311102186326979,4.362546070888511,5.718482421735505,4.742004871368408
2023-04-01,1,infl_yoy,4.950079879124369,4.829783646352103,4.800689638831145,5.102531159449227,4.754299163818359
2023-04-01,1,unrate,3.4,3.5606293027899176,3.528905183936243,3.5993977552327174,3.569166660308838
2023-04-01,3,infl_yoy,3.070617072997095,4.438569688966412,4.243449842981996,3.613108296972923,3.4646975994110107
2023-04-01,3,unrate,3.6,4.524203033548181,4.391992341409288,4.545503550495491,5.130141735076904
2023-04-01,6,infl_yoy,3.687206638119256,3.59165019776177,3.5013433730902372,3.465123737526878,3.6961097717285156
2023-04-01,6,unrate,3.7,4.935895417667302,4.949313018488305,5.749028692026176,4.928581237792969
2023-05-01,1,infl_yoy,4.131851231385042,3.846704087966687,3.7939329350998188,4.198507395885383,4.233782768249512
2023-05-01,1,unrate,3.6,4.639293288900054,4.469325166454967,3.579481377508029,3.673841714859009
2023-05-01,3,infl_yoy,3.287749268428297,4.1943208577277735,4.077675378626305,3.1904544835628625,3.328705072402954
2023-05-01,3,unrate,3.5,4.749438415665274,4.742733316948417,4.8754570427968975,4.994211673736572
2023-05-01,6,infl_yoy,3.2512659098611785,3.3248834318306772,3.3357392500298477,3.1460614958182243,3.481894016265869
2023-05-01,6,unrate,3.9,5.676618171562693,5.442101236119772,6.399776531277457,6.1970038414001465
2023-06-01,1,infl_yoy,3.070617072997095,3.2684989293790085,3.1494935321656925,3.142248412275088,3.177544593811035
2023-06-01,1,unrate,3.6,3.950143334168904,3.8040112162224307,3.5909916711740526,3.6799614429473877
2023-06-01,3,infl_yoy,3.722504803505289,3.5215447579748873,3.6698208246639346,2.723020701062522,3.0362141132354736
2023-06-01,3,unrate,3.7,3.9383368738181517,3.918142334631291,4.782441788729177,4.359227657318115
2023-06-01,6,infl_yoy,3.133346274591186,2.9751758502456975,3.0410380226136624,2.913685756077656,3.050499677658081
2023-06-01,6,unrate,3.7,5.576433044584378,5.316769337525352,5.485710839367031,4.824451923370361
2023-07-01,1,infl_yoy,3.287749268428297,3.81254615354034,3.6107583209136527,3.3227379804176653,3.2968478202819824
2023-07-01,1,unrate,3.5,3.2585932471091072,3.398648014567188,3.6015104626944527,3.650876760482788
2023-07-01,3,infl_yoy,3.687206638119256,3.8965763932181217,3.8632594539802314,3.0010669262276184,3.4705541133880615
2023-07-01,3,unrate,3.7,3.4758572779123695,3.6097826863717537,4.409667845407594,3.8938710689544678
2023-07-01,6,infl_yoy,3.3159099427102934,3.0842228995281613,3.2780375241183184,2.959946344244812,3.156278610229492
2023-07-01,6,unrate,3.8,5.124283077881738,4.880265565465273,5.027929645342154,4.384899139404297
2023-08-01,1,infl_yoy,3.722504803505289,3.7767690263340516,3.8242896285146983,3.341134057261332,3.3950138092041016
2023-08-01,1,unrate,3.7,3.8777561847602184,3.7297338519175867,3.5954333603765125,3.708272933959961
2023-08-01,3,infl_yoy,3.2512659098611785,4.04769526545753,3.921912470868748,3.2676022018703943,3.6429603099823
2023-08-01,3,unrate,3.9,4.798727654267711,4.459798663945129,4.1762350212138,3.9310028553009033
2023-08-01,6,infl_yoy,3.0883429864855705,2.8533906665862716,3.2039563347835314,3.0503201442345493,3.0866546630859375
2023-08-01,6,unrate,3.7,5.1997188709235225,4.851915042613383,5.034945360982398,4.0227861404418945
2023-09-01,1,infl_yoy,3.687206638119256,3.9530370845856684,3.893428526875659,3.4679058377102514,3.705629587173462
2023-09-01,1,unrate,3.7,3.8590460620796954,3.7350546840374963,3.6195178072521457,3.713665246963501
2023-09-01,3,infl_yoy,3.133346274591186,4.238375555527488,4.201103406220957,3.264282066628915,3.6224513053894043
2023-09-01,3,unrate,3.7,4.8251171275710885,4.32656039164489,4.25896611805644,4.114012718200684
2023-09-01,6,infl_yoy,3.157074141648697,3.31973321051238,3.286828599420792,3.152623557599248,3.2257440090179443
2023-09-01,6,unrate,3.9,4.74681449769708,4.567869625026152,4.649064674080993,4.003533363342285
2023-10-01,1,infl_yoy,3.2512659098611785,2.9887849588956517,2.9689338566525727,3.215940541703187,3.180971622467041
2023-10-01,1,unrate,3.9,4.7740367877767875,4.469353696219214,3.8492275414472004,3.9579572677612305
2023-10-01,3,infl_yoy,3.3159099427102934,2.9852349714575226,3.13149212155906,3.097556237645909,3.0470433235168457
2023-10-01,3,unrate,3.8,5.073449516704595,4.896013800118419,3.9510203153638854,3.948753833770752
2023-10-01,6,infl_yoy,3.4868349120836584,2.8241290386323166,2.8235239624844937,3.118820398048608,3.025114059448242
2023-10-01,6,unrate,3.9,4.8879101701633205,4.934377054355637,4.479225897676383,4.076747417449951
2023-11-01,1,infl_yoy,3.133346274591186,2.8346513298592564,2.992834338095466,3.173886004323036,2.9925332069396973
2023-11-01,1,unrate,3.7,4.282282080945409,4.1311049483663,3.735730320539797,3.8268935680389404
2023-11-01,3,infl_yoy,3.0883429864855705,2.513337055299494,2.8451839022724377,2.9790818544039492,3.0019898414611816
2023-11-01,3,unrate,3.7,4.918414218745583,4.668787291829126,3.763528312700916,3.876344680786133
2023-11-01,6,infl_yoy,3.3607951262196734,2.4341601436793123,2.5586547330255285,3.0505051503288843,3.177356004714966
2023-11-01,6,unrate,3.9,5.1186905637504365,4.991031805122271,4.369017897130967,4.183376312255859
2023-12-01,1,infl_yoy,3.3159099427102934,3.2619404547380193,3.3624995898685137,3.205028346752419,3.173490524291992
2023-12-01,1,unrate,3.8,4.137854690714964,4.213159242291065,3.7698235362252563,3.8296890258789062
2023-12-01,3,infl_yoy,3.157074141648697,3.1026616890065237,3.2803775328969045,3.134437608335892,3.272637128829956
2023-12-01,3,unrate,3.9,4.892673733738181,4.5717163263537,3.7465184560676796,3.9480173587799072
2023-12-01,6,infl_yoy,3.244278584003113,2.606572538175169,2.7451633541632714,3.1988607846792174,3.359243869781494
2023-12-01,6,unrate,3.9,5.354405068388546,5.160799555622073,4.175674720481626,4.106375217437744
2024-01-01,1,infl_yoy,3.0883429864855705,3.110203872466336,3.2149327668228564,3.227332071657912,3.3676772117614746
2024-01-01,1,unrate,3.7,4.110927521028526,4.109188490127741,3.756014661295816,3.8136603832244873
2024-01-01,3,infl_yoy,3.4868349120836584,2.7185458939772866,2.909596126332652,3.013561290996537,3.1471219062805176
2024-01-01,3,unrate,3.9,4.914419255162463,4.602835668772511,3.9179145751039384,3.9591081142425537
2024-01-01,6,infl_yoy,2.9702579486470926,2.6685769412724913,2.7937341463182808,3.178399860646972,3.6079044342041016
2024-01-01,6,unrate,4.1,5.5580811077314785,5.249178884940435,4.6414722921471565,4.2906389236450195
2024-02-01,1,infl_yoy,3.157074141648697,3.1449517294340086,3.115179520034598,3.1937485330741437,3.215400218963623
2024-02-01,1,unrate,3.9,3.9655881097999037,3.929450122497118,3.770255429511686,3.879944324493408
2024-02-01,3,infl_yoy,3.3607951262196734,2.551153585467403,2.788792719760716,3.011496542388821,3.2128632068634033
2024-02-01,3,unrate,3.9,4.919351810362755,4.548605568849656,3.8445367534343813,3.9990453720092773
2024-02-01,6,infl_yoy,2.9414757935583014,2.3959290201818226,2.5622099513968215,3.0816069174257836,3.2647452354431152
2024-02-01,6,unrate,4.2,5.26286590447762,5.037677178041025,4.305346754278187,4.214073181152344
2024-03-01,1,infl_yoy,3.4868349120836584,3.4873471623622754,3.45048858486448,3.3026626762649642,3.3751089572906494
2024-03-01,1,unrate,3.9,4.194575087785754,3.989039018493213,3.858789879992112,3.965203046798706
2024-03-01,3,infl_yoy,3.244278584003113,3.006808288878264,3.1873801518277527,3.2107457623653888,3.2192816734313965
2024-03-01,3,unrate,3.9,4.788569382606928,4.485183042097198,3.765681309891263,3.974945306777954
2024-03-01,6,infl_yoy,2.607144490692037,2.6337891659215042,2.820660285412451,3.118357342543524,3.283601760864258
2024-03-01,6,unrate,4.2,4.994148513163135,4.820177886636335,4.139916009423722,4.084379196166992
2024-04-01,1,infl_yoy,3.3607951262196734,2.9579241550446813,3.231823166249868,3.246558720253846,3.171252489089966
2024-04-01,1,unrate,3.9,4.101115969336503,3.9775436189823172,3.854397184093205,3.9359874725341797
2024-04-01,3,infl_yoy,2.9702579486470926,2.631666423396943,2.7616485964437736,3.1616079479353245,3.4126951694488525
2024-04-01,3,unrate,4.1,4.976274669427713,4.773975255094636,4.013016576759168,4.345039367675781
2024-04-01,6,infl_yoy,2.4264830315416708,2.630644826361478,2.5867205761388625,3.057582699431238,2.9854867458343506
2024-04-01,6,unrate,4.1,5.163988399153048,4.9497987170906805,4.194058371201208,4.323702812194824
2024-05-01,1,infl_yoy,3.244278584003113,2.8693397994283134,3.0241748929192696,3.195884138038528,3.1195571422576904
2024-05-01,1,unrate,3.9,4.3096503836413245,4.216129687215712,3.8545788187093293,3.9661388397216797
2024-05-01,3,infl_yoy,2.9414757935583014,2.718901547991022,2.889940121418442,3.08980641655226,3.0218048095703125
2024-05-01,3,unrate,4.2,4.924661245222225,4.6970822565716785,3.9225489024611853,4.066086769104004
2024-05-01,6,infl_yoy,2.578844053871343,2.641343260964536,2.55260603905778,3.0399558360235193,3.2067010402679443
2024-05-01,6,unrate,4.1,4.9553140301604435,4.796383203308284,4.129951734477091,4.215287208557129
2024-06-01,1,infl_yoy,2.9702579486470926,2.9625697666536035,2.979022669909868,2.915476607785154,2.937922716140747
2024-06-01,1,unrate,4.1,4.201266924911137,4.109249080619464,3.906239333914721,4.00636625289917
2024-06-01,3,infl_yoy,2.607144490692037,3.3179099932842746,3.3908718219547347,2.979570461927679,3.1417744159698486
2024-06-01,3,unrate,4.2,4.157974639889393,4.069181398849177,3.930485104051568,4.090756893157959
2024-06-01,6,infl_yoy,2.719472461284833,2.971172643502727,2.947513489999321,3.0303449395073216,3.123305559158325
2024-06-01,6,unrate,4.2,4.665601372998486,4.657464038462811,4.250492424760177,4.2213568687438965
2024-07-01,1,infl_yoy,2.9414757935583014,3.0404752660270495,2.9817417940608175,2.8891910004675445,2.91267991065979
2024-07-01,1,unrate,4.2,4.388653326124755,4.3597422518250575,4.287988726285838,4.222970008850098
2024-07-01,3,infl_yoy,2.4264830315416708,2.8852999146617573,2.913158098779923,2.890738341419338,3.1501054763793945
2024-07-01,3,unrate,4.1,4.654934392454633,4.601571522962986,4.246933965876318,4.217705726623535
2024-07-01,6,infl_yoy,2.870690967509981,2.754865051513635,2.791115845394677,3.015513418626443,3.2640771865844727
2024-07-01,6,unrate,4.1,5.190769486030855,5.138872582179743,4.577291476911598,4.861437797546387
2024-08-01,1,infl_yoy,2.607144490692037,2.55059856923414,2.521976698316616,2.562066414070855,2.584670305252075
2024-08-01,1,unrate,4.2,4.234290814503225,4.314429725637478,4.270244547119954,4.307281017303467
2024-08-01,3,infl_yoy,2.578844053871343,2.430552897423026,2.6620255493910108,2.8246985084705183,2.5674614906311035
2024-08-01,3,unrate,4.1,4.8239008741927005,4.626412349464237,4.218504271545197,4.2387824058532715
2024-08-01,6,infl_yoy,2.9909783078999608,2.5809279463714487,2.5801040924208793,2.960116208140883,2.913940191268921
2024-08-01,6,unrate,4.0,5.018908304731028,5.079950603664323,4.266020405175783,4.473342418670654
2024-09-01,1,infl_yoy,2.4264830315416708,2.228713306649512,2.262789664128199,2.295663053367121,2.260730028152466
2024-09-01,1,unrate,4.1,4.7750367348435265,4.5326315190591,3.9618178606725043,4.1208038330078125
2024-09-01,3,infl_yoy,2.719472461284833,2.0953855542609676,2.228028165749634,2.391630686474383,2.437436580657959
2024-09-01,3,unrate,4.2,4.897949983574058,4.820600003949665,4.030564322094541,4.12217378616333
2024-09-01,6,infl_yoy,2.8015834477613355,2.1960547505403243,2.110466077194161,2.3214844688458336,2.5958027839660645
2024-09-01,6,unrate,4.2,5.265107748024598,5.353927463303036,4.632124994962252,4.285305500030518
2024-10-01,1,infl_yoy,2.578844053871343,2.5626516258241474,2.6325776535016936,2.6376177910479464,2.624485731124878
2024-10-01,1,unrate,4.1,4.262349602800654,4.283825432037738,3.96294874444471,4.077819347381592
2024-10-01,3,infl_yoy,2.870690967509981,2.4723960546592805,2.4621105983363374,2.671307522954275,2.5897600650787354
2024-10-01,3,unrate,4.1,4.566166613153956,4.708026390845557,4.183276760870114,4.921151638031006
2024-10-01,6,infl_yoy,2.381981462805549,2.4838380600478835,2.2314019665702522,2.829697049092128,2.721583366394043
2024-10-01,6,unrate,4.2,5.37079503887209,5.511015518680617,4.431780321007255,4.370508670806885
2024-11-01,1,infl_yoy,2.719472461284833,2.586566643128346,2.6316204132781698,2.763545150575141,2.767052412033081
2024-11-01,1,unrate,4.2,4.507101165439362,4.588595617774036,4.241237824691812,4.220359802246094
2024-11-01,3,infl_yoy,2.9909783078999608,2.4568700665519856,2.3801075477965368,2.829814727707478,2.6777729988098145
2024-11-01,3,unrate,4.0,4.719014423812243,4.840063351276424,4.125041629112613,4.206700325012207
2024-11-01,6,infl_yoy,2.32538823025783,2.4372300717970847,2.2600805119626393,2.9027324345908005,2.804486036300659
2024-11-01,6,unrate,4.2,5.469207872580621,5.499249663017203,4.324791214752485,4.286944389343262
2024-12-01,1,infl_yoy,2.870690967509981,2.9097901850979397,2.9096299690168768,2.815279245815327,2.9147727489471436
2024-12-01,1,unrate,4.1,3.9905286760203715,4.037532725535541,3.999886040771936,4.098598003387451
2024-12-01,3,infl_yoy,2.8015834477613355,3.0442591297175823,2.84135925700609,2.82088385511848,2.863851547241211
2024-12-01,3,unrate,4.2,4.430622374998661,4.446320281719966,3.9720136024074906,4.056009292602539
2024-12-01,6,infl_yoy,2.3772651073680877,2.7846794260759347,2.542125084330085,2.9559100688213764,2.9819223880767822
2024-12-01,6,unrate,4.3,5.319447264504429,5.200843749902638,4.232761970531602,4.3886518478393555
2025-01-01,1,infl_yoy,2.9909783078999608,2.976671752964848,2.955167908091811,2.9580883028978477,2.893172025680542
2025-01-01,1,unrate,4.0,4.372673484994131,4.376700691949187,3.988725078710363,3.9649364948272705
2025-01-01,3,infl_yoy,2.381981462805549,3.1533104216609207,2.8803261764926007,2.845613682970111,2.9277985095977783
2025-01-01,3,unrate,4.2,4.887721899098136,4.814106092858466,3.969855521372239,4.0382256507873535
2025-01-01,6,infl_yoy,2.680453865910226,2.7556194170368506,2.616617830956165,2.9672691402635594,2.7171523571014404
2025-01-01,6,unrate,4.1,5.357004316387362,5.2706031099141235,4.336171892536712,4.6595940589904785
2025-02-01,1,infl_yoy,2.8015834477613355,2.701682803890912,2.6759632817682433,2.7767265188841206,2.86391019821167
2025-02-01,1,unrate,4.2,4.26766873957961,4.199918032976378,4.18554908476573,4.16290807723999
2025-02-01,3,infl_yoy,2.32538823025783,2.821535907260211,2.799872416714168,2.8034450480157243,2.4979090690612793
2025-02-01,3,unrate,4.2,4.862440907707731,4.695332197445536,4.026511059023418,4.236212730407715
2025-02-01,6,infl_yoy,2.742618052167134,2.6393105805982815,2.6333183158027205,2.976653124417463,2.8352110385894775
2025-02-01,6,unrate,4.3,5.005779082742834,5.016015395981443,4.607106561778653,4.595232009887695
2025-03-01,1,infl_yoy,2.381981462805549,2.39531801483578,2.362271949661062,2.3233946238745746,2.4645984172821045
2025-03-01,1,unrate,4.2,4.526171030516141,4.422246133010854,4.189299458038478,4.264006614685059
2025-03-01,3,infl_yoy,2.3772651073680877,2.783316698246322,2.7929482689192873,2.453639271667852,2.5033209323883057
2025-03-01,3,unrate,4.3,4.47085476492257,4.558363314350176,4.151872262146629,4.333701133728027
2025-03-01,6,infl_yoy,2.9385917430316155,2.4891899201370355,2.4725753049626267,2.1037362796841323,2.4498400688171387
2025-03-01,6,unrate,4.3,4.569711316750188,4.789234605158648,4.369313291323837,4.511735916137695
2025-04-01,1,infl_yoy,2.32538823025783,2.31636176498304,2.210424787840757,2.1978674437938297,1.9885419607162476
2025-04-01,1,unrate,4.2,4.359499984047602,4.529658083875652,4.204507547051659,4.280918121337891
2025-04-01,3,infl_yoy,2.680453865910226,2.6597405351020638,2.641669327756982,2.1197162730771955,2.0812976360321045
2025-04-01,3,unrate,4.1,4.270391835190509,4.5534733059566435,5.349794184950386,4.528668403625488
2025-04-01,6,infl_yoy,3.022571584713329,2.3863725328564205,2.2675819008880844,2.164215010425755,2.554788827896118
2025-04-01,6,unrate,4.4,4.551342685138572,4.872981029332114,4.486515469391955,4.546731948852539
2025-05-01,1,infl_yoy,2.3772651073680877,2.734820000469686,2.5922620105248373,2.334928148704073,2.1954686641693115
2025-05-01,1,unrate,4.3,4.184420752868863,4.255997490588301,4.275281647692555,4.3263654708862305
2025-05-01,3,infl_yoy,2.742618052167134,2.8942055294493647,2.8281477062741747,2.4615701496665165,2.3547286987304688
2025-05-01,3,unrate,4.3,4.013042460473788,4.176814788430114,4.452257073189297,4.378983020782471
2025-05-01,6,infl_yoy,2.6964439164939518,2.480742842256193,2.2945054013229136,2.1867613711538687,2.490447521209717
2025-05-01,6,unrate,4.5,4.457314124171226,4.7712817887841386,4.368374065538682,4.514936447143555
2025-06-01,1,infl_yoy,2.680453865910226,3.011234049783392,2.9601483020321275,2.770592447603024,2.8973121643066406
2025-06-01,1,unrate,4.1,4.064790377649285,4.216436956915183,4.071292724198401,4.115334510803223
2025-06-01,3,infl_yoy,2.9385917430316155,3.4421662994574103,3.3770905683222265,2.824561528749557,2.8470098972320557
2025-06-01,3,unrate,4.3,3.595468122688863,3.8822547173990394,3.9833682938272346,4.147960186004639
2025-06-01,6,infl_yoy,2.653304114557753,2.929964020140307,2.6971843008758967,2.8084730624833596,2.9073593616485596
2025-06-01,6,unrate,4.4,4.3426883059967105,4.654676228420455,4.241599163028622,4.6187591552734375
2025-07-01,1,infl_yoy,2.742618052167134,2.972425108005877,2.94030866916231,2.8097503941405266,2.8373219966888428
2025-07-01,1,unrate,4.3,3.9993571463669264,4.173584331895246,4.244893084487183,4.278249263763428
2025-07-01,3,infl_yoy,3.022571584713329,3.2193640916270705,3.1866646338953033,2.7949166807554655,2.885054111480713
2025-07-01,3,unrate,4.4,3.749154871625807,4.0432352686252875,4.369795529190667,4.368092060089111
2025-07-01,6,infl_yoy,2.391201432150014,2.9285166169294325,2.8876778495831106,2.873107332487466,2.9153709411621094
2025-07-01,6,unrate,4.3,4.470586823924094,4.646759286762468,4.447145300623609,4.568741321563721
2025-08-01,1,infl_yoy,2.9385917430316155,2.9453170271426354,2.8687489051975206,2.833650627792863,2.734614133834839
2025-08-01,1,unrate,4.3,4.522620710771861,4.575213688538096,4.312862461314193,4.250338077545166
2025-08-01,3,infl_yoy,2.6964439164939518,2.7262270688408203,2.663842801174871,2.795607668216581,2.8514273166656494
2025-08-01,3,unrate,4.5,4.685462876700152,4.814215924364371,4.484071601699914,4.446112155914307
2025-08-01,6,infl_yoy,2.4340041103732224,2.7220987024043533,2.6945759883008895,2.8742193761202754,2.9312517642974854
2025-08-01,6,unrate,4.4,4.652141222723053,4.791420408050064,4.562720772517597,4.988046169281006
2025-09-01,1,infl_yoy,3.022571584713329,2.8970362828128855,2.91908150914461,2.9391214311706415,2.9902634620666504
2025-09-01,1,unrate,4.4,4.59934356631309,4.5905282727161625,4.437078423730197,4.450089454650879
2025-09-01,3,infl_yoy,2.653304114557753,2.9481946918069304,2.89825662031076,2.8037029813261425,2.802582263946533
2025-09-01,3,unrate,4.4,4.7995147446203,4.856664987072113,4.499581702445181,4.575257301330566
2025-11-01,1,infl_yoy,2.6964439164939518,2.3680598690246777,2.5232804078473943,2.760139818715769,2.694143533706665
2025-11-01,1,unrate,4.5,4.779858415418145,4.750296250440349,4.470947269822291,4.464244365692139
2025-11-01,3,infl_yoy,2.391201432150014,2.5598792206366228,2.507965225319908,2.801297899258513,2.792595386505127
2025-11-01,3,unrate,4.3,4.68514547068163,4.854183862098622,4.548858297061685,4.6232500076293945
2025-12-01,1,infl_yoy,2.653304114557753,2.7390097422101944,2.6770666404601253,2.6539128061566886,2.6480963230133057
2025-12-01,1,unrate,4.4,4.328697581709035,4.570096471273303,4.471622358809846,4.501898765563965
2025-12-01,3,infl_yoy,2.4340041103732224,2.9558197106324258,2.853158856094443,2.7677407542561827,2.8064916133880615
2025-12-01,3,unrate,4.4,4.457411656365748,4.5766542061458075,4.481878778805091,4.645958423614502
2026-01-01,1,infl_yoy,2.391201432150014,2.677329151203911,2.5939819929043777,2.4505170563570458,2.56695294380188
2026-01-01,1,unrate,4.3,4.27802881781486,4.333486412629175,4.281081745163292,4.359262943267822
2026-02-01,1,infl_yoy,2.4340041103732224,2.6387879688592664,2.5726711397835693,2.524119421614425,2.45923113822937
2026-02-01,1,unrate,4.4,4.614998648405376,4.681648018379725,4.5605367669846775,4.48610258102417
