date,horizon,target,actual,naive,arima,var,ridge,lasso,rf,xgb
2000-01-01,1,infl_yoy,2.792956891317555,2.676399026763998,2.6424516126630064,2.626981908023128,2.7227321632553565,2.7510963059955595,2.7003950283818203,2.7525594234466557
2000-01-01,1,unrate,4.0,4.0,3.974391122917608,4.014082141513441,3.82857283213465,4.056713199083648,4.256714391963386,4.123231410980225
2000-01-01,3,infl_yoy,3.762135922330101,2.676399026763998,2.6100520186767,2.49515507786942,3.0656807762199154,2.807074024892434,2.8457673824222898,3.122678756713867
2000-01-01,3,unrate,4.0,4.0,3.894854123120814,3.994386974665261,3.941938817943917,3.969556832007641,4.327568225483667,4.25211238861084
2000-01-01,6,infl_yoy,3.7349397590361377,2.676399026763998,2.5737545409587144,2.3502149900238165,2.93994972701499,2.7813005783703204,2.8954290511748484,3.082754850387573
2000-01-01,6,unrate,4.0,4.0,3.776086604128213,3.954499660042546,3.957490596453967,3.877645774795819,4.262827757394823,4.18707799911499
2000-02-01,1,infl_yoy,3.217972070431085,2.792956891317555,2.761528952885743,2.7378590242805854,3.166021740700088,3.1923906281467858,3.0910471787537745,3.1065921783447266
2000-02-01,1,unrate,4.1,4.0,3.953543279959784,3.994751549220677,4.071085022758608,4.108019903475973,4.530272946253094,4.304193496704102
2000-02-01,3,infl_yoy,3.013863773357439,2.792956891317555,2.7073108976451024,2.5970257700395205,3.1891785652337745,2.99662044607545,2.8733377366073456,2.938778877258301
2000-02-01,3,unrate,3.8,4.0,3.874598736963679,3.9860822828453184,3.866345263299876,4.047485172327676,4.24425478394155,4.129430770874023
2000-02-01,6,infl_yoy,3.5992801439711952,2.792956891317555,2.6437439509149896,2.4392269806889604,3.1918990121036788,2.8976931427921238,3.078760995086741,3.23571515083313
2000-02-01,6,unrate,4.0,4.0,3.7566666567089344,3.955469769374232,4.0513502678912126,4.049953744982192,4.198925617274884,4.058272361755371
2000-03-01,1,infl_yoy,3.762135922330101,3.217972070431085,3.2178512405410182,3.186810937957981,3.342432664273693,3.3531124148305875,3.1589892874894825,3.1673624515533447
2000-03-01,1,unrate,4.0,4.1,4.021897028875702,4.090200264217399,3.91094968519405,3.9935492170299782,4.4255628567510925,4.245632171630859
2000-03-01,3,infl_yoy,3.1325301204819134,3.217972070431085,3.083314063007157,3.0106049057336866,3.214816085491796,3.0117306109786286,2.83514363393562,2.879225254058838
2000-03-01,3,unrate,4.0,4.1,3.946520243541378,4.123790226183851,3.9531922344235246,3.979012969043713,4.330282873090962,4.210172653198242
2000-03-01,6,infl_yoy,3.3512866546977715,3.217972070431085,2.9184139490916943,2.7968084516218275,2.89549350139228,2.8959338605794662,2.773820893887119,2.9283132553100586
2000-03-01,6,unrate,4.1,4.1,3.8336678186082502,4.143248816440041,4.049332526929002,4.007645081912017,4.202661383306238,4.191659927368164
2000-04-01,1,infl_yoy,3.013863773357439,3.762135922330101,3.835998215850324,3.786993718874197,2.663860594561916,2.75389405209815,3.0252638258370315,2.9115772247314453
2000-04-01,1,unrate,3.8,4.0,3.9679127625241977,4.047255808241986,3.9393317903712273,3.9040527220825583,4.320979416416917,4.106361389160156
2000-04-01,3,infl_yoy,3.7349397590361377,3.762135922330101,3.8035148844911753,3.5888622749220485,2.962729556132499,2.747287171487488,2.8940619939599164,2.992232322692871
2000-04-01,3,unrate,4.0,4.0,3.891908011802129,4.10695250850843,3.701622277552936,3.793222787785676,4.242982524420024,4.18712854385376
2000-04-01,6,infl_yoy,3.45649582836709,3.762135922330101,3.7547561774304414,3.312150902532764,2.074121530772386,2.3369431627909,2.937802468487438,2.963960647583008
2000-04-01,6,unrate,3.9,4.0,3.778164987428073,4.17441395697581,3.694082016568228,3.706058251420166,4.196917483741749,4.124213218688965
2000-05-01,1,infl_yoy,3.1325301204819134,3.013863773357439,2.734181626683667,2.8399227718843063,2.916876924136708,2.968153069983112,3.1733693129613694,3.204441785812378
2000-05-01,1,unrate,4.0,3.8,3.804481988885104,3.8740787451559022,3.818238938763754,3.890728114680044,4.354267819272232,4.159955024719238
2000-05-01,3,infl_yoy,3.5992801439711952,3.013863773357439,2.7169322648195924,2.6857879051654616,2.5029312465083278,2.8543434010765343,3.087493468227253,3.1768274307250977
2000-05-01,3,unrate,4.0,3.8,3.725518670049989,3.847571822557271,3.9228729775687303,3.9756595586147583,4.168706688860674,4.12055253982544
2000-05-01,6,infl_yoy,3.450327186198688,3.013863773357439,2.73053660474487,2.537984177507651,2.3596866903775253,2.770735210456356,3.221963355174956,3.245625734329224
2000-05-01,6,unrate,3.9,3.8,3.607390513577927,3.8057221248440416,3.8761173083807208,3.969578284181351,4.20189844518227,4.124800205230713
2000-06-01,1,infl_yoy,3.7349397590361377,3.1325301204819134,3.0729586468526686,3.0561199932921057,3.0824071851392256,3.597638485729207,3.273666453223812,3.242478847503662
2000-06-01,1,unrate,4.0,4.0,3.906210050968936,3.950706573035729,3.6704633778968807,3.9827965593805073,4.2086829547086895,4.161818504333496
2000-06-01,3,infl_yoy,3.3512866546977715,3.1325301204819134,2.970872792366716,2.9134347935795217,2.258864637066501,3.1994116992693216,3.102168438764135,3.301015615463257
2000-06-01,3,unrate,4.1,4.0,3.8312187465011016,3.967500176564726,3.897677817151364,3.9856614931295113,4.117547611203726,4.222994327545166
2000-06-01,6,infl_yoy,3.444180522565321,3.1325301204819134,2.8525091899324537,2.751561875929469,2.270986000050442,2.805678469020925,3.314609872040878,3.2529451847076416
2000-06-01,6,unrate,3.9,4.0,3.718769809483042,3.961813097852037,3.729676142552904,4.03849897662187,4.087201304895655,4.112278461456299
2000-07-01,1,infl_yoy,3.5992801439711952,3.7349397590361377,3.5113996606681974,3.5795204414715163,3.07649914363896,3.42958436728169,3.152497472483111,3.208092451095581
2000-07-01,1,unrate,4.0,4.0,3.936430498134008,3.952447329314419,3.88919092187226,4.046772618978091,4.150696061540797,4.345937728881836
2000-07-01,3,infl_yoy,3.45649582836709,3.7349397590361377,3.3523356636549995,3.4042574009323534,2.479822478155932,3.029133624836855,3.232967648788983,3.366781949996948
2000-07-01,3,unrate,3.9,4.0,3.86351130041056,4.015164122956696,3.7058353546587,3.979254462111883,4.07724357031857,4.123775482177734
2000-07-01,6,infl_yoy,3.4360189573459543,3.7349397590361377,3.182157826054424,3.156681546765401,3.499072182231842,3.6058530097049935,3.257000371296251,3.215648889541626
2000-07-01,6,unrate,3.9,4.0,3.754031614757381,4.053309821568113,4.085634124081228,4.2824944711333,4.0717532745032745,3.9657750129699703
2000-08-01,1,infl_yoy,3.3512866546977715,3.5992801439711952,3.6050622116453583,3.3503038697238123,3.1924044894587555,3.5284150454145182,3.3142086028781863,3.256052732467652
2000-08-01,1,unrate,4.1,4.0,3.946543051485662,4.045700264312368,3.96142937194234,4.113166020444414,4.11099122960373,4.092044353485107
2000-08-01,3,infl_yoy,3.450327186198688,3.5992801439711952,3.4080447620232963,3.383103613539856,3.1741174834718726,3.158376756171108,3.2826075300959183,3.270319938659668
2000-08-01,3,unrate,3.9,4.0,3.875864112676552,4.066969718238326,4.041924561087997,4.251325774946345,4.150535146716027,4.160043716430664
2000-08-01,6,infl_yoy,3.7212049616065945,3.5992801439711952,3.1638138848697817,3.134438980954678,3.605825369938727,3.043085812888902,3.448936584164396,3.065011739730835
2000-08-01,6,unrate,4.2,4.0,3.769386574795864,4.117063425727472,4.150782985314235,4.172178457404415,4.1267066211781,4.082810401916504
2000-09-01,1,infl_yoy,3.45649582836709,3.3512866546977715,3.1430004149634767,3.422638145795813,3.1524596106198617,3.1612994470677784,3.32514073765532,3.1439223289489746
2000-09-01,1,unrate,3.9,4.1,4.0255907522383545,4.096851993051108,3.803438494537719,3.904319064675549,4.114770926785631,4.216973781585693
2000-09-01,3,infl_yoy,3.444180522565321,3.3512866546977715,3.049263959498696,3.2139176754994336,3.918553318140379,3.310058026749692,3.365664027268957,3.394421100616455
2000-09-01,3,unrate,3.9,4.1,3.9636382322669776,4.1501782954915925,4.281000629088233,4.199543709578947,4.066980309886194,4.057359218597412
2000-09-01,6,infl_yoy,3.529411764705892,3.3512866546977715,2.962572747251999,3.0376284488052137,2.791580323238421,2.5858031822452805,3.2266866568603643,3.130736351013184
2000-09-01,6,unrate,4.2,4.1,3.868363615614468,4.193601472241662,4.201581876562223,4.149838699979449,4.2034226767041005,4.1839919090271
2000-10-01,1,infl_yoy,3.450327186198688,3.45649582836709,3.5260144127830797,3.426295225664312,3.796619869139686,3.527299432888306,3.339548479584833,3.290278196334839
2000-10-01,1,unrate,3.9,3.9,3.9007785308689273,3.952829547615597,4.022042953785806,4.038742016897139,4.103878714912537,4.022887706756592
2000-10-01,3,infl_yoy,3.4360189573459543,3.45649582836709,3.340286519788612,3.2414669784290018,4.343197593023436,3.520725116207792,3.401977824240902,3.3781633377075195
2000-10-01,3,unrate,3.9,3.9,3.8306603502336,3.953192957377482,4.397598426426841,4.170382858456608,4.042268736526628,4.021162033081055
2000-10-01,6,infl_yoy,2.9824561403508643,3.45649582836709,3.0944329935475983,3.054216419965921,4.066446214577884,3.5277868626027176,2.9496478326635245,2.9574179649353027
2000-10-01,6,unrate,4.3,3.9,3.725031614066425,3.982556683157232,4.182578468236518,4.030717488340578,4.210594559607061,4.23748779296875
2000-11-01,1,infl_yoy,3.444180522565321,3.450327186198688,3.237704234946949,3.263087724429494,3.798729992568392,3.414215710355141,3.4338575313976496,3.5253984928131104
2000-11-01,1,unrate,3.9,3.9,3.8651650105710993,3.939933121470905,4.0798715425731285,3.9938814867172754,4.040360864952041,4.070403099060059
2000-11-01,3,infl_yoy,3.7212049616065945,3.450327186198688,3.1307060478384336,3.246664226016354,3.8398870638371134,3.3382815416553733,3.385732431785798,3.528576135635376
2000-11-01,3,unrate,4.2,3.9,3.794875328407832,3.9143842844072414,3.878277284412295,4.016212240696433,4.122527233340273,4.116256237030029
2000-11-01,6,infl_yoy,3.2182562902282053,3.450327186198688,3.0321751277683724,3.057702578733879,4.491649245503661,3.7329061041189977,3.04197535052988,3.1934168338775635
2000-11-01,6,unrate,4.4,3.9,3.689055713996878,3.926351178012048,4.502249871075464,4.31194748994802,4.287472787180138,4.318714618682861
2000-12-01,1,infl_yoy,3.4360189573459543,3.444180522565321,3.4936369503262537,3.463120054499361,3.2167789792380947,3.0997657820131903,3.4321499022455635,3.358337879180908
2000-12-01,1,unrate,3.9,3.9,3.855585231263796,3.867986617551829,4.120463164457292,4.0161767154856935,4.043338834368246,4.001568794250488
2000-12-01,3,infl_yoy,3.529411764705892,3.444180522565321,3.320641752274476,3.3406011447925628,3.202498294854093,3.0989679602734856,3.433413287945447,3.396536350250244
2000-12-01,3,unrate,4.2,3.9,3.7867131179095233,3.88227576900338,4.200651404365986,4.1953950513371385,4.183013430828715,4.286216735839844
2000-12-01,6,infl_yoy,3.56308411214954,3.444180522565321,3.090559071046447,3.194401755396186,3.3369584714232654,3.255699921800467,3.1490454861469117,3.237021446228028
2000-12-01,6,unrate,4.3,3.9,3.6827387389741455,3.8894990020484808,4.407088156153108,4.29640999862729,4.322002534148857,4.508901596069336
2001-01-01,1,infl_yoy,3.7212049616065945,3.4360189573459543,3.247270513618454,3.3773496929172526,3.651246023904736,3.617837713220663,3.490971882444677,3.5020053386688232
2001-01-01,1,unrate,4.2,3.9,3.853628918511109,3.904982465704575,4.233997136328181,4.240220915421528,4.148564893439893,4.156996726989746
2001-01-01,3,infl_yoy,2.9824561403508643,3.4360189573459543,3.139903967962706,3.269536037206467,3.6968883547775184,3.6918270725532034,3.261412988441601,3.227144718170166
2001-01-01,3,unrate,4.3,3.9,3.7865902087496623,3.91455394661851,4.36713363881031,4.2731844132254295,4.224705292222396,4.207150936126709
2001-01-01,6,infl_yoy,3.193960511033689,3.4360189573459543,3.0383360778132635,3.114986787529856,3.15448655928133,3.3177438210555845,3.158762564897353,3.114525318145752
2001-01-01,6,unrate,4.5,3.9,3.685017481275386,3.926004084905075,4.593162531350165,4.494132023334409,4.382323372134404,4.522991180419922
2001-02-01,1,infl_yoy,3.529411764705892,3.7212049616065945,3.6834343820090103,3.6969222097162255,3.547623400092262,3.418377611297085,3.391908381000033,3.3183724880218506
2001-02-01,1,unrate,4.2,4.2,4.105918640430124,4.13799252980813,4.258155211376251,4.277810363097944,4.200903563838124,4.27890682220459
2001-02-01,3,infl_yoy,3.2182562902282053,3.7212049616065945,3.47183708558885,3.515645758846374,3.7383754781149854,3.622988163809654,3.1361132295274547,3.0881831645965576
2001-02-01,3,unrate,4.4,4.2,4.061396000841707,4.225122530853053,4.445521921419882,4.418175309739085,4.383876423378822,4.484056949615479
2001-02-01,6,infl_yoy,2.7214823393167498,3.7212049616065945,3.289901724661964,3.355173238406272,3.5586862095390077,3.5836879307790728,3.037958090743628,2.970247268676758
2001-02-01,6,unrate,4.6,4.2,3.994612041459083,4.2788823031764105,4.664827124737906,4.579882481745982,4.5316254322346055,4.702088832855225
2001-03-01,1,infl_yoy,2.9824561403508643,3.529411764705892,3.3763679987745308,3.3990130417186126,3.3590547475273755,3.078021504581779,3.0159420013139497,2.978032350540161
2001-03-01,1,unrate,4.3,4.2,4.159962921557305,4.224141088066166,4.644370384078953,4.451339233922383,4.317957517383717,4.375966548919678
2001-03-01,3,infl_yoy,3.56308411214954,3.529411764705892,3.2824245245388,3.297496089466258,3.182625454295511,3.1016815028441984,3.244610461013409,3.208253860473633
2001-03-01,3,unrate,4.3,4.2,4.116675354649587,4.294106117975919,4.254364924435183,4.340276701969621,4.340179970682911,4.440008163452148
2001-03-01,6,infl_yoy,2.7214823393167498,3.529411764705892,3.1355228021291968,3.126099837094512,2.656670867676148,2.5560461714735263,2.889013504917177,2.7411434650421143
2001-03-01,6,unrate,4.9,4.2,4.051744004288009,4.34929913711466,4.553491733537308,4.621632137965778,4.666004002206942,4.69301700592041
2001-04-01,1,infl_yoy,3.2182562902282053,2.9824561403508643,2.9137626243561483,2.8916503298944574,3.684014170821573,3.436732644437699,3.268910776905047,3.1999988555908203
2001-04-01,1,unrate,4.4,4.3,4.252059245292736,4.357530550437827,4.551286041967958,4.510948797910288,4.318777180662475,4.387210369110107
2001-04-01,3,infl_yoy,3.193960511033689,2.9824561403508643,2.923674942054681,2.760694788916979,3.657062408146763,3.449479951803043,3.147958824829307,3.135054349899292
2001-04-01,3,unrate,4.5,4.3,4.21062493735651,4.4000449895375615,4.683791846621377,4.674758611466905,4.401165642690643,4.489043712615967
2001-04-01,6,infl_yoy,2.5921658986175045,2.9824561403508643,2.8449587881480585,2.6502226998867826,3.076437073479045,2.90621742014093,2.7658707794180386,2.638401746749878
2001-04-01,6,unrate,5.0,4.3,4.14847347545217,4.414330122706174,5.137862114899184,4.996115901181012,4.982931066512606,4.88497257232666
2001-05-01,1,infl_yoy,3.56308411214954,3.2182562902282053,3.12691523809338,3.281041748894625,3.7709678019091273,3.6018898807330544,3.297155037050674,3.169516563415528
2001-05-01,1,unrate,4.3,4.4,4.352887143061465,4.3838032370193805,4.401690935188653,4.416029723387115,4.471992630735276,4.388596057891846
2001-05-01,3,infl_yoy,2.7214823393167498,3.2182562902282053,3.0349306161832,2.9948620277133133,3.701838373907797,3.5142681870931423,3.042513188990353,2.934344530105591
2001-05-01,3,unrate,4.6,4.4,4.313415823855295,4.454550998219974,4.641286008071039,4.716508498278924,4.521388766788766,4.587336540222168
2001-05-01,6,infl_yoy,2.127659574468077,3.2182562902282053,2.9355868776147505,2.89564957758291,2.801336942089937,2.8487547399389848,2.717069060346711,2.5535829067230225
2001-05-01,6,unrate,5.3,4.4,4.2542088450460405,4.483624053447222,5.273981840271956,5.136808829015811,5.134899739669516,5.148784160614014
2001-06-01,1,infl_yoy,3.193960511033689,3.56308411214954,3.4716954115621528,3.341974181908033,3.37649627121076,3.0998294762382645,3.197430805597918,3.2012596130371094
2001-06-01,1,unrate,4.5,4.3,4.289874933480987,4.355698688790718,4.467063449716082,4.591831118395573,4.448694729943259,4.552528381347656
2001-06-01,3,infl_yoy,2.7214823393167498,3.56308411214954,3.2931306870487207,3.324991628640838,3.617460390788693,3.271159438222803,2.793721233616927,2.764704942703247
2001-06-01,3,unrate,4.9,4.3,4.24971083857506,4.367362870028574,4.66040673359433,4.833407822627765,4.648837671332795,4.703924179077148
2001-06-01,6,infl_yoy,1.894374282433997,3.56308411214954,3.147793224391404,3.159372981367558,2.957366402182604,2.614974019495248,2.5797803323297885,2.388951063156128
2001-06-01,6,unrate,5.5,4.3,4.189464696216168,4.420135904743558,5.262284380571876,5.220274555047952,5.177387756034815,5.219098567962647
2001-07-01,1,infl_yoy,2.7214823393167498,3.193960511033689,3.046876681873687,3.0543049640926347,3.419840240391008,2.979590879984168,2.7400475525182912,2.846043348312378
2001-07-01,1,unrate,4.6,4.5,4.472055345453769,4.503951925520596,4.612692815866287,4.7305185130112735,4.553024662837162,4.668265342712402
2001-07-01,3,infl_yoy,2.5921658986175045,3.193960511033689,3.031621135351312,3.0981927605121715,3.601807307070465,3.084738105177954,2.7453711974167025,2.701802968978882
2001-07-01,3,unrate,5.0,4.5,4.504199974733494,4.53754654071453,5.161235981797881,5.051016744170306,5.019736753197783,5.02707576751709
2001-07-01,6,infl_yoy,1.603665521191311,3.193960511033689,2.9362913876181858,2.9852211510678788,3.010730826167449,2.883149475991515,2.394030011281869,2.3242218494415283
2001-07-01,6,unrate,5.7,4.5,4.549412375816551,4.563327152744284,5.71509075486111,5.462678746197802,5.290286586207909,5.329386234283447
2001-08-01,1,infl_yoy,2.7214823393167498,2.7214823393167498,2.715326907507297,2.8522712092488995,2.925925157409747,2.6701314845640374,2.721001613839882,2.709247350692749
2001-08-01,1,unrate,4.9,4.6,4.59404849500493,4.567396081255032,4.901337442445123,4.923039746964103,4.6500260059943495,4.880472660064697
2001-08-01,3,infl_yoy,2.127659574468077,2.7214823393167498,2.758035677709884,2.6531224095871417,3.083249931416014,2.6506579202765947,2.64731186544891,2.5693399906158447
2001-08-01,3,unrate,5.3,4.6,4.633941995762536,4.64551484717104,5.315044770815431,5.326936505984175,5.131080108127166,5.139254093170166
2001-08-01,6,infl_yoy,1.1958997722095743,2.7214823393167498,2.7175991517402998,2.638562838354447,2.059689219132708,2.0376852983512586,2.360383773141425,1.9119346141815183
2001-08-01,6,unrate,5.7,4.6,4.690072141912658,4.638049469979723,5.924872784013327,5.709535064027818,5.215257930068913,5.372446537017822
2001-09-01,1,infl_yoy,2.5921658986175045,2.7214823393167498,2.780863415671884,2.685966148568615,2.739784850332407,2.4035850750704078,2.6768542308968377,2.5732228755950928
2001-09-01,1,unrate,5.0,4.9,4.840832422021376,4.890987172516349,5.144497149372462,5.171923742344753,4.900424646187147,5.022355556488037
2001-09-01,3,infl_yoy,1.894374282433997,2.7214823393167498,2.7479436092141545,2.447110077173604,2.7031277365018984,2.4529116127794444,2.532541420781539,2.3250892162323
2001-09-01,3,unrate,5.5,4.9,4.923401600122239,4.973441869997159,5.420843818749322,5.489607954018203,5.184523051703199,5.251979827880859
2001-09-01,6,infl_yoy,1.1363636363636465,2.7214823393167498,2.7099974052145,2.42630763682927,1.959588604594788,2.028609756825472,2.116835835647893,1.6087719202041626
2001-09-01,6,unrate,5.7,4.9,5.03695234719825,4.950137545477186,6.062304895853853,5.875855103644929,5.36609798411793,5.475779533386231
2001-10-01,1,infl_yoy,2.127659574468077,2.5921658986175045,2.5570340859929788,2.415704268865634,2.804235270673584,2.344291161411909,2.2552544648286785,2.2210652828216557
2001-10-01,1,unrate,5.3,5.0,5.066417051367074,5.032850789339694,5.580332722362918,5.492023032544485,5.132821044233541,5.108557224273682
2001-10-01,3,infl_yoy,1.603665521191311,2.5921658986175045,2.5954016792293317,2.3421887155876826,1.9777212032246263,1.95814896707672,2.317614838233004,2.156794548034668
2001-10-01,3,unrate,5.7,5.0,5.25139487190046,5.087054413679651,5.837845137463248,5.767260795036727,5.201995441160148,5.345296859741211
2001-10-01,6,infl_yoy,1.362862010221466,2.5921658986175045,2.589244433569892,2.319113888427569,1.3735860648358744,1.1561502051792738,2.174454232830776,2.1037299633026123
2001-10-01,6,unrate,5.7,5.0,5.506261141713966,5.0546059269001535,6.2023628539037485,6.081504950987231,5.461802338837632,5.612560272216797
2001-11-01,1,infl_yoy,1.894374282433997,2.127659574468077,2.1231316587245423,1.9943030181047376,1.7457581109453044,1.7742787863348932,2.100332498335522,1.9361205101013184
2001-11-01,1,unrate,5.5,5.3,5.338902333280461,5.34575143830154,5.520821709797128,5.562069510407455,5.218936466311464,5.342434883117676
2001-11-01,3,infl_yoy,1.1958997722095743,2.127659574468077,2.271983933782903,1.911984756928684,1.326038726373466,1.2673721270738472,2.0825130325220584,1.84693706035614
2001-11-01,3,unrate,5.7,5.3,5.549127278767503,5.4213174374046,5.8056916292963,5.811424652687001,5.236098363319688,5.387978076934815
2001-11-01,6,infl_yoy,1.643990929705219,2.127659574468077,2.332596865289108,1.9466488910581443,1.3080707303610055,0.7148628462697131,2.032760432350222,1.7610373497009275
2001-11-01,6,unrate,5.9,5.3,5.813634123734061,5.357270998447632,6.254000807489218,6.296620761453994,5.653409734645298,5.815740585327148
2001-12-01,1,infl_yoy,1.603665521191311,1.894374282433997,1.9888803298530269,1.9119991672952388,1.71233649938633,1.6488990270910429,1.8448995419755665,1.6752265691757202
2001-12-01,1,unrate,5.7,5.5,5.595730223503397,5.524965516753007,5.797841457628556,5.755356299764647,5.40317116519102,5.578915119171143
2001-12-01,3,infl_yoy,1.1363636363636465,1.894374282433997,2.1143867112236565,1.6762015838132986,1.441596266996202,1.1848063366882182,1.9144444433894887,1.5770984888076782
2001-12-01,3,unrate,5.7,5.5,5.857533641234264,5.621297652298242,6.024034626430527,5.943979625823294,5.553468375333816,5.613826274871826
2001-12-01,6,infl_yoy,1.2408347433727984,1.894374282433997,2.205937359487258,1.763072683594943,1.461604328291466,0.9783792228146576,1.7904576203823863,1.5447434186935425
2001-12-01,6,unrate,5.8,5.5,6.202522564752115,5.540808211073646,5.998868139199897,6.126946781232975,5.729869976183949,5.719319820404053
2002-01-01,1,infl_yoy,1.1958997722095743,1.603665521191311,1.6358404255423131,1.392019119380758,1.246667332606928,1.143174424472079,1.664137406912499,1.477652907371521
2002-01-01,1,unrate,5.7,5.7,5.84023635500665,5.795594030299078,5.813956177953464,5.753818295708292,5.484175858292036,5.530108451843262
2002-01-01,3,infl_yoy,1.362862010221466,1.603665521191311,1.829375771028367,1.2735628205805931,1.19135389554954,0.6597112921364585,1.8320034188227083,1.7061101198196411
2002-01-01,3,unrate,5.7,5.7,6.15997364235187,5.874236400711735,6.008890794494056,6.0267781690882085,5.498497505272507,5.626209735870361
2002-01-01,6,infl_yoy,1.0692177827799745,1.603665521191311,1.9711704623155732,1.342746483788347,1.414334212379519,0.8552799985906145,1.65383026854498,1.4835808277130127
2002-01-01,6,unrate,5.8,5.7,6.61032662996402,5.782834881278682,5.560312517922448,5.938364781738997,5.714062066455217,5.697386741638184
2002-02-01,1,infl_yoy,1.1363636363636465,1.1958997722095743,1.255033832704673,1.099082971680449,0.9617998117477036,0.977995862374066,1.5544131376504504,1.4403544664382937
2002-02-01,1,unrate,5.7,5.7,5.856649878581121,5.771394669230571,6.058368088019426,5.8450436112135815,5.460534212274651,5.547341346740723
2002-02-01,3,infl_yoy,1.643990929705219,1.1958997722095743,1.4906061060725189,1.0560760193193122,1.6431980896008884,0.9348980079480028,1.7618410233570565,1.7751845121383667
2002-02-01,3,unrate,5.9,5.7,6.096697310690331,5.746840387564484,6.339248780288681,6.20458598037919,5.571078869092725,5.735848426818848
2002-02-01,6,infl_yoy,1.465614430665152,1.1958997722095743,1.6794737370200872,1.234089066866776,1.4788269383124204,0.9110430251404702,1.623081824878431,1.571069836616516
2002-02-01,6,unrate,5.8,5.7,6.423748302668309,5.578949345263012,5.691695428671477,5.934544456440513,5.733635391143942,5.694039821624756
2002-03-01,1,infl_yoy,1.362862010221466,1.1363636363636465,1.2675958510055465,1.1496322688832432,1.3529441135171885,1.3217834978955816,1.5210941310855517,1.494857668876648
2002-03-01,1,unrate,5.7,5.7,5.839170043755336,5.707078105889201,5.9915297651439,5.927161112008864,5.48511914196914,5.555499076843262
2002-03-01,3,infl_yoy,1.2408347433727984,1.1363636363636465,1.0404713863480586,1.1579604956121163,2.060976971582805,1.5756523663345643,1.622482713262866,1.7133939266204834
2002-03-01,3,unrate,5.8,5.7,6.026542649217316,5.611987924732752,6.053704305268383,6.039467690307398,5.619440383227883,5.711362361907959
2002-03-01,6,infl_yoy,1.747463359639223,1.1363636363636465,0.9953182762088036,1.422854305008617,1.9327797907691324,1.4630226509514848,1.739449798071509,1.927653431892395
2002-03-01,6,unrate,5.7,5.7,6.275595940608524,5.396554058917095,5.212821973753687,5.65799969768832,5.731666859855832,5.660837173461914
2002-04-01,1,infl_yoy,1.643990929705219,1.362862010221466,1.2937374212270405,1.3678468635524492,2.1122996048071228,1.7376455825310129,1.6203055600188252,1.5392919778823853
2002-04-01,1,unrate,5.9,5.7,5.786143531813923,5.639528458801427,6.09749995404877,5.994080994258917,5.597838204850706,5.799605369567871
2002-04-01,3,infl_yoy,1.0692177827799745,1.362862010221466,1.2079827658792377,1.4924599072166624,1.458820416370139,1.4680058547993249,1.5196653986292157,1.541906237602234
2002-04-01,3,unrate,5.8,5.7,5.8806746765691456,5.5200862398362425,5.706982386885447,5.925456610523564,5.641114016702252,5.685549259185791
2002-04-01,6,infl_yoy,1.516002245929271,1.362862010221466,1.0630220400604928,1.76794249856605,2.83653136624785,2.361722650089306,1.707107565746655,1.808056592941284
2002-04-01,6,unrate,5.7,5.7,5.989894014927319,5.302603916925355,5.345388479851316,5.608106868483484,5.629978801998655,5.594817638397217
2002-05-01,1,infl_yoy,1.2408347433727984,1.643990929705219,1.728797166648566,1.6416207803847953,0.8183494147326473,1.1357127737152,1.4500428086234185,1.4946545362472534
2002-05-01,1,unrate,5.8,5.9,5.959349751346722,5.804232038344555,5.976070377654763,5.887179847716006,5.63452432151182,5.764442920684815
2002-05-01,3,infl_yoy,1.465614430665152,1.643990929705219,1.807935268005593,1.7487148080586956,1.2607644805381957,1.2202056841331248,1.4923985949460907,1.451380491256714
2002-05-01,3,unrate,5.8,5.9,6.112647203547196,5.746467860418333,5.672728850597708,5.70495210264292,5.670157236739569,5.7139739990234375
2002-05-01,6,infl_yoy,2.027027027027017,1.643990929705219,1.9419931612996373,1.96782214804456,2.022208402590782,2.06601432638055,1.765972391038589,1.8658593893051147
2002-05-01,6,unrate,5.7,5.9,6.312581748616411,5.574661737609207,5.205862693826437,5.444197395232341,5.594973781284077,5.507299900054932
2002-06-01,1,infl_yoy,1.0692177827799745,1.2408347433727984,1.2431909926731437,1.1987138515238382,1.1705115514048272,1.179658133593961,1.428249516022727,1.2914055585861206
2002-06-01,1,unrate,5.8,5.8,5.900670725433927,5.801893041762703,5.895677851238434,5.829468642882597,5.726281219820769,5.646996974945068
2002-06-01,3,infl_yoy,1.747463359639223,1.2408347433727984,1.232388337342327,1.4191206066301,1.5083535594271609,1.4088891928229472,1.5787018521829266,1.6749924421310425
2002-06-01,3,unrate,5.7,5.8,6.011783652070674,5.712032422928134,5.561795538865854,5.66566158068288,5.692971496821595,5.640298843383789
2002-06-01,6,infl_yoy,2.2535211267605604,1.2408347433727984,1.2084436346219691,1.6418802638097023,2.276781874888296,2.304126925322244,1.9466869371327216,2.168202638626098
2002-06-01,6,unrate,5.9,5.8,6.1491735320763805,5.534909857219721,5.406809564844805,5.544619175912518,5.458667728105229,5.582289695739746
2002-07-01,1,infl_yoy,1.465614430665152,1.0692177827799745,1.159053050841701,1.242089250602202,1.4815395053567793,1.4358779886905588,1.436978607214102,1.39263117313385
2002-07-01,1,unrate,5.8,5.8,5.853118066435182,5.779772452378592,5.82709937929999,5.807584454748371,5.76799897563307,5.737175941467285
2002-07-01,3,infl_yoy,1.516002245929271,1.0692177827799745,0.966544474403508,1.2897293434162096,1.768305791310849,1.61573225038007,1.5834466928304238,1.68246328830719
2002-07-01,3,unrate,5.7,5.8,5.897811997352894,5.6771831673901705,5.620732787319644,5.678587737984687,5.679836825919179,5.587173461914063
2002-07-01,6,infl_yoy,2.480270574971821,1.0692177827799745,0.9086973553667226,1.5676692873076712,3.0048594147312726,2.801577851989033,2.0328305373480906,2.14680290222168
2002-07-01,6,unrate,6.0,5.8,5.937504480167089,5.4809737565472565,5.718141111614201,5.740129032265015,5.386566319048168,5.578176021575928
2002-08-01,1,infl_yoy,1.747463359639223,1.465614430665152,1.4021809151080764,1.5593262010919344,1.628400131850408,1.826228452172061,1.8001021380383588,1.6320140361785889
2002-08-01,1,unrate,5.7,5.8,5.824337126765906,5.718912814262275,5.663008619458051,5.718861581560242,5.731751836725367,5.718542575836182
2002-08-01,3,infl_yoy,2.027027027027017,1.465614430665152,1.3090663367501965,1.5965097295329662,2.541623735667024,2.2757647904535463,1.693823982300488,1.7408061027526855
2002-08-01,3,unrate,5.7,5.8,5.841728684877829,5.615652381805777,5.651738199274614,5.695701057276154,5.690641820765231,5.65786075592041
2002-08-01,6,infl_yoy,2.757456387169399,1.465614430665152,1.169929877910308,1.8482642138052816,3.293633817577221,3.144731430024125,2.132743958088516,2.3386778831481934
2002-08-01,6,unrate,5.8,5.8,5.854534204156958,5.428739452122076,5.661953747199705,5.702646378864491,5.448877951288475,5.625926971435547
2002-09-01,1,infl_yoy,1.516002245929271,1.747463359639223,1.7813728925473662,1.6906552188842006,1.8216708391308152,1.834821912551091,1.5652270094564145,1.5562613010406494
2002-09-01,1,unrate,5.7,5.7,5.75173823707251,5.649298782750083,5.762612136386007,5.803824555521198,5.730533043367021,5.696885108947754
2002-09-01,3,infl_yoy,2.2535211267605604,1.747463359639223,1.8420199503264725,1.9491207649534643,2.2134240309325306,2.075699564146312,1.80061513716318,1.7877874374389648
2002-09-01,3,unrate,5.9,5.7,5.773985328487802,5.502160659599065,5.792223471487697,5.746041114012626,5.602225467300157,5.624975204467773
2002-09-01,6,infl_yoy,3.146067415730336,1.747463359639223,1.9533290868180917,2.1451074143993334,2.8096385887961057,2.8475078731614305,2.22668576671243,2.3626739978790283
2002-09-01,6,unrate,5.9,5.7,5.789056394802669,5.332655903229087,5.806343169128595,5.7860405106447566,5.737086526463734,5.856122970581055
2002-10-01,1,infl_yoy,2.027027027027017,1.516002245929271,1.511727024010031,1.5488739910006872,2.2072461650323305,2.0235336031766726,1.9794436609685409,1.8611472845077517
2002-10-01,1,unrate,5.7,5.7,5.721429815546252,5.642773015806487,5.714231063597895,5.74668606542292,5.706589006826505,5.731656551361084
2002-10-01,3,infl_yoy,2.480270574971821,1.516002245929271,1.5073460604651348,1.810994485177312,2.106169009486851,2.16836430861071,1.936414041945773,1.989628553390503
2002-10-01,3,unrate,6.0,5.7,5.73216159572567,5.526861792796073,5.88320882201782,5.91540717669734,5.531107732137143,5.783871650695801
2002-10-01,6,infl_yoy,3.025210084033625,1.516002245929271,1.4785064115195847,2.016692175424284,2.507539735608185,2.5252688620810084,2.3054256663547927,2.388829469680786
2002-10-01,6,unrate,5.9,5.7,5.734432869037376,5.362997166983718,5.747012011323733,5.8201562132889215,5.866132257216468,5.861133575439453
2002-11-01,1,infl_yoy,2.2535211267605604,2.027027027027017,2.140013185521062,2.317118598555476,2.236819376992309,2.2397994544330686,2.2825346333554304,2.200845718383789
2002-11-01,1,unrate,5.9,5.7,5.697109055349364,5.57806943275839,5.806190052252091,5.896091531157472,5.657811909087642,5.665821552276611
2002-11-01,3,infl_yoy,2.757456387169399,2.027027027027017,1.8840158896848571,2.2519854897663683,2.5235077430254367,2.537467144873738,2.137760461124923,2.2852368354797363
2002-11-01,3,unrate,5.8,5.7,5.67979101573122,5.500419711660264,5.851673221444726,5.914021105414084,5.5624790527283166,5.669875144958496
2002-11-01,6,infl_yoy,2.175125488008911,2.027027027027017,1.8201281142280668,2.435840815971021,2.443006434869471,2.3750181903549943,2.3300085696717217,2.574694395065308
2002-11-01,6,unrate,6.0,5.7,5.64580071489074,5.367923755512422,5.764760829821027,5.770282300337255,5.869350856006738,5.907951354980469
2002-12-01,1,infl_yoy,2.480270574971821,2.2535211267605604,2.074729142653867,2.049921531360803,2.6752779785025256,2.6682811271768947,2.565727730201792,2.48976469039917
2002-12-01,1,unrate,6.0,5.9,5.852306531220589,5.838279358246313,5.891673838674111,5.975906621923887,5.85569700446612,5.937927722930908
2002-12-01,3,infl_yoy,3.146067415730336,2.2535211267605604,2.141027063869233,2.189350776130308,2.997674720097617,2.928455483642463,2.645638982659721,2.5739667415618896
2002-12-01,3,unrate,5.9,5.9,5.867434992468745,5.834844307248132,5.927172294292804,5.889465403259506,5.814058514034984,5.865696430206299
2002-12-01,6,infl_yoy,1.8941504178273003,2.2535211267605604,1.991659867174333,2.2262677776690536,2.614369681634674,2.665812851899393,2.2254590592164654,2.07970929145813
2002-12-01,6,unrate,6.1,5.9,5.8658789544651695,5.749785067479934,6.00612413901502,5.93589008917304,5.915059623219917,5.964650630950928
2003-01-01,1,infl_yoy,2.757456387169399,2.480270574971821,2.536824404872692,2.549153321541021,2.839128241142223,2.793369949670508,2.684471332708858,2.748842716217041
2003-01-01,1,unrate,5.8,6.0,5.99691010092421,5.95328916158545,5.737622857696569,5.806048142368366,5.795994213951684,5.847653865814209
2003-01-01,3,infl_yoy,3.025210084033625,2.480270574971821,2.4769472858702333,2.4900038690093167,3.2502841211154827,3.19397750891178,2.724459222448678,2.7387895584106445
2003-01-01,3,unrate,5.9,6.0,6.052183340136214,5.969243473561268,5.63697778575627,5.7465207360274695,5.825361315400288,5.871567726135254
2003-01-01,6,infl_yoy,1.948775055679297,2.480270574971821,2.4725664982025086,2.505366558400309,2.796279394274383,2.740308960925695,2.162922557742313,2.0636208057403564
2003-01-01,6,unrate,6.3,6.0,6.111885097665868,5.91293453847258,5.873777652015777,5.823893940495936,6.0100997641247655,5.957584857940674
2003-02-01,1,infl_yoy,3.146067415730336,2.757456387169399,2.731310270198088,2.750449821651001,3.63298803218204,3.384055600136856,3.1309553067780707,3.157979965209961
2003-02-01,1,unrate,5.9,5.8,5.858055433318748,5.822595545476815,5.835076007933061,5.902825564967447,5.842168391657364,5.872398376464844
2003-02-01,3,infl_yoy,2.175125488008911,2.757456387169399,2.656677905866089,2.835368965639469,3.4312041651729226,3.3556168374234945,2.6920386694702847,2.588174104690552
2003-02-01,3,unrate,6.0,5.8,5.861539913836406,5.730624731232591,5.905650205254995,5.947336304335178,5.748346997691852,5.878445625305176
2003-02-01,6,infl_yoy,2.055555555555544,2.757456387169399,2.616131783154319,2.818668079909362,2.906581608857996,2.8405163146801136,2.0466689796845947,2.144001245498657
2003-02-01,6,unrate,6.2,5.8,5.8584276080422,5.676479054887107,5.990883216811111,5.9906849738327,6.022209467901377,6.111340045928955
2003-03-01,1,infl_yoy,3.025210084033625,3.146067415730336,3.097127333746228,3.165176522397334,2.863083946695605,3.0431798638959657,3.049037605978041,3.0375609397888184
2003-03-01,1,unrate,5.9,5.9,5.892190029254558,5.840599087684247,5.892113416709739,5.969792221560678,5.883042808008985,5.928875923156738
2003-03-01,3,infl_yoy,1.8941504178273003,3.146067415730336,3.032724221746574,3.2125883852484023,2.7442427331920363,2.72249845593629,2.635316015861575,2.4212560653686523
2003-03-01,3,unrate,6.1,5.9,5.8941885513603625,5.784718162703887,6.190729427265642,6.073882267174307,5.805128100820744,5.881899356842041
2003-03-01,6,infl_yoy,2.216066481994461,3.146067415730336,2.935481452627537,3.1188162938165407,2.2426330998990327,2.2873206402311057,1.9322309938549764,1.9198331832885744
2003-03-01,6,unrate,6.1,5.9,5.880196776040533,5.743311518065105,6.289361078157765,6.124717124246649,5.989228126203857,6.091890811920166
2003-04-01,1,infl_yoy,2.175125488008911,3.025210084033625,2.8752029302128235,2.988865675223069,1.9615194683896255,2.0969350183349893,2.1607194281836755,2.3703339099884038
2003-04-01,1,unrate,6.0,5.9,5.912870294237382,5.848847558146906,6.072540973374272,6.076784480438663,5.846394247419247,5.939327716827393
2003-04-01,3,infl_yoy,1.948775055679297,3.025210084033625,3.033132567819252,3.0280257218347555,1.6151261174883618,1.831497141946076,1.9630765057465072,2.232861280441284
2003-04-01,3,unrate,6.3,5.9,5.929943994717901,5.840921744226575,6.028044058927495,5.909409114263703,5.904210961909605,6.042588233947754
2003-04-01,6,infl_yoy,2.378318584070782,3.025210084033625,2.9762529784182474,2.928921417061722,1.0849311073148022,1.309322518621732,2.082530283952034,2.1108055114746094
2003-04-01,6,unrate,6.1,5.9,5.940158405752186,5.815980857405675,6.29165538365683,6.103290605594408,6.000583553864435,6.087916851043701
2003-05-01,1,infl_yoy,1.8941504178273003,2.175125488008911,2.208493395683291,2.1157583644085443,2.3235286454675204,2.1860233432992064,1.804345387413079,2.206926107406616
2003-05-01,1,unrate,6.1,6.0,5.982648168467472,6.032726845603248,5.996817073089158,6.018721466591303,5.958355901043404,5.9250593185424805
2003-05-01,3,infl_yoy,2.055555555555544,2.175125488008911,2.2430150419974204,2.1345219487062783,1.7089879228304552,1.9573205779949947,1.9204536280022944,2.253915548324585
2003-05-01,3,unrate,6.2,6.0,5.989965030123396,6.054378866620091,6.067762443431952,5.928881481707883,5.977294826986739,6.065007209777832
2003-05-01,6,infl_yoy,2.041942604856528,2.175125488008911,2.2824204013011102,2.178531145180422,1.1510127774980516,1.490426123057956,2.076219731670098,2.202395439147949
2003-05-01,6,unrate,6.0,6.0,5.9807914999527725,6.005741311702037,5.930430792130824,5.960133691958279,5.986601949521068,5.994131565093994
2003-06-01,1,infl_yoy,1.948775055679297,1.8941504178273003,2.0285206322930462,2.0466109043004703,1.9168283978285376,1.973525518520404,2.042897954650004,1.993152141571045
2003-06-01,1,unrate,6.3,6.1,6.0956271759713765,6.098018630879349,6.1530159015137205,6.108929943603233,6.128893670137051,6.212423324584961
2003-06-01,3,infl_yoy,2.216066481994461,1.8941504178273003,2.1232600473935594,1.8000864583776397,2.055511268181228,2.094594664592659,2.124974082220202,2.5170910358428955
2003-06-01,3,unrate,6.1,6.1,6.121007791056309,6.14116788128641,6.261885086543457,6.150800099219867,6.029315100585689,6.039034366607666
2003-06-01,6,infl_yoy,1.9283746556473915,1.8941504178273003,2.200566646708931,1.9495393949898945,1.7316679513762216,1.7686408581247337,2.028919983693842,2.2533445358276367
2003-06-01,6,unrate,5.8,6.1,6.137751815156964,6.067139794649897,5.618194945630174,5.782957620961604,5.94219833516157,6.010704040527344
2003-07-01,1,infl_yoy,2.055555555555544,1.948775055679297,1.998012298378944,1.777115958583547,2.133237177369973,2.1171208299278463,2.068796703462168,2.1903154850006104
2003-07-01,1,unrate,6.2,6.3,6.2987050979445725,6.322506988940478,6.2002554712576,6.1875573791491165,6.151081537979561,6.074166774749756
2003-07-01,3,infl_yoy,2.378318584070782,1.948775055679297,2.084002784673462,1.6827171236698732,2.09423881325524,1.885658361435421,2.1755118889451768,2.39127254486084
2003-07-01,3,unrate,6.1,6.3,6.349494683875991,6.373425879798164,6.034142115266788,6.17156006827388,6.020302290060299,6.064803600311279
2003-07-01,6,infl_yoy,2.0352035203520247,1.948775055679297,2.168839468230828,1.7964831350038195,1.9327526256700895,1.5272266284543965,2.06100912990605,2.152119398117065
2003-07-01,6,unrate,5.7,6.3,6.393968404515155,6.295483154396664,5.419295987595469,5.680843854322273,5.8567887310402,5.860143661499023
2003-08-01,1,infl_yoy,2.216066481994461,2.055555555555544,2.1180480445406373,1.998980461933014,2.440633339899468,2.2010228964542344,2.1103861014134564,2.18933629989624
2003-08-01,1,unrate,6.1,6.2,6.260974875753993,6.224702181004408,6.058083253358542,6.122919479287156,6.063787564469411,6.100132465362549
2003-08-01,3,infl_yoy,2.041942604856528,2.055555555555544,2.1635157524131023,2.065327473588338,1.8603563952293676,1.6542780031005768,2.054748733130819,2.19375228881836
2003-08-01,3,unrate,6.0,6.2,6.318758119304112,6.175408098751426,5.661915439893985,6.001891910949885,5.997750813397988,5.980945587158203
2003-08-01,6,infl_yoy,2.026286966046009,2.055555555555544,2.230877600079914,2.187495482602255,1.091949397782935,1.1964008835088868,2.011138692463597,2.055680513381958
2003-08-01,6,unrate,5.7,6.2,6.383272462313362,6.079407937601967,5.534917678578481,5.714416354972067,5.843502219214432,5.853989601135254
2003-09-01,1,infl_yoy,2.378318584070782,2.216066481994461,2.252197612317905,2.25252336956264,2.237916117161599,2.131291216769575,2.3199048442296863,2.3221442699432373
2003-09-01,1,unrate,6.1,6.1,6.151459891197263,6.09779952015784,6.060153073591074,6.099389460397427,6.067293773782974,6.074498653411865
2003-09-01,3,infl_yoy,1.9283746556473915,2.216066481994461,2.270501075534336,2.3752682683934783,1.6773097672351494,1.670464350800581,2.455252548004089,2.3469793796539307
2003-09-01,3,unrate,5.8,6.1,6.165731274066344,5.987683511162305,5.605500377270347,5.765839266047943,5.896356867135275,5.892332553863525
2003-09-01,6,infl_yoy,1.688453159041381,2.216066481994461,2.3147296367848886,2.4776232572875667,0.9081327722194594,1.0658654414702946,2.070488616538767,2.0265932083129883
2003-09-01,6,unrate,5.6,6.1,6.177443022313638,5.885303939379434,5.691904386337803,5.596986551441402,5.841577894263648,5.806631565093994
2003-10-01,1,infl_yoy,2.041942604856528,2.378318584070782,2.401801885634929,2.439145471126957,1.7160401311267908,1.8712838333500827,2.0913944453592417,2.1062333583831787
2003-10-01,1,unrate,6.0,6.1,6.119644306201545,6.027429948103777,5.820714117900552,5.861202833400872,5.968602761570216,5.975170612335205
2003-10-01,3,infl_yoy,2.0352035203520247,2.378318584070782,2.392526613870809,2.534564997818732,1.804577154733492,1.95938100101596,2.1468822165266945,2.074119329452514
2003-10-01,3,unrate,5.7,6.1,6.134310732327827,5.95036033634006,5.647570167859643,5.611072109665355,5.867088435291055,5.798067569732666
2003-10-01,6,infl_yoy,1.7400761283306032,2.378318584070782,2.4100777485372613,2.601373296591832,1.67911959217707,1.7408580248058696,1.9664861188436733,2.044579267501831
2003-10-01,6,unrate,5.8,6.1,6.139918317931315,5.856709742235387,5.62860044426289,5.529498340114213,5.86038405744582,5.873264789581299
2003-11-01,1,infl_yoy,1.9283746556473915,2.041942604856528,1.962811812812947,2.0229442764312537,2.1253937465274264,2.067648764994894,2.02308052257923,1.9311707019805908
2003-11-01,1,unrate,5.8,6.0,6.0193709975338905,5.9833857283716245,5.788836696522165,5.752254531230723,5.804972832722833,5.778750896453857
2003-11-01,3,infl_yoy,2.026286966046009,2.041942604856528,2.099685505996816,2.209793589752762,1.966027567852535,2.068434645392656,2.006925959104309,2.0048069953918457
2003-11-01,3,unrate,5.7,6.0,6.003640494225,5.905450628747591,5.752191957358344,5.602376725199812,5.82089471324599,5.755318641662598
2003-11-01,6,infl_yoy,2.2925764192139875,2.041942604856528,2.1791445480563905,2.316542791002286,2.1475321347128355,2.3107738737223924,2.0076831514877638,2.1490602493286133
2003-11-01,6,unrate,5.6,6.0,5.967189844108531,5.80852447265048,5.33246187348815,5.3637369719703,5.849399171007868,5.790264129638672
2003-12-01,1,infl_yoy,2.0352035203520247,1.9283746556473915,2.027642944166757,2.1221946420480737,2.145842041171969,2.0586103781814997,2.155567727474326,2.1309309005737305
2003-12-01,1,unrate,5.7,5.8,5.811535277624576,5.792255114664557,5.690496069560922,5.626976836727523,5.791138093850595,5.758898735046387
2003-12-01,3,infl_yoy,1.688453159041381,1.9283746556473915,2.0999247844319697,2.184826201536775,2.370792380961979,2.163368941100302,2.035928571363805,1.972819805145264
2003-12-01,3,unrate,5.6,5.8,5.736404913364626,5.66526045931279,5.6494549948950565,5.586434956855851,5.806377528813634,5.711990833282471
2003-12-01,6,infl_yoy,2.8977583378895444,1.9283746556473915,2.178341316868332,2.346218675328292,2.186458141061137,2.2431774855043547,2.2214205690907467,2.312791347503662
2003-12-01,6,unrate,5.6,5.8,5.642156440843616,5.558045133089296,5.393066379576832,5.453126067282542,5.791742572761666,5.7093505859375
2004-01-01,1,infl_yoy,2.026286966046009,2.0352035203520247,2.077499666601643,2.101078651769521,2.072644129036683,2.0590229474213464,2.131299463981637,2.090059757232666
2004-01-01,1,unrate,5.7,5.7,5.69967795118899,5.649770000408218,5.752050243626384,5.674100047819583,5.756034457942336,5.759783744812012
2004-01-01,3,infl_yoy,1.7400761283306032,2.0352035203520247,2.134862984943058,2.2103279824546056,2.312190746770029,2.040765384996843,2.0388466495151127,1.9630320072174072
2004-01-01,3,unrate,5.8,5.7,5.65562693280783,5.5292805010061805,5.523870049857076,5.461981784186428,5.857220559825165,5.84330940246582
2004-01-01,6,infl_yoy,3.16766794101584,2.0352035203520247,2.205127484740265,2.348774973796928,2.919030322285803,2.752028501992366,2.3824554268650644,2.6082353591918945
2004-01-01,6,unrate,5.6,5.7,5.586401098910157,5.418037611163255,5.308917721989645,5.262512043038384,5.652213582001935,5.638308525085449
2004-02-01,1,infl_yoy,1.688453159041381,2.026286966046009,2.0465297282380277,2.040705702100494,2.0575660935873383,1.9923468268938664,1.6192619190071686,1.8659160137176516
2004-02-01,1,unrate,5.6,5.7,5.653024009362839,5.627785437642022,5.673483784322549,5.570615905851895,5.707130494714114,5.700284004211426
2004-02-01,3,infl_yoy,2.2925764192139875,2.026286966046009,2.117514255469768,2.181919529450724,1.843505601040901,1.856731022920294,1.9397442858752576,2.199484348297119
2004-02-01,3,unrate,5.6,5.7,5.568913306232996,5.555366627516889,5.610695511347723,5.520588908609534,5.837732104153157,5.754795074462891
2004-02-01,6,infl_yoy,2.939575394665228,2.026286966046009,2.190375956195147,2.3005807560502234,2.295656432719003,2.3712242315383407,2.515456660454555,2.764700412750244
2004-02-01,6,unrate,5.5,5.7,5.445854607389233,5.453459680410196,5.362336319234773,5.303803378038792,5.409852535542903,5.54309606552124
2004-03-01,1,infl_yoy,1.7400761283306032,1.688453159041381,1.6662246844523203,1.7201115085855538,1.627113512461516,1.796175347211706,1.8269684321472115,1.897515058517456
2004-03-01,1,unrate,5.8,5.6,5.561963192143897,5.581346931663408,5.677456297811013,5.693518626091101,5.764841324542333,5.748274803161621
2004-03-01,3,infl_yoy,2.8977583378895444,1.688453159041381,1.84093319535363,1.8926294559945356,2.251719531444624,2.17842033551313,2.158194286639337,2.434979200363159
2004-03-01,3,unrate,5.6,5.6,5.474390081501268,5.504107010231574,5.414425976867455,5.444421782443019,5.776760228094627,5.744106769561768
2004-03-01,6,infl_yoy,2.5474254742547275,1.688453159041381,1.9672643382240071,2.062565328485832,2.135842667660765,2.2043703544949684,2.4548271637960366,2.5095605850219727
2004-03-01,6,unrate,5.4,5.6,5.365887229303768,5.396466602873121,5.157536939787989,5.220702706345551,5.22996998651915,5.364972114562988
2004-04-01,1,infl_yoy,2.2925764192139875,1.7400761283306032,1.8777960231489457,1.8678150142558496,2.518736037044929,2.3922503868924268,2.28176985492232,2.320668458938598
2004-04-01,1,unrate,5.6,5.8,5.72265559514167,5.743371271265654,5.601777682040013,5.569664452490108,5.722493551213859,5.73172664642334
2004-04-01,3,infl_yoy,3.16766794101584,1.7400761283306032,1.9496309216442804,1.8422867474407307,3.218397743051877,2.916769667514345,2.504385701099924,2.36130428314209
2004-04-01,3,unrate,5.6,5.8,5.672484699867659,5.731563579959229,5.115575450522422,5.322754000486762,5.692238553146834,5.639210224151611
2004-04-01,6,infl_yoy,2.539168017287952,1.7400761283306032,2.053214736648418,2.015995708181415,3.1338012388948835,2.7049056219097407,2.473172137938266,2.602609395980835
2004-04-01,6,unrate,5.4,5.8,5.596053757428752,5.629303834302274,4.924174507277604,5.034044485100092,5.166549288206356,5.208559036254883
2004-05-01,1,infl_yoy,2.8977583378895444,2.2925764192139875,2.2505645830137566,2.3659232711223264,3.1783597413078155,2.96348742722245,2.8736934622835646,2.80900239944458
2004-05-01,1,unrate,5.6,5.6,5.598711103754947,5.568003318103099,5.210859840177484,5.464738343695763,5.644693329160657,5.568300724029541
2004-05-01,3,infl_yoy,2.939575394665228,2.2925764192139875,2.1346619729151106,2.364891129426193,3.662606517293586,3.2083950517036857,2.6150908932693926,2.5264787673950195
2004-05-01,3,unrate,5.5,5.6,5.54245700140917,5.488923593581889,4.896586848036307,5.23703755549644,5.568841823505369,5.550886154174805
2004-05-01,6,infl_yoy,3.1909140075716547,2.2925764192139875,2.009603345041977,2.44460328741192,3.0205164918895724,2.592774151233087,2.462614757814104,2.706851005554199
2004-05-01,6,unrate,5.5,5.6,5.460062886900082,5.41278256626019,4.826887488287991,4.941446191908863,5.3739323376642965,5.5518479347229
2004-06-01,1,infl_yoy,3.16766794101584,2.8977583378895444,2.9267086386456422,2.863251647219866,3.4580828093742486,3.12577855887142,2.983234758522508,2.9310874938964844
2004-06-01,1,unrate,5.6,5.6,5.56519759580059,5.552803413071573,5.208232191744958,5.45158946703429,5.622449787553347,5.637136936187744
2004-06-01,3,infl_yoy,2.5474254742547275,2.8977583378895444,2.770379896642741,2.9353719805221825,3.555635056824383,3.054572327338779,2.5369156835662228,2.5060863494873047
2004-06-01,3,unrate,5.4,5.6,5.499526900943067,5.464633883995356,4.943271313159295,5.20499035878059,5.315078185946893,5.4588623046875
2004-06-01,6,infl_yoy,3.621621621621607,2.8977583378895444,2.696158200131982,2.8597207281144965,3.255611965921707,2.7460428684307017,2.823997424903048,3.067802906036377
2004-06-01,6,unrate,5.4,5.6,5.406734726347963,5.422173483844643,5.105027929137616,5.218964742859515,5.559030478599291,5.617579936981201
2004-07-01,1,infl_yoy,2.939575394665228,3.16766794101584,3.0947032708564235,3.177849026295879,3.2570770240740785,3.190397632948781,2.922375477856966,3.0366055965423584
2004-07-01,1,unrate,5.5,5.6,5.560463857168303,5.5080080585007245,5.213762788898376,5.379204538407492,5.523352177784712,5.578543186187744
2004-07-01,3,infl_yoy,2.539168017287952,3.16766794101584,2.952309639970513,3.2302946027460573,2.997976214151328,2.971421631459489,2.5714411431494857,2.515255689620972
2004-07-01,3,unrate,5.4,5.6,5.499215812005529,5.476819402624429,5.057778037151957,5.183119860915619,5.221113751075951,5.227228164672852
2004-07-01,6,infl_yoy,3.3423180592991875,3.16766794101584,2.8343618045065355,3.066387757183308,2.7347749761863285,2.72619814343971,2.950795725726904,3.0953707695007324
2004-07-01,6,unrate,5.4,5.6,5.409742371900882,5.469355190244869,5.19096551608519,5.206875302652065,5.493291735498154,5.59624719619751
2004-08-01,1,infl_yoy,2.5474254742547275,2.939575394665228,2.812686108929539,2.912088213666008,2.5483370428347416,2.542529672642666,2.6804420412725,2.669945478439331
2004-08-01,1,unrate,5.4,5.5,5.49089518711208,5.501358324728823,5.376836297899932,5.332582707024828,5.511643618393232,5.488697052001953
2004-08-01,3,infl_yoy,3.1909140075716547,2.939575394665228,2.7767071605518834,2.9528504978602848,1.865314137501444,2.223177034326972,2.6066319731242964,2.6461641788482666
2004-08-01,3,unrate,5.5,5.5,5.445254022298569,5.468205733954471,5.285831519437168,5.265076213920064,5.413996060924462,5.460704326629639
2004-08-01,6,infl_yoy,2.8448738593666034,2.939575394665228,2.702074652701319,2.8266796763763926,1.9613194776069336,2.217076017972819,2.8704517218261376,2.9097554683685303
2004-08-01,6,unrate,5.3,5.5,5.378339578294315,5.469925127454985,5.204330750756656,5.2055391225101335,5.4931920806165415,5.5261759757995605
2004-09-01,1,infl_yoy,2.539168017287952,2.5474254742547275,2.487877686919103,2.5743422691982603,2.4132263228880837,2.63283005576457,2.656119960982797,2.6026649475097656
2004-09-01,1,unrate,5.4,5.4,5.381976985499947,5.416922599889704,5.297267474004072,5.30596939343441,5.497601545933951,5.516158580780029
2004-09-01,3,infl_yoy,3.621621621621607,2.5474254742547275,2.5259986691490703,2.588603877306403,2.258178224463361,2.586607342563907,2.688214062920869,2.8504977226257324
2004-09-01,3,unrate,5.4,5.4,5.309636624647156,5.3811362998737104,5.545929894924711,5.424583430008875,5.475094287045868,5.507197380065918
2004-09-01,6,infl_yoy,3.0530262453133394,2.5474254742547275,2.512644965366725,2.5598109410669347,1.8404689386043944,2.215080778492646,2.8204112968328205,2.9798426628112797
2004-09-01,6,unrate,5.4,5.4,5.216864241582529,5.362931167050572,5.023764631866534,5.192586130390087,5.461629983309459,5.563603401184082
2004-10-01,1,infl_yoy,3.1909140075716547,2.539168017287952,2.5932947511170874,2.6172047253513333,3.2013045648177303,3.057045497423001,3.0643475400729505,2.983877897262573
2004-10-01,1,unrate,5.5,5.4,5.364676132168276,5.3786294657276805,5.28693510113742,5.415782937984996,5.478342838702161,5.480283737182617
2004-10-01,3,infl_yoy,3.3423180592991875,2.539168017287952,2.5642390412567457,2.5156558481126265,2.82960913760078,2.98800098308158,2.740355685676127,2.901160478591919
2004-10-01,3,unrate,5.4,5.4,5.30381287935317,5.363164353576416,5.316432247387617,5.4326891646137385,5.460420406705513,5.4692158699035645
2004-10-01,6,infl_yoy,3.2068412613575736,2.539168017287952,2.541632115206427,2.518612920244814,2.794534342884669,2.837212873846413,2.81408546785973,3.118332862854004
2004-10-01,6,unrate,5.2,5.4,5.22060009131077,5.338708142342921,5.004768942536572,5.115368431442335,5.357176901355777,5.4303364753723145
2004-11-01,1,infl_yoy,3.621621621621607,3.1909140075716547,3.2920212398480624,3.2413713606592323,3.4152476670584844,3.466798527451964,3.0994067086779187,3.0869455337524414
2004-11-01,1,unrate,5.4,5.5,5.44960291185124,5.438281855759891,5.4529556023105785,5.473897185384915,5.490916401956081,5.486741542816162
2004-11-01,3,infl_yoy,2.8448738593666034,3.1909140075716547,3.052498358062843,2.968304828227552,2.892021481742452,2.9263255748847707,2.5651558153367904,2.671978235244751
2004-11-01,3,unrate,5.3,5.5,5.420281336560944,5.448083311929507,5.26412977150175,5.340324086277793,5.38840107464976,5.3909196853637695
2004-11-01,6,infl_yoy,3.3617929562433257,3.1909140075716547,2.911747209878112,2.86043763082705,3.345178662452342,3.1881497164728065,2.9036527574926145,2.915769338607788
2004-11-01,6,unrate,5.2,5.5,5.378049025397198,5.457921253017992,4.924618662290958,5.14288005762529,5.387509346458187,5.389068126678467
2004-12-01,1,infl_yoy,3.3423180592991875,3.621621621621607,3.5153680014514523,3.45979596619616,2.8814174776296557,3.0423095167469483,3.118949640436769,3.092346668243408
2004-12-01,1,unrate,5.4,5.4,5.383621497496883,5.386312840197513,5.176104461811191,5.352772412526351,5.462958026951242,5.431558132171631
2004-12-01,3,infl_yoy,3.0530262453133394,3.621621621621607,3.2861847635373467,3.3465476021091995,3.1295072074544548,3.037382138528975,2.675693274183284,2.8040149211883545
2004-12-01,3,unrate,5.4,5.4,5.3314159473781695,5.366460355957802,5.021473547355535,5.165968448930109,5.294784529970277,5.431978225708008
2004-12-01,6,infl_yoy,2.869287991498415,3.621621621621607,3.089239681418274,3.113114382481481,3.391529971861637,3.152715836774342,2.985516322990559,2.834115743637085
2004-12-01,6,unrate,5.1,5.4,5.2565219641370335,5.408520733477536,5.080217558726643,5.225041931384749,5.345547555122799,5.271302223205566
2005-01-01,1,infl_yoy,2.8448738593666034,3.3423180592991875,3.1537699906875294,3.1630250560480184,2.765242280596853,2.8848273481108144,2.7585087089963385,2.7780754566192627
2005-01-01,1,unrate,5.3,5.4,5.378739764329523,5.404555766640477,5.195268252120117,5.2790943636831145,5.390264564838507,5.344607353210449
2005-01-01,3,infl_yoy,3.2068412613575736,3.3423180592991875,3.064475876762476,3.203562415951411,3.358786431530137,3.0739804826788504,2.8653256629149912,3.0042760372161865
2005-01-01,3,unrate,5.2,5.4,5.342497029722282,5.408125089794574,5.030090212901737,5.166181720678523,5.260444360795188,5.2716383934021
2005-01-01,6,infl_yoy,2.541026998411855,3.3423180592991875,2.9225339786573885,2.9739285471642183,3.681306490578361,3.3277076995730037,2.828197280448752,2.812908411026001
2005-01-01,6,unrate,5.0,5.4,5.292034877917488,5.44549058785851,5.075348783977336,5.103619981878804,5.309191735316607,5.2544474601745605
2005-02-01,1,infl_yoy,3.0530262453133394,2.8448738593666034,2.745048678147974,2.8555739630738426,3.0106324674650358,3.038150141504829,3.10764797734049,3.0819852352142334
2005-02-01,1,unrate,5.4,5.3,5.300455279273204,5.315347911171063,5.150564783133521,5.312717143805483,5.390365160147318,5.395483016967773
2005-02-01,3,infl_yoy,3.3617929562433257,2.8448738593666034,2.75014719236155,2.8646044598582727,3.265136980503708,3.078795794956938,2.8538588146251995,3.014127016067505
2005-02-01,3,unrate,5.2,5.3,5.267972883902411,5.328446747675213,5.020795139798444,5.186265764378949,5.313390871684089,5.29821252822876
2005-02-01,6,infl_yoy,3.067160232681121,2.8448738593666034,2.6856214925719017,2.742739794963872,3.741674160127805,3.412045502809029,2.9157047968474954,2.959317445755005
2005-02-01,6,unrate,5.0,5.3,5.230618640935276,5.347168759177608,4.970745835328626,5.0071896649581,5.232895095425226,5.209824085235596
2005-03-01,1,infl_yoy,3.2068412613575736,3.0530262453133394,3.151073391375022,3.1814385388691093,3.2016670372415343,3.2539280684186958,3.1726646673954337,3.266460657119751
2005-03-01,1,unrate,5.2,5.4,5.357982708063075,5.3898107178974906,5.061819165598878,5.234556376327947,5.253662456738121,5.298761367797852
2005-03-01,3,infl_yoy,2.869287991498415,3.0530262453133394,2.983812527982058,2.8886251931903706,3.296242645647987,3.2274072018313174,2.9051563984676303,3.0883750915527344
2005-03-01,3,unrate,5.1,5.4,5.317138841403612,5.4171124716119845,5.179474715711342,5.2529829909650685,5.270459522499302,5.297091484069824
2005-03-01,6,infl_yoy,3.646934460887952,3.0530262453133394,2.863207508999317,2.7983945444168365,4.3687876627565085,3.881212046831825,3.054577596801136,3.18916130065918
2005-03-01,6,unrate,4.9,5.4,5.260019309727829,5.443154327976794,5.055575594500178,5.028871177342869,5.249513538681962,5.233298778533936
2005-04-01,1,infl_yoy,3.3617929562433257,3.2068412613575736,3.100305082005004,3.0741904655971988,3.21386590944179,3.211466403010867,3.0371024876882085,3.1190783977508545
2005-04-01,1,unrate,5.2,5.2,5.208794062039034,5.228586239477984,5.042339221812156,5.266788785573758,5.201547815845705,5.256192684173584
2005-04-01,3,infl_yoy,2.541026998411855,3.2068412613575736,2.98569720269653,2.9962833245569405,2.8480190694073664,3.0113073487439324,2.7747232899195597,2.8522675037384038
2005-04-01,3,unrate,5.0,5.2,5.148475219488104,5.199504294164909,5.249900329587838,5.271846525604245,5.195849266450331,5.230421543121338
2005-04-01,6,infl_yoy,4.741833508956805,3.2068412613575736,2.8659376044730385,2.854263102175091,3.601864928903108,3.412967124231085,3.2615687286399653,3.011663913726806
2005-04-01,6,unrate,5.0,5.2,5.069363515351201,5.225867089245267,5.04614282458274,5.106466603074853,5.225443498889238,5.237719058990479
2005-05-01,1,infl_yoy,2.869287991498415,3.3617929562433257,3.351249131255745,3.324594784576608,2.8122791938048928,2.9051068195186103,2.8507611922083265,2.912348985671997
2005-05-01,1,unrate,5.1,5.2,5.170171439149197,5.183746417923079,5.237693718484167,5.24316618186106,5.106569004071786,5.146564960479736
2005-05-01,3,infl_yoy,3.067160232681121,3.3617929562433257,3.1613227228097407,3.2178404808278644,3.38710271850807,3.1821876334058965,2.8447030489241194,2.8374266624450684
2005-05-01,3,unrate,5.0,5.2,5.111263342380236,5.161177972492474,5.212170656830667,5.216177884082507,5.091134136162106,5.047595024108887
2005-05-01,6,infl_yoy,4.350104821802936,3.3617929562433257,3.0009534895113674,3.039673203962064,3.340496196256414,3.2001389407623715,2.741253479598597,2.779724359512329
2005-05-01,6,unrate,5.0,5.2,5.033639520437341,5.193761918248431,5.045848030467236,5.185111862020259,5.27532886692593,5.172878742218018
2005-06-01,1,infl_yoy,2.541026998411855,2.869287991498415,2.649345961648279,2.714643125316853,2.6188638893587024,2.70893911198219,2.666194536467426,2.6938564777374268
2005-06-01,1,unrate,5.0,5.1,5.079321872264363,5.109948704956804,5.090983861965274,5.07304046410299,5.034165257167153,5.113073348999023
2005-06-01,3,infl_yoy,3.646934460887952,2.869287991498415,2.7037383954056624,2.8446836827151385,3.590061369009375,3.251704441518656,2.908330541273726,2.93959903717041
2005-06-01,3,unrate,4.9,5.1,5.008261586270379,5.109673012426488,5.047554234320124,5.038329517647731,5.109705602163115,5.134293556213379
2005-06-01,6,infl_yoy,3.338549817423053,2.869287991498415,2.6549410414016847,2.711592427496589,3.0872533925824404,3.0777245624663245,2.877883294662737,2.7997701168060303
2005-06-01,6,unrate,5.0,5.1,4.916041882544593,5.126071121328822,4.881709686911763,4.977496018209142,5.3980640148048415,5.091053485870361
2005-07-01,1,infl_yoy,3.067160232681121,2.541026998411855,2.594929227825128,2.651966153588425,3.677168413073755,3.331632094183971,3.1437625944778262,3.082436800003052
2005-07-01,1,unrate,5.0,5.0,4.987869686321049,5.027594789760352,4.982095719802786,5.004559740847117,4.990121342851336,5.036742210388184
2005-07-01,3,infl_yoy,4.741833508956805,2.541026998411855,2.5973809820285103,2.6537883546550094,3.81420141365412,3.610996507132385,3.038482965933847,3.194593667984009
2005-07-01,3,unrate,5.0,5.0,4.932438515905655,5.0054191943372,4.864210086477781,4.993780295384567,5.152102687069721,5.090242862701416
2005-07-01,6,infl_yoy,3.338549817423053,2.541026998411855,2.575636541997291,2.6152446973836363,4.134976861875446,3.942502027713782,2.9961319240414674,3.217528343200684
2005-07-01,6,unrate,4.9,5.0,4.863677372916992,5.0082432798328815,4.695692427517284,4.799128687396616,5.242428270694626,5.001017093658447
2005-08-01,1,infl_yoy,3.646934460887952,3.067160232681121,3.169128971548757,3.2421573914419666,3.811093818112061,3.8091725582092337,3.3102962541432017,3.336071491241455
2005-08-01,1,unrate,4.9,5.0,4.952936734878837,4.959885618019385,4.964473538691525,5.008662944444806,4.914617508961627,4.896523475646973
2005-08-01,3,infl_yoy,4.350104821802936,3.067160232681121,2.967060275313668,2.9294062830509326,3.8580383188146814,3.860850166196066,3.1790630661803663,3.2068324089050293
2005-08-01,3,unrate,5.0,5.0,4.879576904240183,4.942399136931608,4.988241341499911,5.0715140448407245,5.121538548217598,5.10603666305542
2005-08-01,6,infl_yoy,4.018789144050117,3.067160232681121,2.8546306507175245,2.8749206967059635,3.699062805956849,3.7887093261352938,3.1655195965786387,3.4510538578033447
2005-08-01,6,unrate,4.7,5.0,4.784092125106772,4.961665449821734,4.7445949911076175,4.924690982485027,5.032978866266913,4.931017875671387
2005-09-01,1,infl_yoy,4.741833508956805,3.646934460887952,3.5952400810622382,3.53158173930522,4.657735282730076,4.539950727834821,3.2845817445509846,3.5812132358551025
2005-09-01,1,unrate,5.0,4.9,4.882347383429575,4.865409731447107,5.050084955555556,5.122006614962352,4.9676196728065545,5.036424160003662
2005-09-01,3,infl_yoy,3.338549817423053,3.646934460887952,3.322506135928778,3.3090334661742453,4.011116824470512,4.089633758417337,3.069601193322587,3.132517099380493
2005-09-01,3,unrate,5.0,4.9,4.829204314492844,4.8377723187292805,5.183073040113355,5.364199308138516,5.106654048922924,5.164856433868408
2005-09-01,6,infl_yoy,3.63825363825363,3.646934460887952,3.1238859960232004,3.134897459377946,3.477169399248901,3.765614670236859,3.122687952084764,3.068434238433838
2005-09-01,6,unrate,4.8,4.9,4.766215368212395,4.883320541528677,5.38720588057506,5.445005961231835,5.0455251358729925,4.997030735015869
2005-10-01,1,infl_yoy,4.350104821802936,4.741833508956805,4.962344287989474,4.832739465944857,3.811095523375694,4.0572259692593775,3.479394132917551,3.6204659938812256
2005-10-01,1,unrate,5.0,5.0,4.945428396940673,4.892704189787095,5.144149906269496,5.198011687762794,4.996109926829276,5.054042339324951
2005-10-01,3,infl_yoy,3.338549817423053,4.741833508956805,4.3893626990291175,4.276470766434313,4.009590307850967,3.9802243434005176,3.1361364360070128,3.200972557067871
2005-10-01,3,unrate,4.9,5.0,4.900592002647666,4.910043225733665,5.192043060509154,5.20932949926995,5.066325135988023,5.074160099029541
2005-10-01,6,infl_yoy,3.4179181771103018,4.741833508956805,3.786587656354172,3.956258734470448,2.976018368219838,3.162670581663888,3.3276602671963205,3.122020721435547
2005-10-01,6,unrate,4.7,5.0,4.846999551775795,5.028383167392925,5.328318078689841,5.305778874000528,5.099733906037088,5.001616954803467
2005-11-01,1,infl_yoy,3.338549817423053,4.350104821802936,3.8338903327666665,3.7842290240212137,3.213054195382453,3.1604639717023764,3.395164319966918,3.2737057209014893
2005-11-01,1,unrate,5.0,5.0,4.971778342363235,5.019935916181828,5.063227002752231,5.019901165469356,5.035054388375904,4.970898151397705
2005-11-01,3,infl_yoy,4.018789144050117,4.350104821802936,3.681456361354017,3.747847416127484,3.939579333450025,3.92399888023148,3.410033535553885,3.5848937034606934
2005-11-01,3,unrate,4.7,5.0,4.938808722685803,5.104340457550879,4.961753535732978,4.95585889654587,5.03330415276321,4.94980525970459
2005-11-01,6,infl_yoy,3.613835828600931,4.350104821802936,3.398904142177968,3.3545543278042955,3.342371569766476,3.458709606214629,3.4570675221705405,3.4282071590423584
2005-11-01,6,unrate,4.7,5.0,4.89998461493504,5.223463227597409,5.015978017596985,4.954382084506499,5.022099369309734,4.861598014831543
2005-12-01,1,infl_yoy,3.338549817423053,3.338549817423053,3.205297590383681,3.151057828396268,3.802261854309104,3.608025811165693,3.562838506801667,3.4674103260040283
2005-12-01,1,unrate,4.9,5.0,4.9795065832256,5.065050475567779,4.963289517850682,4.913048483272833,4.96154709261327,4.896676540374756
2005-12-01,3,infl_yoy,3.63825363825363,3.338549817423053,3.1644351736758503,3.327508650569877,3.744010123086012,3.5112385044648957,3.4609243411657644,3.592848777770996
2005-12-01,3,unrate,4.8,5.0,4.954465740410902,5.153284229119146,4.932593644747643,4.949402921317256,4.94816965104917,4.9130449295043945
2005-12-01,6,infl_yoy,3.977272727272729,3.338549817423053,3.0021417093026663,2.990423218304848,4.058829905217257,3.794270043643529,3.552124753638756,3.946401357650757
2005-12-01,6,unrate,4.6,5.0,4.915846411176263,5.234570222498418,4.747466540973158,4.666649250102246,4.974014752242095,4.748938083648682
2006-01-01,1,infl_yoy,4.018789144050117,3.338549817423053,3.398106474801548,3.644866934657901,4.47653801150462,4.244417421510198,3.60720988944038,4.131503105163574
2006-01-01,1,unrate,4.7,4.9,4.897935979443729,4.94913711345881,4.726608689199209,4.796636141313314,4.727147868961104,4.698632717132568
2006-01-01,3,infl_yoy,3.4179181771103018,3.338549817423053,3.2191140517667485,3.3365682887161654,3.784731256255199,3.571519343724535,3.4496341503018355,3.364609479904175
2006-01-01,3,unrate,4.7,4.9,4.855177682856159,4.987705903501415,4.871145458627197,4.910063579896917,4.935937855009914,4.811237812042236
2006-01-01,6,infl_yoy,4.1817243159525175,3.338549817423053,3.047769027643916,3.164141331882468,4.197211053948177,4.015775035836803,3.7146382455158578,3.944270610809326
2006-01-01,6,unrate,4.6,4.9,4.795616625807921,5.060494650500949,4.732882238244281,4.69452270672284,4.856631095348879,4.667405605316162
2006-02-01,1,infl_yoy,3.63825363825363,4.018789144050117,4.052877569038718,4.112018983054066,3.33464145260759,3.3330249770418967,3.607931909387101,3.612119436264038
2006-02-01,1,unrate,4.8,4.7,4.70352000670167,4.73499677433442,4.920290488715329,4.975721568289896,4.87343142682481,4.870642185211182
2006-02-01,3,infl_yoy,3.613835828600931,4.018789144050117,3.671541626626066,3.659153781045688,3.1290944457330525,3.1607066853967347,3.470103049747414,3.5624091625213623
2006-02-01,3,unrate,4.7,4.7,4.620573949960236,4.687532878829279,4.849042324834004,4.976267438098404,4.875677419737984,4.805563926696777
2006-02-01,6,infl_yoy,4.104669061056954,4.018789144050117,3.4040324832377493,3.516979371607952,3.8752607865028894,3.5717424997357594,3.891817520874288,3.867117166519165
2006-02-01,6,unrate,4.7,4.7,4.512054712876495,4.750979110893753,4.629692778408914,4.742706319282546,4.834183534748703,4.707418918609619
2006-03-01,1,infl_yoy,3.4179181771103018,3.63825363825363,3.277855662071569,3.168266108395558,3.496377177093297,3.303169215275509,3.6006441665289857,3.509000301361084
2006-03-01,1,unrate,4.7,4.8,4.758698879987056,4.800405778057485,4.770295996587562,4.867271984278461,4.710063432809022,4.703335285186768
2006-03-01,3,infl_yoy,3.977272727272729,3.63825363825363,3.236420078292304,3.3347406867489977,3.755939788171625,3.542626513067641,3.6008993718738487,3.707864999771118
2006-03-01,3,unrate,4.6,4.8,4.722087485892551,4.8105853333554265,4.603570010534437,4.7254228414063535,4.8000255708246815,4.6766862869262695
2006-03-01,6,infl_yoy,3.926568077511483,3.63825363825363,3.069703231520152,3.0462054770092557,3.0938395607167144,3.0945512926253924,3.880001291369728,3.726251363754273
2006-03-01,6,unrate,4.7,4.8,4.683460561436448,4.864053415728626,4.2729079676334045,4.584336003726269,4.800317762599458,4.6769118309021
2006-04-01,1,infl_yoy,3.613835828600931,3.4179181771103018,3.4706563323263,3.565266774760277,3.8389433994753785,3.759051770464396,3.630889479070275,3.7302029132843018
2006-04-01,1,unrate,4.7,4.7,4.681566757882164,4.667785359378941,4.835318406566701,4.774566511011738,4.735397396149604,4.71038818359375
2006-04-01,3,infl_yoy,4.1817243159525175,3.4179181771103018,3.2863653656650347,3.431502052332886,4.47564938704708,3.94670402993557,3.6013488533909617,3.66232967376709
2006-04-01,3,unrate,4.6,4.7,4.624461812653691,4.7032344820653655,4.753314476940749,4.694072947599823,4.747986825178892,4.632270812988281
2006-04-01,6,infl_yoy,2.012072434607637,3.4179181771103018,3.111024827682268,3.2401782738158182,3.052985135924392,3.012357330973167,3.5026386961289586,3.2971086502075195
2006-04-01,6,unrate,4.5,4.7,4.559450707115945,4.75478856446798,4.580544361980122,4.656540668361756,4.746738799265447,4.6204094886779785
2006-05-01,1,infl_yoy,3.977272727272729,3.613835828600931,3.528175377852354,3.6249212240357993,4.196505318829549,3.9757106220449328,3.604953249581473,3.6834349632263184
2006-05-01,1,unrate,4.6,4.7,4.681487383547522,4.730100023675489,4.727229190772482,4.653456138897749,4.668551118815826,4.666146278381348
2006-05-01,3,infl_yoy,4.104669061056954,3.613835828600931,3.336137963486699,3.3516195112225318,3.6959975755917447,3.883572137015785,3.657137361403264,3.712308168411255
2006-05-01,3,unrate,4.7,4.7,4.653434857630763,4.751057747799682,4.753302199942597,4.726124050536615,4.7232158213862165,4.64296293258667
2006-05-01,6,infl_yoy,1.4063284781516971,3.613835828600931,3.152900531707255,3.1819266539152222,3.708522880589104,3.621395106696645,3.022750005509943,2.733982801437378
2006-05-01,6,unrate,4.4,4.7,4.626583644129985,4.814361060456125,4.964828939705976,4.885845896645983,4.703144536771211,4.54200553894043
2006-06-01,1,infl_yoy,4.1817243159525175,3.977272727272729,3.951305164044336,3.930791250205344,4.055838103782844,4.025650146583917,3.505599876998744,3.529256820678711
2006-06-01,1,unrate,4.6,4.6,4.59774828551225,4.600025039971824,4.614258786485898,4.635456161044202,4.612209582737526,4.633212089538574
2006-06-01,3,infl_yoy,3.926568077511483,3.977272727272729,3.634933020824192,3.63762492258628,3.932540006394813,3.902045509596536,3.7486600842744022,3.751542568206787
2006-06-01,3,unrate,4.7,4.6,4.5610090586247125,4.595719712454665,4.5234414256794055,4.6835149197808965,4.702990280054482,4.701870918273926
2006-06-01,6,infl_yoy,1.9687026754164672,3.977272727272729,3.3901704532276504,3.448645806208745,4.322954918132571,3.9668342050211858,2.963152451612858,3.198304414749145
2006-06-01,6,unrate,4.5,4.6,4.521708570768027,4.658364115247175,4.7943023494223045,4.83378397401205,4.838328263174734,4.650574684143066
2006-07-01,1,infl_yoy,4.104669061056954,4.1817243159525175,4.013417427884168,4.023947501476138,3.822495735276061,3.9327475394411815,3.633636754102085,3.649638414382935
2006-07-01,1,unrate,4.7,4.6,4.5825992336966905,4.592193687518628,4.633200175931542,4.729131261184564,4.638894358990684,4.66247034072876
2006-07-01,3,infl_yoy,2.012072434607637,4.1817243159525175,3.738565371769031,3.8071927368245713,4.101856422986711,3.9141863956556793,3.263290010699261,2.991795539855957
2006-07-01,3,unrate,4.5,4.6,4.555445165545356,4.603895800562541,4.661859006994416,4.716422089490518,4.70103628961338,4.618259906768799
2006-07-01,6,infl_yoy,2.5239777889954462,4.1817243159525175,3.4771561061263467,3.5625688778910627,3.5662525412588097,3.4706668483589675,2.8873299806009443,2.954997539520264
2006-07-01,6,unrate,4.4,4.6,4.531072842436871,4.676019125532553,4.6112274317216215,4.68990775254276,4.783232257805834,4.696839332580566
2006-08-01,1,infl_yoy,3.926568077511483,4.104669061056954,3.9550339094509233,3.931180206302295,4.052687329656863,3.8852544747569375,3.6887106794708338,3.555492639541626
2006-08-01,1,unrate,4.7,4.7,4.675694087244748,4.682211643940056,4.63728859643115,4.718949622672868,4.618007149794652,4.7020039558410645
2006-08-01,3,infl_yoy,1.4063284781516971,4.104669061056954,3.7212017337725145,3.751040020665066,3.482682808022859,3.7321221537404417,2.8600913041058686,2.6289925575256348
2006-08-01,3,unrate,4.4,4.7,4.686367644110725,4.756113414209893,4.758560604909941,4.779538259495885,4.620983141959186,4.599876403808594
2006-08-01,6,infl_yoy,2.075765178123423,4.104669061056954,3.4677352494450457,3.4778914086685018,3.04368305231282,3.09440384925636,2.59283028534737,2.27020263671875
2006-08-01,6,unrate,4.6,4.7,4.712596930947528,4.841917231072645,4.690956937721143,4.7342066665374185,4.752865775305991,4.662762641906738
2006-09-01,1,infl_yoy,2.012072434607637,3.926568077511483,3.7875586031624415,3.8204877473432615,1.7951803288456865,2.049415173815411,2.087412534649109,2.0670485496521
2006-09-01,1,unrate,4.5,4.7,4.684338202371896,4.732429725619128,4.722934342268875,4.63409528506352,4.578159473962569,4.6510748863220215
2006-09-01,3,infl_yoy,1.9687026754164672,3.926568077511483,3.604405502182708,3.64572024850008,3.215067565856039,3.1748107840757656,1.843735371563956,2.082072496414185
2006-09-01,3,unrate,4.5,4.7,4.678207387065007,4.802515030324077,4.839419765663656,4.742381595235166,4.606857722285492,4.675036907196045
2006-09-01,6,infl_yoy,2.420260782347028,3.926568077511483,3.377825280285085,3.389965999009512,2.5635501476644773,2.7784845430615457,1.8966409645745788,2.297919750213623
2006-09-01,6,unrate,4.5,4.7,4.680540198759887,4.890448089401512,4.790352660946989,4.76252962252145,4.817415077922144,4.863288402557373
2006-10-01,1,infl_yoy,1.4063284781516971,2.012072434607637,1.5115954109976242,1.5235227575345909,2.237681732086544,1.8209023019883943,1.4977676357609233,1.5108304023742676
2006-10-01,1,unrate,4.4,4.5,4.515357584199762,4.64838792550255,4.765822995839987,4.579598613212342,4.369571815439462,4.479954719543457
2006-10-01,3,infl_yoy,2.5239777889954462,2.012072434607637,2.0778785888401545,2.449363636468164,2.592939188067893,2.352049827180127,1.691589017056122,1.9669163227081297
2006-10-01,3,unrate,4.4,4.5,4.458456895773305,4.631340849394223,4.690937085343573,4.645304651792025,4.509745841679551,4.623541831970215
2006-10-01,6,infl_yoy,2.798197295943927,2.012072434607637,2.2352964558065715,2.2433774896953618,1.6693740283802947,1.8385607819553809,2.15037879183654,2.227548360824585
2006-10-01,6,unrate,4.4,4.5,4.380668829069744,4.639810110634673,4.692498794866763,4.74976657891905,4.844891973505934,4.901859760284424
2006-11-01,1,infl_yoy,1.9687026754164672,1.4063284781516971,1.87548734041497,2.075177046740619,2.771689934839372,2.22828325300525,1.7536123091904383,1.7062110900878906
2006-11-01,1,unrate,4.5,4.4,4.414551963755315,4.377937725488958,4.633104540688044,4.5453525343491,4.525750741926633,4.541177272796631
2006-11-01,3,infl_yoy,2.075765178123423,1.4063284781516971,2.0479623914517693,2.3278385564240427,2.3567038221877303,2.4408700460638224,2.016131503806533,2.153072595596313
2006-11-01,3,unrate,4.6,4.4,4.3945026515707335,4.3649074490619055,4.5145855835154425,4.658828483791076,4.578442021142198,4.5972747802734375
2006-11-01,6,infl_yoy,2.5929247633283525,1.4063284781516971,2.21701000656092,2.397513161926897,1.7190139613011366,1.7971916172438325,2.269460690407062,2.2672276496887207
2006-11-01,6,unrate,4.5,4.4,4.382229088472263,4.329903682927503,4.643450754569108,4.7383252955384005,4.780075110608362,4.820242881774902
2006-12-01,1,infl_yoy,2.5239777889954462,1.9687026754164672,2.0863054308519446,2.2968886404611166,2.3518506935340846,2.470063885737003,2.705913460242724,2.457185745239258
2006-12-01,1,unrate,4.4,4.5,4.444337960392139,4.486225909404864,4.45625881272959,4.495777084714158,4.415554231454819,4.477452278137207
2006-12-01,3,infl_yoy,2.420260782347028,1.9687026754164672,2.182324193015748,2.078667940187566,2.0512830107113063,2.1326311805056037,2.6747527949911847,2.4447991847991943
2006-12-01,3,unrate,4.5,4.5,4.392954736050847,4.4881057387057846,4.44983337396928,4.616961187028795,4.52925785478049,4.556360244750977
2006-12-01,6,infl_yoy,2.709885742672613,1.9687026754164672,2.309375258771342,2.273640364954753,1.7834058817116407,2.07956435048047,2.4362470415089224,2.549191236495972
2006-12-01,6,unrate,4.4,4.5,4.321406203110028,4.472720856513019,4.30232035393562,4.565817271702425,4.711835384830125,4.762356758117676
2007-01-01,1,infl_yoy,2.075765178123423,2.5239777889954462,2.6611341820786536,2.493159977983297,1.7401639652332077,1.8266746774131708,2.1092694202733218,2.18054461479187
2007-01-01,1,unrate,4.6,4.4,4.380160103224006,4.402837251210926,4.554620625031578,4.60015250821338,4.571048754927092,4.612777233123779
2007-01-01,3,infl_yoy,2.798197295943927,2.5239777889954462,2.5764155378219145,2.353303956224435,1.7223591732090582,2.0837940229803853,2.068120736411492,2.173969268798828
2007-01-01,3,unrate,4.4,4.4,4.321588109516612,4.369060153028597,4.490584309338129,4.652197024119582,4.509180790295607,4.514804840087891
2007-01-01,6,infl_yoy,2.692765113974227,2.5239777889954462,2.5905422765479,2.460993656194561,1.3959870146485407,1.6969034369417484,2.2784816921291067,2.393420696258545
2007-01-01,6,unrate,4.6,4.4,4.241285026290654,4.364783775389115,4.2800088839468575,4.530654343102182,4.766717756796284,4.666726112365723
2007-02-01,1,infl_yoy,2.420260782347028,2.075765178123423,1.8683391192815764,1.7516104914094996,2.5612313333409253,2.5313978367225825,2.352901909468909,2.209871768951416
2007-02-01,1,unrate,4.5,4.6,4.558023352978309,4.5808036958616425,4.581159070608056,4.570161329122412,4.477868087158799,4.5139031410217285
2007-02-01,3,infl_yoy,2.5929247633283525,2.075765178123423,2.129232877797248,2.072604247965128,2.061538663714415,2.080864771880357,2.42852791268974,2.3165085315704346
2007-02-01,3,unrate,4.5,4.6,4.565945345599894,4.610980202687898,4.568694977038575,4.541247800807686,4.498877194022224,4.467685699462891
2007-02-01,6,infl_yoy,2.317890586495808,2.075765178123423,2.270671160000016,2.104372409398488,1.058728202944946,1.494357428118382,2.4027379814005125,2.369080066680908
2007-02-01,6,unrate,4.7,4.6,4.589152961166732,4.600718713630996,4.406886792090613,4.524903271275219,4.757320653479569,4.724983215332031
2007-03-01,1,infl_yoy,2.798197295943927,2.420260782347028,2.762070520210891,2.751907589473106,2.619879568341423,2.579969074677127,2.76605883854365,2.8352012634277344
2007-03-01,1,unrate,4.4,4.5,4.517300385485358,4.487157573840257,4.552315167352968,4.447877929006651,4.429303253291256,4.420559406280518
2007-03-01,3,infl_yoy,2.709885742672613,2.420260782347028,2.3019985690562303,2.5459335507368994,2.508762460357348,2.5861529768505136,2.713878986322181,2.722153425216675
2007-03-01,3,unrate,4.4,4.5,4.529975391906492,4.495995945851551,4.484412722621357,4.474747938911491,4.446507614549603,4.382735729217529
2007-03-01,6,infl_yoy,1.897448478900876,2.420260782347028,2.271421118575596,2.6038155546296693,2.714665896758871,2.63258713686772,2.510077080009992,2.536407232284546
2007-03-01,6,unrate,4.6,4.5,4.562564749400933,4.500677220548777,4.612604748125819,4.539687606125648,4.639026056242356,4.709891319274902
2007-04-01,1,infl_yoy,2.5929247633283525,2.798197295943927,2.477957433919696,2.728463195327365,2.212110669764045,2.4459620664003148,2.666290626315006,2.708847522735596
2007-04-01,1,unrate,4.5,4.4,4.398353796757898,4.451954019052952,4.518699089832095,4.511958391245693,4.480062239813513,4.463684558868408
2007-04-01,3,infl_yoy,2.692765113974227,2.798197295943927,2.669520492533519,2.657448985035304,2.3761664726734595,2.44897023100338,2.8012716213787145,2.683578968048096
2007-04-01,3,unrate,4.6,4.4,4.361858649201851,4.391618174985762,4.464913152223426,4.510628883261368,4.454818912718663,4.488457679748535
2007-04-01,6,infl_yoy,2.8338264299802685,2.798197295943927,2.5232915339987483,2.656305602414653,3.265721332841594,3.1664417946081747,2.556927881663413,2.5027124881744385
2007-04-01,6,unrate,4.7,4.4,4.312861745852571,4.399087280743887,4.606941718236227,4.551551310885274,4.692816953050641,4.699917316436768
2007-05-01,1,infl_yoy,2.709885742672613,2.5929247633283525,2.490563502238119,2.4450665330569907,2.696264095025521,2.668035606993485,2.672337914236208,2.767155885696411
2007-05-01,1,unrate,4.4,4.5,4.486978134688571,4.454649528686271,4.379073579347941,4.400575054480753,4.437092431124947,4.457225322723389
2007-05-01,3,infl_yoy,2.317890586495808,2.5929247633283525,2.6785722455601,2.5809616463390634,2.046840886120179,2.3458673547202653,2.794752478036567,2.807089567184448
2007-05-01,3,unrate,4.7,4.5,4.498158636903138,4.462244470920796,4.472457222834431,4.459765105793944,4.524581313368196,4.5181427001953125
2007-05-01,6,infl_yoy,3.610698365527476,2.5929247633283525,2.705819879686226,2.5443235550082077,3.088338404002794,3.0571596413901747,2.7666411822709067,2.6533219814300537
2007-05-01,6,unrate,4.7,4.5,4.526527426850552,4.459656396047437,4.537161685843211,4.521221457363354,4.655670868604211,4.706917762756348
2007-06-01,1,infl_yoy,2.692765113974227,2.709885742672613,3.0783069611970366,2.8625523295053403,2.523136149694964,2.7038915032614828,2.7015501099286503,2.812664031982422
2007-06-01,1,unrate,4.6,4.4,4.398453277810379,4.386455301789155,4.495259166771123,4.581755861045701,4.546243937252493,4.510680198669434
2007-06-01,3,infl_yoy,1.897448478900876,2.709885742672613,2.6744483485049404,2.762444774100798,2.593937196002768,2.537698055445609,2.675535086525532,2.829841375350952
2007-06-01,3,unrate,4.6,4.4,4.362225064990014,4.385118387663748,4.578267781319161,4.608789464877718,4.576586229449939,4.582172870635986
2007-06-01,6,infl_yoy,4.373267326732666,2.709885742672613,2.7016023815990224,2.73332858290193,2.6368972172696714,2.6236763343886413,2.9751061125976213,2.7313175201416016
2007-06-01,6,unrate,4.7,4.4,4.308994786341886,4.395501885692098,4.636050291424613,4.716929504831,4.705777782111942,4.754519462585449
2007-07-01,1,infl_yoy,2.317890586495808,2.692765113974227,2.628766587318636,2.5788453700163485,2.214608826287674,2.410198417477818,2.39510214099117,2.618178129196167
2007-07-01,1,unrate,4.7,4.6,4.561227808115791,4.5944884206675685,4.644346621985616,4.698375813340821,4.611442593705177,4.639540672302246
2007-07-01,3,infl_yoy,2.8338264299802685,2.692765113974227,2.6398977204178817,2.517025949383437,2.6207741021783244,2.7783349785148834,2.6165409914704383,2.603434562683105
2007-07-01,3,unrate,4.7,4.6,4.584770891497008,4.640777557989283,4.668608911087528,4.730971160688412,4.602891269637383,4.605672359466553
2007-07-01,6,infl_yoy,4.108813392417532,2.692765113974227,2.6330560083926686,2.499661121499491,2.8415701174661394,2.992713990141298,2.4997866913643234,2.5401298999786377
2007-07-01,6,unrate,5.0,4.6,4.627358153562265,4.6559154774047,4.7934777657653,4.809497711897039,4.753217995642882,4.710582256317139
2007-08-01,1,infl_yoy,1.897448478900876,2.317890586495808,2.273380379077317,2.19870592448734,2.0533015526059697,2.063980690411756,1.885962536779934,2.0773239135742188
2007-08-01,1,unrate,4.6,4.7,4.684921821570337,4.696215210092118,4.678102427268348,4.64747520461538,4.617291435383625,4.612585544586182
2007-08-01,3,infl_yoy,3.610698365527476,2.317890586495808,2.4035170668857004,2.277029385728555,2.413573346499194,2.473356434545562,2.3304296971708003,2.4504427909851074
2007-08-01,3,unrate,4.7,4.7,4.724987879122027,4.770352828562171,4.799425864076446,4.805491883450888,4.659798531268037,4.660696983337402
2007-08-01,6,infl_yoy,4.294695655165981,2.317890586495808,2.466529540198519,2.293200171314726,2.59387473931085,2.7150994519048623,2.526342917736548,2.9715664386749268
2007-08-01,6,unrate,5.0,4.7,4.788511223397179,4.781715755166722,4.812861697653545,4.915171956660633,4.749724097261546,4.762885570526123
2007-09-01,1,infl_yoy,2.8338264299802685,1.897448478900876,1.9263644618094344,1.90499177970382,2.975929327597298,3.064328349500681,2.694158040857109,2.7633392810821533
2007-09-01,1,unrate,4.7,4.6,4.628135840983911,4.667009429802948,4.697741004320019,4.7127026844348086,4.628043855633391,4.647720813751221
2007-09-01,3,infl_yoy,4.373267326732666,1.897448478900876,2.1402487247256534,2.128288344351522,2.463859194027454,2.4889121629480084,2.8401913307043234,3.187347173690796
2007-09-01,3,unrate,4.7,4.6,4.636226354272482,4.666373746026316,4.81814807083483,4.813370630874614,4.61308706900697,4.660819053649902
2007-09-01,6,infl_yoy,4.142959270611968,1.897448478900876,2.281211877454445,2.1994497805248168,2.804491671969358,2.82285179646287,2.939898642126504,2.910808086395264
2007-09-01,6,unrate,4.9,4.6,4.636173304977234,4.660456060911028,4.90379847449336,4.853331000128959,4.768440112616643,4.721310615539551
2007-10-01,1,infl_yoy,3.610698365527476,2.8338264299802685,3.012339554357069,3.199790075900335,3.38451943524061,3.4254240590935985,3.739063609454264,3.661174058914185
2007-10-01,1,unrate,4.7,4.7,4.7010353854947455,4.690829795065161,4.80081690979595,4.753041246602669,4.65125981755176,4.691168785095215
2007-10-01,3,infl_yoy,4.108813392417532,2.8338264299802685,2.681631066840523,2.66663475309588,3.2382361408306486,3.198162369898517,3.052804489448653,2.832420825958252
2007-10-01,3,unrate,5.0,4.7,4.737511966389287,4.697033889863209,4.877955588135384,4.8735929190960015,4.749660026663448,4.797494411468506
2007-10-01,6,infl_yoy,3.9749035501344334,2.8338264299802685,2.6028122161826097,2.7455263734602395,3.5386634761984235,3.34028219019632,3.325691193310456,3.0158016681671143
2007-10-01,6,unrate,5.1,4.7,4.795179732114209,4.708336801175968,4.911320563067584,4.969980657990819,4.787257017316497,4.729893207550049
2007-11-01,1,infl_yoy,4.373267326732666,3.610698365527476,3.425067598105398,3.361058139616204,4.204266405260068,4.127522721892017,3.633415022013685,3.5640406608581543
2007-11-01,1,unrate,4.7,4.7,4.718740702065309,4.70203312526229,4.752805572351746,4.753849508448104,4.678707750861638,4.767152786254883
2007-11-01,3,infl_yoy,4.294695655165981,3.610698365527476,3.548304998914907,2.9872968239849818,4.437902429475165,3.907745738561112,3.5238288077824143,3.632779359817505
2007-11-01,3,unrate,5.0,4.7,4.756177910139591,4.690752675213759,4.85564008432709,4.891947579736813,4.758039740116027,4.836755752563477
2007-11-01,6,infl_yoy,3.903760975988813,3.610698365527476,3.471151829875618,2.9127406151886843,4.609391247795914,4.143033470953741,3.1433262548240304,3.421111583709717
2007-11-01,6,unrate,5.0,4.7,4.814928297925803,4.723428732407912,5.099457386806872,5.016735915446081,4.812588627525557,4.82093620300293
2007-12-01,1,infl_yoy,4.108813392417532,4.373267326732666,4.579764040422374,4.262639700243288,4.182237322730113,3.943398249958269,3.7229743667101904,3.792057275772095
2007-12-01,1,unrate,5.0,4.7,4.737326846070458,4.691478189468723,4.970329055403128,4.989267621055334,4.941728752594678,4.974993705749512
2007-12-01,3,infl_yoy,4.142959270611968,4.373267326732666,4.436869361480351,3.706691056209538,4.599872305328931,3.961387476047249,3.4459399604856755,2.9481143951416016
2007-12-01,3,unrate,4.9,4.7,4.789823232837816,4.683116106525198,5.115483036408775,5.110074312640335,4.986571107945203,4.895030498504639
2007-12-01,6,infl_yoy,4.088413823123993,4.373267326732666,4.50390437041307,3.449587565397925,4.233692152693567,3.964862754504508,2.9239140491016378,3.473141431808472
2007-12-01,6,unrate,5.4,4.7,4.869758298346449,4.739892752330682,5.387158623191411,5.257357912975642,4.955784035165065,4.960461139678955
2008-01-01,1,infl_yoy,4.294695655165981,4.108813392417532,4.059177552593632,3.6010426920135017,4.2423044347527945,4.098461172152202,3.832251665077009,3.844207286834717
2008-01-01,1,unrate,5.0,5.0,4.961398667024504,4.974086282445644,5.036313233094318,5.052058826547409,4.989748501959856,4.987664222717285
2008-01-01,3,infl_yoy,3.9749035501344334,4.108813392417532,4.013341131931237,3.380175498415125,4.503959398272077,3.862319732439979,3.239877882598624,2.7960574626922607
2008-01-01,3,unrate,5.1,5.0,5.028241111096098,5.083275325293716,5.176019389582495,5.118123656622705,5.018785698432419,4.967405796051025
2008-01-01,6,infl_yoy,4.935966105947864,4.108813392417532,3.946795334266246,3.092426179718137,4.391357164769017,4.212095657753095,3.2073672345530304,3.6742701530456543
2008-01-01,6,unrate,5.6,5.0,5.098627969443242,5.134067173703544,5.580724097304772,5.379359817891923,5.01987492066873,5.129462242126465
2008-02-01,1,infl_yoy,4.142959270611968,4.294695655165981,4.180881301559919,4.297051212693224,4.430345467730625,4.038035818481296,3.910865421117289,3.720005035400391
2008-02-01,1,unrate,4.9,5.0,5.030119847569371,5.038453451178914,5.21209985867387,5.042171886313345,4.926944356026669,4.989161491394043
2008-02-01,3,infl_yoy,3.903760975988813,4.294695655165981,4.320060601835338,3.7690209484083104,4.504456647915497,3.992275873028372,3.073947053805717,2.8071508407592773
2008-02-01,3,unrate,5.0,5.0,5.096509160962474,5.1340174374048,5.350262472521228,5.200250989757946,4.982347462810756,4.951080799102783
2008-02-01,6,infl_yoy,5.497512078341837,4.294695655165981,4.315656826898168,3.438066617359202,5.027151851209599,4.34538741141645,3.5430928983322776,3.666059970855713
2008-02-01,6,unrate,5.8,5.0,5.166804906571383,5.208690632906523,5.921148955034337,5.643756076728285,5.092898122024673,5.292752742767334
2008-03-01,1,infl_yoy,3.9749035501344334,4.142959270611968,4.263519319254491,3.830464583447896,3.8227029363289113,3.925968964221495,3.719440758248033,3.3909151554107666
2008-03-01,1,unrate,5.1,4.9,4.936436700288377,5.003988586631337,5.108864717450701,5.179477950196544,5.047595315707971,5.147701740264893
2008-03-01,3,infl_yoy,4.088413823123993,4.142959270611968,4.160260808170475,3.6186730891121335,4.194388589476513,4.007620651250696,3.2130858727550207,3.261756658554077
2008-03-01,3,unrate,5.4,4.9,4.974573000706275,4.993185594099575,5.523001190877768,5.4148434432282295,5.1520556592456535,5.405069828033447
2008-03-01,6,infl_yoy,5.308017162091239,4.142959270611968,4.182888010907188,3.311253603308536,4.802547976438003,4.261400986082403,3.63624121138996,3.765019655227661
2008-03-01,6,unrate,6.1,4.9,5.030026914080992,5.046650092617089,6.233421077189599,5.984374071167757,5.542364215654889,5.862055778503418
2008-04-01,1,infl_yoy,3.903760975988813,3.9749035501344334,3.893933688708721,3.845828578242717,4.45837375186923,4.016723271725772,3.7451081353112654,3.7743074893951416
2008-04-01,1,unrate,5.0,5.1,5.099779437223938,5.074848376289204,5.249963693159256,5.175889478311793,5.01437129830415,5.078403949737549
2008-04-01,3,infl_yoy,4.935966105947864,3.9749035501344334,3.9100955418365606,3.567688460133962,4.4115734531852855,4.280188811575031,3.7162857725291873,4.028318405151367
2008-04-01,3,unrate,5.6,5.1,5.165369505150451,5.149099975393335,5.731880942946515,5.55705537441157,5.284446691641692,5.540346622467041
2008-04-01,6,infl_yoy,4.953319875136075,3.9749035501344334,3.857702158584485,3.282682262228147,4.295415238791684,3.879545857858643,3.7098219267504544,3.703393459320069
2008-04-01,6,unrate,6.1,5.1,5.253821393410215,5.189856167407324,6.254326481646917,6.160899095839022,5.804010548316903,5.915541648864746
2008-05-01,1,infl_yoy,4.088413823123993,3.903760975988813,3.808673123331333,3.79722287367836,4.16001618901602,4.184178568443513,3.996692631495222,4.043195724487305
2008-05-01,1,unrate,5.4,5.0,5.05146041602812,5.027194845952996,5.341645620497414,5.465754714069074,5.364658776607497,5.391491889953613
2008-05-01,3,infl_yoy,5.497512078341837,3.903760975988813,3.920007354161167,3.539674330404423,4.625779763380314,4.485094916070218,4.04569585064031,4.261951446533203
2008-05-01,3,unrate,5.8,5.0,5.093506797245446,5.060443641545561,5.832652047751793,5.813865407364184,5.511748517890781,5.717320919036865
2008-05-01,6,infl_yoy,3.7310578899565128,3.903760975988813,3.911024468817868,3.28330546477821,3.35129479490014,3.119350397811236,3.7822036234051977,3.2019057273864746
2008-05-01,6,unrate,6.5,5.0,5.1424309300590485,5.105572574436628,6.472763846455416,6.345436792818276,5.921059084061596,6.225191593170166
2008-06-01,1,infl_yoy,4.935966105947864,4.088413823123993,4.292293988472348,3.9506134130612782,5.411345556969804,5.0939873523247705,4.1553302870478985,4.353962421417236
2008-06-01,1,unrate,5.6,5.4,5.356237210340337,5.397020209248471,5.784434965430198,5.718369720360771,5.533589836461795,5.582154273986816
2008-06-01,3,infl_yoy,5.308017162091239,4.088413823123993,4.11524845696335,3.4639693442902897,4.818226959482081,4.849754373693369,3.828689472371784,3.87471079826355
2008-06-01,3,unrate,6.1,5.4,5.459601034060755,5.5349276136123535,6.144837413844551,6.092499790877762,5.840934926455552,5.998721599578857
2008-06-01,6,infl_yoy,1.0999174706166848,4.088413823123993,4.153608965075815,3.210466785760261,3.695815785162961,3.637941570547813,2.872171574357381,2.0078070163726807
2008-06-01,6,unrate,6.8,5.4,5.576819581128618,5.595024343427593,6.640758834964329,6.535262716414476,6.194880505461969,6.5731635093688965
2008-07-01,1,infl_yoy,5.497512078341837,4.935966105947864,5.13228622927252,4.886444670457024,5.092690991188258,5.130310413500705,4.263444280510768,4.711973190307617
2008-07-01,1,unrate,5.8,5.6,5.607201271029088,5.6276166011099145,5.797116161111002,5.871621466252497,5.7211750470646665,5.784533977508545
2008-07-01,3,infl_yoy,4.953319875136075,4.935966105947864,4.89259551875098,4.0432069815642055,4.730593035692448,4.3829379370398005,3.852181712219649,4.044421672821045
2008-07-01,3,unrate,6.1,5.6,5.718114787966707,5.805680354506656,6.185226904734284,6.169322600159148,5.974532193602825,6.1596999168396
2008-07-01,6,infl_yoy,-0.022228002553859,4.935966105947864,4.896462864970815,3.732176080031993,3.080111437498055,3.045352383482184,2.274140495874729,1.4051584005355835
2008-07-01,6,unrate,7.3,5.6,5.856444509508101,5.926752611908277,6.69609294998621,6.638115062168334,6.401894741965905,6.914977550506592
2008-08-01,1,infl_yoy,5.308017162091239,5.497512078341837,5.426328422726111,5.126546735218805,4.829557826285466,4.85443387829074,4.410679072792282,4.432272434234619
2008-08-01,1,unrate,6.1,5.8,5.826542728110675,5.937513773816717,6.179099169949221,6.154605625396892,6.148982605303193,6.162599563598633
2008-08-01,3,infl_yoy,3.7310578899565128,5.497512078341837,5.468199195655964,4.419683151513871,4.5484499640775,4.00476067755997,3.788803651302485,3.342900514602661
2008-08-01,3,unrate,6.5,5.8,5.969000099694445,6.081554082502836,6.523955349615312,6.415728526593338,6.101202083004717,6.460245609283447
2008-08-01,6,infl_yoy,-0.1135860190221271,5.497512078341837,5.44567799725922,4.008088065765054,2.8658486202423017,2.925943403678956,1.642170918804045,1.2458579540252686
2008-08-01,6,unrate,7.8,5.8,6.144832301389148,6.238466528436266,7.021793636339613,6.879950050723838,6.654655198164408,7.115448474884033
2008-09-01,1,infl_yoy,4.953319875136075,5.308017162091239,5.214826350228404,4.869944962759399,4.623405698511128,4.475703913998066,4.620823954842906,4.5769476890563965
2008-09-01,1,unrate,6.1,6.1,6.17581070322912,6.174368657463488,6.320469085656179,6.244349962854762,6.147462377521861,6.226441860198975
2008-09-01,3,infl_yoy,1.0999174706166848,5.308017162091239,5.337187536482339,4.437577621619902,3.346459393751045,3.3873629118842974,3.424701747484164,2.85322380065918
2008-09-01,3,unrate,6.8,6.1,6.420338486617643,6.38068972917606,6.842771595552924,6.695513615055337,6.295759637700622,6.749229907989502
2008-09-01,6,infl_yoy,0.0084631406715107,5.308017162091239,5.342758371721266,3.963343700306059,2.339883197472779,2.3230245968838235,1.150616584040631,0.8172890543937683
2008-09-01,6,unrate,8.3,6.1,6.723733353455785,6.536637345674617,7.816121207305812,7.558819343610246,7.196386814411081,7.539079189300537
2008-10-01,1,infl_yoy,3.7310578899565128,4.953319875136075,4.967942921918945,4.7074945413988845,3.048020848317858,2.973298392054039,3.9420323119329934,3.9307706356048575
2008-10-01,1,unrate,6.5,6.1,6.207678341985822,6.208091653398334,6.747911952485083,6.709758991609583,6.265617536483985,6.549601078033447
2008-10-01,3,infl_yoy,-0.022228002553859,4.953319875136075,4.971454597703841,4.384169760521225,2.5203275793690056,2.5010753737751443,2.961060652575964,2.1093780994415283
2008-10-01,3,unrate,7.3,6.1,6.379656136253187,6.337932351621853,7.093061153009921,7.035364955427228,6.498498933290651,6.852158069610596
2008-10-01,6,infl_yoy,-0.4464787676623838,4.953319875136075,4.984137437644819,3.936837645316096,2.442222240099425,2.2297312010457087,0.7417952540135677,1.1613545417785645
2008-10-01,6,unrate,8.7,6.1,6.583293315930441,6.4632664228505,7.615375448678503,7.467180637961576,7.495605099187876,7.333302974700928
2008-11-01,1,infl_yoy,1.0999174706166848,3.7310578899565128,3.1605753440300446,3.2492559940049293,0.2106933777632025,0.4703327024950829,1.692789004712167,1.932600736618042
2008-11-01,1,unrate,6.8,6.5,6.556408253364626,6.557512038268889,6.768620407334289,6.8998141385642,6.511230770768622,6.767706394195557
2008-11-01,3,infl_yoy,-0.1135860190221271,3.7310578899565128,3.038979341960363,3.2656940861344377,1.3440428870467704,1.1688831920852507,1.961185964423639,1.6341041326522827
2008-11-01,3,unrate,7.8,6.5,6.763284020907409,6.75056121547221,7.501707823293232,7.399149324808675,6.814751762405979,7.394489288330078
2008-11-01,6,infl_yoy,-0.5763244243767063,3.7310578899565128,2.9226121494509814,2.9332940437418946,0.3200638521526424,0.4336349346645263,0.7130962147857843,0.9270954728126526
2008-11-01,6,unrate,9.0,6.5,7.009078475157249,6.802669973802173,7.666444448423922,7.561427006853808,7.602629105844276,8.175055503845215
2008-12-01,1,infl_yoy,-0.022228002553859,1.0999174706166848,0.1133522445835457,0.1964738980314105,0.3892366764422221,0.0042191828710596,1.3918124058168753,1.1296175718307495
2008-12-01,1,unrate,7.3,6.8,6.901473233415777,6.848094844075887,7.422585250876888,7.369113473877256,7.016149323049674,7.083075046539307
2008-12-01,3,infl_yoy,0.0084631406715107,1.0999174706166848,1.238284902840382,0.7360100690090284,-0.2498382707231887,-0.5703127912640547,1.3478391690517924,1.1462966203689575
2008-12-01,3,unrate,8.3,6.8,7.193659545515907,7.031238711099247,7.78626185448878,7.758361470801601,7.128431537906539,7.524208068847656
2008-12-01,6,infl_yoy,-1.015761495855172,1.0999174706166848,2.046566976454354,1.1379133389385672,-2.5780725200266565,-2.221228294659765,0.4829348012079633,-0.2417516261339187
2008-12-01,6,unrate,9.4,6.8,7.552140405433299,6.877524367662423,8.137015162785477,8.03201069176771,7.7748989479048705,9.027861595153809
2009-01-01,1,infl_yoy,-0.1135860190221271,-0.022228002553859,0.3845991163128879,0.0749986832994427,0.188717880182657,-0.071342252610933,1.0357228550940991,0.6224222183227539
2009-01-01,1,unrate,7.8,7.3,7.44269497771857,7.463140483412184,8.035649535076887,8.036939917066213,7.396258661178861,7.384630680084228
2009-01-01,3,infl_yoy,-0.4464787676623838,-0.022228002553859,1.3922053369795997,0.1154184346197582,-1.774344449236223,-1.5961944083734512,0.9360854770572103,0.2577631771564483
2009-01-01,3,unrate,8.7,7.3,7.889473429919836,7.742680359462446,8.321819274418706,8.355908688422222,7.501263410609002,8.131162643432617
2009-01-01,6,infl_yoy,-1.2291746182109151,-0.022228002553859,2.167010228852566,0.7113023338174005,-4.211815532001286,-3.305187299235928,0.1947664464979565,-0.8385953307151794
2009-01-01,6,unrate,9.5,7.3,8.472364486014197,7.570044784217178,8.859064822371273,8.802056451872886,7.918848776008994,9.08852767944336
2009-02-01,1,infl_yoy,0.0084631406715107,-0.1135860190221271,-0.1792883164506838,-0.1916625196271724,-0.3117549499368715,-0.0604028100226243,0.8316396173558015,0.2265820950269699
2009-02-01,1,unrate,8.3,7.8,8.005997764068212,8.053589593994994,8.29602441551931,8.35293141788458,7.57616868402925,7.386099815368652
2009-02-01,3,infl_yoy,-0.5763244243767063,-0.1135860190221271,-0.2049543559974534,-0.4033220111008322,-1.2304867220858475,-0.5666133585465998,0.6510958119833182,0.0487822331488132
2009-02-01,3,unrate,9.0,7.8,8.59305570560681,8.347348381094893,8.69319841951847,8.815736830924507,7.800782613464966,8.183691024780273
2009-02-01,6,infl_yoy,-1.958761003762277,-0.1135860190221271,-0.3195156675186191,0.2916228077343024,-4.436655369092415,-3.540615055632089,-0.2481701333846551,-1.4064254760742188
2009-02-01,6,unrate,9.5,7.8,9.384938158367506,8.217354442533214,8.753714202747704,9.056724162070449,8.23659434918152,9.174409866333008
2009-03-01,1,infl_yoy,-0.4464787676623838,0.0084631406715107,0.0464374597493982,-0.0680809651016884,-0.5728021904670153,-0.3069383338494167,0.5801078197339806,-0.0355740822851657
2009-03-01,1,unrate,8.7,8.3,8.644966082272107,8.672747610163967,8.890557915393547,8.850782012669546,7.748696311956876,8.269309997558594
2009-03-01,3,infl_yoy,-1.015761495855172,0.0084631406715107,-0.0337942919665473,-0.0662370455603706,-1.2942031140793953,-0.5966444579250534,0.3313235641361507,-0.2996065020561218
2009-03-01,3,unrate,9.4,8.3,9.446577129388858,9.197421051655647,9.20546052973222,9.324786491963245,8.018545356930652,9.19338321685791
2009-03-01,6,infl_yoy,-1.4838355663267633,0.0084631406715107,-0.052676808636515,-0.5796260386921142,-4.1167867049025535,-3.530868065939412,-0.4321012719711611,-1.5965453386306765
2009-03-01,6,unrate,9.6,8.3,10.658267835019206,9.379593948045628,9.230815766305302,9.328146336972551,8.582257864357866,9.45064926147461
2009-04-01,1,infl_yoy,-0.5763244243767063,-0.4464787676623838,-0.2491213451554287,-0.636121200401238,-0.2348295642092499,0.1391722286201027,0.4003679849846284,-0.0962312892079353
2009-04-01,1,unrate,9.0,8.7,9.104972832150958,9.041884751962872,9.145212631064457,9.16086834383854,7.978412513956634,8.506606101989746
2009-04-01,3,infl_yoy,-1.2291746182109151,-0.4464787676623838,0.7664370600885411,-0.9238200387625252,-2.2371117489778243,-1.603231013325078,0.0259320667363368,-0.6469851136207581
2009-04-01,3,unrate,9.5,8.7,9.946843372588402,9.40444527143855,9.261956992724633,9.312638265573169,8.272396878121874,9.16989040374756
2009-04-01,6,infl_yoy,-1.377942862886472,-0.4464787676623838,1.6326403428564946,-1.0802034553127269,-2.795732831396762,-2.511897275189368,-0.4085282192371213,-1.2168705463409424
2009-04-01,6,unrate,9.8,8.7,11.229644164464936,9.484687426060018,9.339015728701815,9.248151650672089,8.657734204684202,9.667040824890137
2009-05-01,1,infl_yoy,-1.015761495855172,-0.5763244243767063,-0.3145212152809055,-0.6080384927901359,-1.1532969508758968,-0.8102985721993936,0.0671300654520892,-0.5843139886856079
2009-05-01,1,unrate,9.4,9.0,9.368178909760312,9.207566742482353,9.343529057532743,9.479100975176546,8.186894275169275,9.01229190826416
2009-05-01,3,infl_yoy,-1.958761003762277,-0.5763244243767063,0.68636582170639,-1.0419434379499926,-2.282962218363492,-1.8162433290264488,0.0558413239944481,-1.378643035888672
2009-05-01,3,unrate,9.5,9.0,10.051193863135923,9.400686988614703,9.406682129267368,9.407779194381384,8.46913934953935,9.394251823425291
2009-05-01,6,infl_yoy,-0.2239682942003384,-0.5763244243767063,1.5902167622833083,-0.7245868800168025,2.4606174107982706,2.0726734285908712,0.0547726245123278,-0.2034265697002411
2009-05-01,6,unrate,10.0,9.0,10.986137068201788,9.25828731774993,9.424966339815915,9.154786291172517,8.537893290043288,9.340448379516602
2009-06-01,1,infl_yoy,-1.2291746182109151,-1.015761495855172,-1.1687255252367512,-1.497306543266134,-1.984602743390524,-1.632313646858468,-0.1376035957566609,-0.8565302491188049
2009-06-01,1,unrate,9.5,9.4,9.786944992174943,9.576101646967984,9.442741860610449,9.54373290545854,8.361425708605122,9.361761093139648
2009-06-01,3,infl_yoy,-1.4838355663267633,-1.015761495855172,-1.1558099654456864,-1.890647287681216,-2.6868380119783604,-2.4866908458794783,-0.3962365302069909,-1.584435224533081
2009-06-01,3,unrate,9.6,9.4,10.555816805727035,9.847977676596532,9.33297778032281,9.440276004315342,8.620230024142524,9.44698715209961
2009-06-01,6,infl_yoy,1.9145871744709275,-1.015761495855172,-1.360554231537125,-1.5986424891231104,3.3538126739174805,2.998520153459462,1.0995116176485649,0.9689010977745056
2009-06-01,6,unrate,9.9,9.4,11.70751300470745,9.802329131916984,9.150878362790303,9.280825627646756,9.030612634587632,9.416999816894531
2009-07-01,1,infl_yoy,-1.958761003762277,-1.2291746182109151,-1.4442997660033203,-1.3765352172529006,-2.7030287103439767,-2.331465659759641,-0.4175352089959112,-1.6499500274658203
2009-07-01,1,unrate,9.5,9.5,9.831888823801073,9.623420725245031,9.52031292559876,9.496494335551608,8.53776673326673,9.437445640563965
2009-07-01,3,infl_yoy,-1.377942862886472,-1.2291746182109151,-1.4457737887116588,-1.3721341496235857,-1.1994628065204354,-1.036475614455671,-0.3049322668490961,-1.156069040298462
2009-07-01,3,unrate,9.8,9.5,10.355629717250588,9.692895550124808,9.446535577929138,9.443975860205963,8.947062529137531,9.594843864440918
2009-07-01,6,infl_yoy,2.8141231232083674,-1.2291746182109151,-1.4956294307294635,-0.7292407947433412,4.090858441666372,4.009536769388771,1.775654815234731,2.295917510986328
2009-07-01,6,unrate,9.9,9.5,11.019153818551388,9.37518635247116,9.048067614231725,9.10062742465989,9.123691999813053,9.157379150390623
2009-08-01,1,infl_yoy,-1.4838355663267633,-1.958761003762277,-2.0990716590615213,-2.2772094208254385,-0.9266791987532712,-0.9756095132487496,-0.5052523735089259,-1.3839898109436035
2009-08-01,1,unrate,9.6,9.5,9.756314987419897,9.601446546671328,9.454928350352777,9.491482222724327,8.647255588855588,9.45091438293457
2009-08-01,3,infl_yoy,-0.2239682942003384,-1.958761003762277,-2.110428109474256,-1.9483268428241485,-0.2556432349546651,-0.1691648655352771,0.8003533623583947,1.4296048879623413
2009-08-01,3,unrate,10.0,9.5,10.097294531679651,9.492416903846175,9.237859726171068,9.374375072294164,9.053514247598809,9.499137878417969
2009-08-01,6,infl_yoy,2.621111388976716,-1.958761003762277,-2.284737720492673,-0.9536003647669596,4.139190871388454,4.047590091701891,2.1644097211137963,2.515030860900879
2009-08-01,6,unrate,9.8,9.5,10.547845567690269,8.902897696456535,8.931387128920004,8.92014226917945,8.882585268897767,9.014095306396484
2009-09-01,1,infl_yoy,-1.377942862886472,-1.4838355663267633,-0.7953038350665793,-0.9994356135401548,-1.5356476072160046,-1.2618658768090794,-0.6687899960930601,-0.9727696180343628
2009-09-01,1,unrate,9.8,9.6,9.734613708092152,9.514805114270557,9.716686137396106,9.69090060688725,8.895843181818186,9.643553733825684
2009-09-01,3,infl_yoy,1.9145871744709275,-1.4838355663267633,0.1400627300039743,-0.6712239613787232,-0.155434099008437,0.3578197271509231,1.441414837939136,1.3200619220733645
2009-09-01,3,unrate,9.9,9.6,9.881724752574176,9.274335343734712,9.320203551060477,9.409147617588768,9.252890806415806,9.486196517944336
2009-09-01,6,infl_yoy,2.151336357866529,-1.4838355663267633,1.1156167311748926,0.4036893007525237,3.721301692975821,3.715189664227053,2.269876312955168,2.3647851943969727
2009-09-01,6,unrate,9.8,9.6,9.9370949326986,8.464231333740264,8.94023598829317,8.913137712075226,8.979308388231996,8.601374626159668
2009-10-01,1,infl_yoy,-0.2239682942003384,-1.377942862886472,-1.0410698071744062,-1.4324759488698136,0.029263364656916,0.3447159165429569,-0.5005186407762673,-0.2610668540000915
2009-10-01,1,unrate,10.0,9.8,9.896889704589682,9.767844060203627,9.764252697088288,9.87001074479582,9.048433270895767,9.205266952514648
2009-10-01,3,infl_yoy,2.8141231232083674,-1.377942862886472,-0.2023506920765686,-0.994109085844228,1.3365150002772326,1.548007132886776,1.8924298856478483,2.123942852020264
2009-10-01,3,unrate,9.9,9.8,10.04807577584032,9.582307294636305,9.466728223438253,9.52156304759544,9.23366477664492,9.098204612731934
2009-10-01,6,infl_yoy,2.2861714393279886,-1.377942862886472,0.632106482929128,-0.2834102703720256,3.824109192411872,3.769460050156868,2.3667588713805365,2.4620907306671143
2009-10-01,6,unrate,9.9,9.8,10.115076729753214,8.95557348550012,9.229960431476483,9.148080770423492,9.2112267242948,9.292987823486328
2009-11-01,1,infl_yoy,1.9145871744709275,-0.2239682942003384,0.4633820945645909,0.3046304739781034,2.4927328981111394,2.404255474737453,1.176673062808377,1.0922603607177734
2009-11-01,1,unrate,9.9,10.0,10.09928576507266,9.891818320239226,9.731719323823814,9.783275274456656,9.216259387834388,9.05553913116455
2009-11-01,3,infl_yoy,2.621111388976716,-0.2239682942003384,1.0561857872137577,0.4662922054656557,1.824271332064971,1.9817910633502247,2.3626412884922723,2.3968698978424072
2009-11-01,3,unrate,9.8,10.0,10.270698828734956,9.6756897716352,9.482234855969004,9.41731232837213,9.14199954073704,8.553736686706543
2009-11-01,6,infl_yoy,2.2067707525304403,-0.2239682942003384,1.7430413131420277,0.9896522914554328,3.706870930320457,3.6994766792811102,2.343567296315914,2.26841139793396
2009-11-01,6,unrate,9.9,10.0,10.374041287491677,9.099301211244002,9.473099158844438,9.28678038669194,8.954734016018381,9.09665870666504
2009-12-01,1,infl_yoy,2.8141231232083674,1.9145871744709275,3.0195629540724163,2.847380530431246,2.529480427224883,2.931324258883432,2.8786973697866656,2.888103008270264
2009-12-01,1,unrate,9.9,9.9,9.982556102539116,9.811890749662338,9.65803693909026,9.803695815310435,9.39074027949175,9.39678192138672
2009-12-01,3,infl_yoy,2.151336357866529,1.9145871744709275,2.6115164861671416,2.6495860166695406,2.6241068706960635,2.680110031386843,3.1459561217869747,2.579452514648437
2009-12-01,3,unrate,9.8,9.9,10.00669737499272,9.379443878586684,9.61490250862908,9.567783697677386,9.32918177810322,8.87070083618164
2009-12-01,6,infl_yoy,2.003548929218568,1.9145871744709275,2.6505565684432497,2.924284537363804,3.0888180264194425,3.414202219756993,2.894632274543775,2.8139431476593018
2009-12-01,6,unrate,9.6,9.9,9.889820725864348,8.64750666244693,9.533305839527712,9.262744744277615,9.047933994823548,8.95967960357666
2010-01-01,1,infl_yoy,2.621111388976716,2.8141231232083674,2.2272624645000216,2.691109088476617,2.393653268398676,2.3302336667592893,2.723299365709078,2.6820218563079834
2010-01-01,1,unrate,9.8,9.9,9.917290122988538,9.720820901396838,9.563737953420103,9.6577138150547,9.345338127889484,9.559134483337402
2010-01-01,3,infl_yoy,2.2861714393279886,2.8141231232083674,2.4223553724619458,2.62374449957775,2.40545750833442,2.544034822212552,2.8541488695038004,2.561001777648926
2010-01-01,3,unrate,9.9,9.9,9.855527270764735,9.297675423719545,9.64378290237302,9.51834857539956,9.409884905681697,9.539353370666504
2010-01-01,6,infl_yoy,1.1215605940686268,2.8141231232083674,2.269713016843374,3.053343212270347,2.7786812221229327,2.9298803167057943,2.724846914060019,2.4313085079193115
2010-01-01,6,unrate,9.4,9.9,9.61446935781157,8.67138955778635,9.251787505704268,9.040728482978665,8.650272658060892,8.31125545501709
2010-02-01,1,infl_yoy,2.151336357866529,2.621111388976716,2.9377137278281547,2.4621167148662573,2.163936467939904,2.188603643961347,2.280774325585594,2.2993123531341557
2010-02-01,1,unrate,9.8,9.8,9.774223771615416,9.594752238559114,9.653837959180263,9.7160076826742,9.42691349135471,9.62313747406006
2010-02-01,3,infl_yoy,2.2067707525304403,2.621111388976716,2.7768939224754345,2.510190904254247,2.6689041139572853,2.751358605316389,2.5322796651622776,2.5684733390808105
2010-02-01,3,unrate,9.9,9.8,9.615030997138389,9.181261638342995,9.764371364947296,9.595407051099276,9.582307881145342,9.610071182250977
2010-02-01,6,infl_yoy,1.3407784804821077,2.621111388976716,2.893356483271797,3.2199236706924927,2.163076364331544,2.3996847344995094,2.5581613351794483,2.131418228149414
2010-02-01,6,unrate,9.4,9.8,9.238512767465284,8.694352202525732,9.340830282499116,9.19280772860915,8.616043286615346,8.858848571777344
2010-03-01,1,infl_yoy,2.2861714393279886,2.151336357866529,1.786413022644558,2.0062946560352466,2.3197888317395567,2.363221782951264,2.28670691283971,2.323391914367676
2010-03-01,1,unrate,9.9,9.8,9.73186751520595,9.65010821713354,9.745575344606795,9.719448155935757,9.59381926839071,9.66519832611084
2010-03-01,3,infl_yoy,2.003548929218568,2.151336357866529,1.9246584358678256,2.062263654119296,2.860281147126809,2.827068864666036,2.569169647982278,2.916105031967163
2010-03-01,3,unrate,9.6,9.8,9.54818552173968,9.387128907830265,9.769757327464674,9.536723458793386,9.566430759595576,9.286603927612305
2010-03-01,6,infl_yoy,1.1501775395112546,2.151336357866529,1.679185512572319,2.903051399190236,2.579769817916417,2.8835865266431093,2.314527532217218,2.417715072631836
2010-03-01,6,unrate,9.5,9.8,9.14541822079187,9.059715048268062,9.363482649982648,9.175113997278745,8.704935236504127,9.137330055236816
2010-04-01,1,infl_yoy,2.2067707525304403,2.2861714393279886,2.437556431074717,2.407894032620977,2.439117281198302,2.37079028872937,2.281623038590256,2.4083683490753174
2010-04-01,1,unrate,9.9,9.9,9.890562446622347,9.747017466891418,9.729848703450015,9.745279184637663,9.636158301824592,9.75472927093506
2010-04-01,3,infl_yoy,1.1215605940686268,2.2861714393279886,2.490572636562985,2.4470647015816254,2.5839026250687063,2.494371083572722,2.2119782258181013,2.235757827758789
2010-04-01,3,unrate,9.4,9.9,9.919882168964632,9.66923886835409,9.564768875275403,9.396950190242224,9.44858119374176,9.201131820678713
2010-04-01,6,infl_yoy,1.1183122472331777,2.2861714393279886,2.543028924779783,2.8609481442680647,2.535611442195215,2.5389922637005435,2.3485475363517607,2.133108615875244
2010-04-01,6,unrate,9.5,9.9,9.96206466501128,9.484206055816372,8.984907177621913,8.950416523871981,8.624727554851935,8.621533393859863
2010-05-01,1,infl_yoy,2.003548929218568,2.2067707525304403,2.2134803706419675,2.0757001342757277,2.0809197212070942,2.002265815071301,2.2266461784063427,1.961470365524292
2010-05-01,1,unrate,9.6,9.9,9.83993151741534,9.889145774966211,9.434578574300646,9.425208643016756,9.606688953611746,9.63951587677002
2010-05-01,3,infl_yoy,1.3407784804821077,2.2067707525304403,2.2984082718568244,2.312804864520284,2.398810293238736,2.384324341597084,2.207846207958995,1.987245321273804
2010-05-01,3,unrate,9.4,9.9,9.6974934271107,9.875348414314985,9.043243786696952,8.888707247280959,9.359017766401127,8.957902908325195
2010-05-01,6,infl_yoy,1.1666951489314623,2.2067707525304403,2.378171231788041,2.5419423885476373,1.3739918086680911,1.250454770944484,2.3266245480616323,2.0425875186920166
2010-05-01,6,unrate,9.4,9.9,9.365096382656631,9.797163905979875,8.367993244081589,8.45243513723408,8.683943953986335,8.45246696472168
2010-06-01,1,infl_yoy,1.1215605940686268,2.003548929218568,1.8661052091595327,2.059231135544304,1.578370764498345,1.4960709066899145,1.7237600961620594,1.6903470754623413
2010-06-01,1,unrate,9.4,9.6,9.53005408647488,9.577286229689763,9.401738583346338,9.323051569204406,9.492915849999674,9.32606315612793
2010-06-01,3,infl_yoy,1.1501775395112546,2.003548929218568,2.0752454356240646,2.497039440456913,2.57363412097424,2.599630587933119,2.232757039103983,2.1549575328826904
2010-06-01,3,unrate,9.5,9.6,9.24544633108868,9.41288824233613,9.171498861300726,9.067865660651307,9.406715861237146,9.300311088562012
2010-06-01,6,infl_yoy,1.084544776600338,2.003548929218568,2.27640436371171,3.07887263313828,0.8493760049266881,0.4987580929617166,2.2254489825327517,1.6606863737106323
2010-06-01,6,unrate,9.8,9.6,8.709620910405013,9.109628839541848,8.647627212278575,8.689719092772599,8.571771285517029,8.588809967041016
2010-07-01,1,infl_yoy,1.3407784804821077,1.1215605940686268,1.2941528621015743,0.9718900170185178,1.9703556576436545,1.7793854964775475,1.6505167400866163,1.5495277643203735
2010-07-01,1,unrate,9.4,9.4,9.258758208510658,9.349185204546076,9.376285416123004,9.339807084288852,9.448979187728336,9.325450897216797
2010-07-01,3,infl_yoy,1.1183122472331777,1.1215605940686268,1.203746116835014,1.7935702250498553,2.5111661718123903,2.4450038179925,2.1525877765447827,2.149625062942505
2010-07-01,3,unrate,9.5,9.4,8.883066775187363,9.12156818182333,9.297777147453704,9.267676809589226,9.399926567507144,9.523378372192385
2010-07-01,6,infl_yoy,1.437793022217937,1.1215605940686268,1.1276813569538084,2.782416794831088,0.5783721729899274,0.4903298134771758,2.182572293028662,1.6313518285751345
2010-07-01,6,unrate,9.3,9.4,8.219802238667118,8.674009223050305,8.976081374654619,9.080861790772898,8.774959823020117,8.621079444885254
2010-08-01,1,infl_yoy,1.1501775395112546,1.3407784804821077,1.2022116802574896,1.8653656168437056,1.5544164244205851,1.2685852009422096,1.1505230555286452,1.030127763748169
2010-08-01,1,unrate,9.5,9.4,9.225229093659992,9.264380176393963,9.629530589234127,9.494360552485004,9.404617150578185,9.432398796081545
2010-08-01,3,infl_yoy,1.1666951489314623,1.3407784804821077,1.2080313133274367,2.5081620642502376,1.8266325303425508,1.558165049827398,1.9787077724639293,2.0701494216918945
2010-08-01,3,unrate,9.4,9.4,8.884421320392857,9.010090999891936,9.148600619501163,9.275800565575643,9.40851559033072,9.324485778808594
2010-08-01,6,infl_yoy,1.7007834915029774,1.3407784804821077,1.1712956619895751,3.097460054966726,0.5041698893175424,0.6721099893249203,2.129245295454373,1.739757061004639
2010-08-01,6,unrate,9.1,9.4,8.282972176148233,8.584844893310615,8.837659245998355,9.04750766546478,8.976320006056033,8.821857452392578
2010-09-01,1,infl_yoy,1.1183122472331777,1.1501775395112546,1.1911588739233463,1.238930536068363,1.7219122820037085,1.667317767418935,1.293662058692567,1.3772573471069336
2010-09-01,1,unrate,9.5,9.5,9.346994006006266,9.43763884243539,9.541267459840228,9.435764902328511,9.350697888957452,9.42543888092041
2010-09-01,3,infl_yoy,1.084544776600338,1.1501775395112546,1.1407347012399942,1.9626249391872048,1.6631006750514246,1.529443245836536,1.8579714335398767,1.6940666437149048
2010-09-01,3,unrate,9.8,9.5,9.101417378281704,9.291709000785204,9.28068117533542,9.363545367728722,9.529568975357288,9.301552772521973
2010-09-01,6,infl_yoy,2.124898173333145,1.1501775395112546,1.083186347865295,2.313922012283055,0.6531319258147419,0.9431144955216672,2.0802353856827422,1.7116506099700928
2010-09-01,6,unrate,9.0,9.5,8.647591595086967,9.016789495783136,8.892706992818066,8.949285088631306,8.753275862862626,8.985638618469238
2010-10-01,1,infl_yoy,1.1666951489314623,1.1183122472331777,1.0151042143154605,1.3843166990146796,1.349333571400891,1.3204205296472684,1.298240961650889,1.231113076210022
2010-10-01,1,unrate,9.4,9.5,9.391488579865582,9.398718840809853,9.146764230619148,9.254010625637193,9.402186351930668,9.420015335083008
2010-10-01,3,infl_yoy,1.437793022217937,1.1183122472331777,1.0124666157892892,1.949075767507283,1.116901307078403,1.0560536870484336,1.859022820495082,1.4783262014389038
2010-10-01,3,unrate,9.3,9.5,9.193599550136703,9.297761749543607,9.150857190712324,9.174169804018792,9.4886233058694,9.2584228515625
2010-10-01,6,infl_yoy,2.619241510354109,1.1183122472331777,0.9534010538642588,2.2705374291996465,1.0463663791849651,1.2341691338742682,2.182470839831692,2.1587486267089844
2010-10-01,6,unrate,9.0,9.5,8.81796085265243,9.049983469036505,8.718816440362865,8.806314121795946,8.67877288278457,8.678983688354492
2010-11-01,1,infl_yoy,1.084544776600338,1.1666951489314623,1.2700200896680625,1.4910414877116835,0.856780348282878,1.0898553119655117,1.031753194906176,1.0539255142211914
2010-11-01,1,unrate,9.8,9.4,9.30698046166614,9.380867358168516,9.495712781103698,9.606081942328856,9.487292715196746,9.610237121582031
2010-11-01,3,infl_yoy,1.7007834915029774,1.1666951489314623,1.1905902057817148,1.7908067958996527,0.8854966266940565,1.0576957057449363,1.9052815307896895,1.679141879081726
2010-11-01,3,unrate,9.1,9.4,9.089786353515894,9.25331032173718,9.310881212677348,9.46163278558349,9.47572689883216,9.32747745513916
2010-11-01,6,infl_yoy,3.0772344447868694,1.1666951489314623,1.1737066105096765,2.199248846056682,1.138726577500811,1.5702113068140142,2.243825495714377,2.434652328491211
2010-11-01,6,unrate,9.1,9.4,8.69142642681152,8.980920747715109,9.022115730665758,9.287496528743004,8.969076541269187,9.029989242553713
2010-12-01,1,infl_yoy,1.437793022217937,1.084544776600338,0.9480209487820164,1.0966634326996867,1.5756065430239068,1.6391577265643995,1.4354806183482165,1.2228703498840332
2010-12-01,1,unrate,9.3,9.8,9.781876957377646,9.745026100914249,9.349473939779834,9.290879516733934,9.531238599992204,9.490866661071776
2010-12-01,3,infl_yoy,2.124898173333145,1.084544776600338,0.9659334220517896,1.2688158238436826,1.6583190303578117,1.761884834378198,1.8521022644469645,1.9971773624420168
2010-12-01,3,unrate,9.0,9.8,9.91742292277711,9.825840178503531,9.118635773534551,9.12678069704542,9.40898219313366,9.284698486328123
2010-12-01,6,infl_yoy,3.4589718808965,1.084544776600338,0.8637475109688297,1.404408426624882,2.1994589465251924,2.1964589498897014,2.430945199266556,2.499354839324951
2010-12-01,6,unrate,9.0,9.8,10.084113960223988,9.78295582413115,8.809284369742816,8.838227619779266,8.748549397171457,9.026581764221191
2011-01-01,1,infl_yoy,1.7007834915029774,1.437793022217937,1.6813939264226598,1.66996683660264,1.6351653838634976,1.7740739799101224,1.5188837680730742,1.581791877746582
2011-01-01,1,unrate,9.1,9.3,9.296414609467323,9.333696061957076,9.154250315317343,9.107433456009296,9.446750340019458,9.378965377807615
2011-01-01,3,infl_yoy,2.619241510354109,1.437793022217937,1.5403815350306247,1.9115944193013676,1.989322105110365,1.8284643513540424,2.1612369517033234,2.3188929557800293
2011-01-01,3,unrate,9.0,9.3,9.08504457271119,9.108396726714307,9.070349287545636,9.057833425094543,9.304612054612056,9.332221031188965
2011-01-01,6,infl_yoy,3.502318150636041,1.437793022217937,1.6020789127145292,2.353466932005828,2.41366322238909,2.105917792804931,2.5940593283525626,2.932658433914185
2011-01-01,6,unrate,9.1,9.3,8.706735274214235,8.835049576431869,8.797154917409191,8.797266165643478,9.10158121331283,9.282212257385254
2011-02-01,1,infl_yoy,2.124898173333145,1.7007834915029774,1.7265766911092193,1.8189151669306591,2.178556824824428,2.145350227024497,2.156052936710551,2.105453491210937
2011-02-01,1,unrate,9.0,9.1,8.99175380094116,9.06612170303533,9.099888317974385,8.949086078431565,9.43846175376911,9.170038223266602
2011-02-01,3,infl_yoy,3.0772344447868694,1.7007834915029774,1.7033444777630475,2.1837580408867856,1.7529089244288212,1.7176937737104572,2.2474164796359144,2.2784230709075928
2011-02-01,3,unrate,9.1,9.1,8.677215769233058,8.777820634695678,8.915809839139001,8.89718141282014,9.302293983222656,9.337140083312988
2011-02-01,6,infl_yoy,3.5798809769996165,1.7007834915029774,1.5874473231606172,2.7800739385107907,2.19354529185963,2.082688733838963,2.7189449526965306,3.025108575820923
2011-02-01,6,unrate,9.0,9.1,8.152846708520743,8.293699855203203,8.610305345047134,8.666604366484448,8.863945036989158,8.804621696472168
2011-03-01,1,infl_yoy,2.619241510354109,2.124898173333145,2.190579585724572,2.4137710791448965,2.677286129403835,2.6259602333927305,2.623030032247354,2.463698387145996
2011-03-01,1,unrate,9.0,9.0,8.845538477584926,8.766445435106844,9.002541826537488,8.9496286378348,9.33592403015801,9.22849178314209
2011-03-01,3,infl_yoy,3.4589718808965,2.124898173333145,2.1173803602927994,2.8047773076835143,2.59977099996867,2.4557134625832826,2.8094316506731865,3.081741571426392
2011-03-01,3,unrate,9.0,9.0,8.516296928303591,8.450931068722694,8.863862733571255,8.831308071047841,9.318070511841103,8.98185920715332
2011-03-01,6,infl_yoy,3.75499603070808,2.124898173333145,2.180140097490608,3.173976479011981,2.730803759688269,2.6017178180485354,3.142572207584225,3.377854585647583
2011-03-01,6,unrate,9.0,9.0,7.975191581106174,7.964875472525323,8.569237001031432,8.526574588441346,8.639899540655422,8.709345817565918
2011-04-01,1,infl_yoy,3.0772344447868694,2.619241510354109,2.964298879369943,2.832096817188667,3.19466729005628,3.1012424904692706,3.058274536380944,3.038710594177246
2011-04-01,1,unrate,9.1,9.0,8.841520177106489,8.91659017376741,8.963482735844694,8.924224131514642,9.230457122139123,9.079230308532717
2011-04-01,3,infl_yoy,3.502318150636041,2.619241510354109,2.828367178653384,3.05837070154352,3.2660412072164338,2.8135433776213468,3.031188076031484,3.197052240371704
2011-04-01,3,unrate,9.1,9.0,8.562660098848086,8.59869385962756,8.880883189718027,8.84633718725193,9.226715111195997,8.741677284240723
2011-04-01,6,infl_yoy,3.812621692818685,2.619241510354109,2.7974872706555987,3.025212570001804,2.69464079798371,2.70258496704239,3.373296817624213,3.3873119354248047
2011-04-01,6,unrate,9.0,9.0,8.102402899681865,8.279184282848371,8.561695242580962,8.632035528968713,8.532509246064393,8.046420097351074
2011-05-01,1,infl_yoy,3.4589718808965,3.0772344447868694,2.9304249945832423,3.3161205188046523,3.517821136698592,3.306867747983007,3.2356959400992644,3.1922852993011475
2011-05-01,1,unrate,9.0,9.1,8.966780942861936,8.893040505998103,8.838603894699038,8.879811456173547,9.150734160855484,9.062191009521484
2011-05-01,3,infl_yoy,3.5798809769996165,3.0772344447868694,2.9598009453362297,3.1790493809669487,2.9762999977361257,2.597436360809277,3.2363015366964687,3.463209629058838
2011-05-01,3,unrate,9.0,9.1,8.77542548748169,8.72059003638444,8.734155474994738,8.768030133035168,9.189096887997628,8.899352073669434
2011-05-01,6,infl_yoy,3.5222681306640524,3.0772344447868694,2.933169866295656,2.946250775451104,2.2095924205240074,2.3300514335700617,3.26245040289036,3.1927313804626465
2011-05-01,6,unrate,8.8,9.1,8.441243541539793,8.504535097242137,8.672624202990956,8.689124314060725,8.456097924813031,8.506345748901367
2011-06-01,1,infl_yoy,3.502318150636041,3.4589718808965,3.823746072452678,3.50207652672686,3.2215572747052548,3.2133329500928243,3.239183545709001,3.293107271194458
2011-06-01,1,unrate,9.1,9.0,8.908764491423067,8.913226378584302,8.962863152347262,9.004477664583327,9.062444064024213,9.035687446594238
2011-06-01,3,infl_yoy,3.75499603070808,3.4589718808965,3.668944689481614,3.143551530723536,2.3974273556335173,2.379080570715157,3.473696544270976,3.463150978088379
2011-06-01,3,unrate,9.0,9.0,8.717489133222536,8.779635105820912,8.86836758464411,8.879608802800906,9.121200434287935,8.679986000061035
2011-06-01,6,infl_yoy,3.451432214581729,3.4589718808965,3.733706014253381,2.868764335701783,2.069685360728125,2.2173636375673635,3.224763518087181,2.822709798812866
2011-06-01,6,unrate,8.6,9.0,8.387208265524036,8.663625500163523,8.673676353105428,8.80021538506221,8.408185032219238,8.366167068481445
2011-07-01,1,infl_yoy,3.5798809769996165,3.502318150636041,3.245606808900361,3.332870505492888,3.1510702784049625,3.266753736569891,3.3724515603474843,3.6565256118774414
2011-07-01,1,unrate,9.0,9.1,9.012452910175815,9.042148659468712,8.956071012194164,8.967275775560648,9.055052526640033,8.915104866027832
2011-07-01,3,infl_yoy,3.812621692818685,3.502318150636041,3.343229903586036,2.87660708991143,2.3910138307647064,2.7153333371055086,3.530524029978695,3.6564457416534415
2011-07-01,3,unrate,9.0,9.1,8.889950410050728,9.020610562444942,8.894170968726545,8.948499491692438,9.16102863011172,8.839007377624512
2011-07-01,6,infl_yoy,3.062066838419386,3.502318150636041,3.208405750859386,2.56629878114744,2.0441968521333265,2.165880625475651,2.744747661229496,2.7171216011047363
2011-07-01,6,unrate,8.5,9.1,8.658374565888275,9.013597219497012,8.710321410462752,8.709512595280444,8.664817364004247,8.452329635620117
2011-08-01,1,infl_yoy,3.75499603070808,3.5798809769996165,3.7136747810944586,3.442222346300991,3.4492857744755945,3.594037019624836,3.535236509992811,3.7065093517303462
2011-08-01,1,unrate,9.0,9.0,8.940898429954661,8.95936989056258,9.017034621533108,9.025992880151156,8.999039763706364,8.663771629333496
2011-08-01,3,infl_yoy,3.5222681306640524,3.5798809769996165,3.6231871529451816,3.0041418537182603,2.4690506925154976,2.736704932835102,3.543961183530634,3.450148105621338
2011-08-01,3,unrate,8.8,9.0,8.79726900780067,8.90965889154094,9.069683619052588,9.021599105207072,9.061982377344878,8.365958213806152
2011-08-01,6,infl_yoy,3.0087663379855023,3.5798809769996165,3.735596080689584,2.756795689065761,2.2618417057103883,2.517803794120551,1.115982122020075,2.040047645568848
2011-08-01,6,unrate,8.3,9.0,8.53897755923553,8.916085733866227,8.712423849297654,8.622296643584932,8.537278201425334,8.714566230773926
2011-09-01,1,infl_yoy,3.812621692818685,3.75499603070808,3.900312338695404,3.626587002267249,3.725960448369856,3.663541684057437,3.620867878141061,3.964838981628418
2011-09-01,1,unrate,9.0,9.0,8.932529308519864,8.998703251426232,8.962166780717435,8.935955307869916,9.007194212443906,8.717185974121094
2011-09-01,3,infl_yoy,3.451432214581729,3.75499603070808,3.862202426512887,3.173621591035928,2.5751350249258977,2.5880212890760284,3.494052845224768,3.37768816947937
2011-09-01,3,unrate,8.6,9.0,8.800247088004145,8.967983574526102,8.815798306705318,8.768325363358128,8.971572526493114,8.497614860534668
2011-09-01,6,infl_yoy,2.898178442347388,3.75499603070808,3.769211736570186,2.835004667016161,2.284995807088633,2.2530957332765045,0.2379254663983275,2.1533091068267822
2011-09-01,6,unrate,8.3,9.0,8.559763685009324,8.986496009366785,8.335226867553267,8.389036456317285,8.76518561225496,8.514959335327148
2011-10-01,1,infl_yoy,3.5222681306640524,3.812621692818685,3.5484290721814857,3.641669704116638,3.3525516279741976,3.486363634827567,3.65212849703597,3.784839391708374
2011-10-01,1,unrate,8.8,9.0,8.938085014621972,8.948629938380762,8.713350426277,8.775450793606556,8.957182360905351,8.354047775268555
2011-10-01,3,infl_yoy,3.062066838419386,3.812621692818685,3.6159132157449503,3.255854922552299,3.1717160505314164,3.1042963473839595,3.3973028153285854,3.467273235321045
2011-10-01,3,unrate,8.5,9.0,8.8206489893245,8.95192421976697,8.388741612760287,8.474845475052854,8.903744672944013,8.077502250671387
2011-10-01,6,infl_yoy,2.5828752813320977,3.812621692818685,3.626250428486889,2.8839532499136014,3.3291104521102244,2.866144266117688,0.9886961747750348,2.319350004196167
2011-10-01,6,unrate,8.2,9.0,8.602453597911397,8.985219268355575,7.85389958980112,7.979411443945169,8.646651329797653,8.233586311340332
2011-11-01,1,infl_yoy,3.451432214581729,3.5222681306640524,3.690499735361912,3.24104523142572,3.5218987433402957,3.416080755054478,3.603329022103743,3.717860460281372
2011-11-01,1,unrate,8.6,8.8,8.743227299101815,8.81492634672612,8.516827345794695,8.554366294480378,8.897210872426506,8.111411094665527
2011-11-01,3,infl_yoy,3.0087663379855023,3.5222681306640524,3.6224524763294497,3.088821487136679,3.3442512325501865,3.146443478437459,3.3794152606746097,3.368415355682373
2011-11-01,3,unrate,8.3,8.8,8.560467629241272,8.750163521490459,8.128954883253401,8.337981637757744,8.467396779171125,8.017786979675293
2011-11-01,6,infl_yoy,2.2731633741348567,3.5222681306640524,3.598868033181461,2.960844920164539,3.746556083288509,3.3490010891183637,1.5883706496949086,2.3955256938934326
2011-11-01,6,unrate,8.2,8.8,8.256702214407987,8.729571667115707,7.882614156796321,8.06252929846479,8.328631312070282,8.259185791015625
2011-12-01,1,infl_yoy,3.062066838419386,3.451432214581729,3.2065516281882487,3.440063174511687,2.819276966971681,2.8322973131015554,3.2058575663220306,3.1856689453125
2011-12-01,1,unrate,8.5,8.6,8.510544231313563,8.550287072113655,8.294632132149351,8.419362495168112,8.771161958547987,8.240063667297363
2011-12-01,3,infl_yoy,2.898178442347388,3.451432214581729,3.282169963647544,3.3566690777987738,2.989460705904587,2.660757641127951,2.6778620831437303,2.7917280197143555
2011-12-01,3,unrate,8.3,8.6,8.265851432190818,8.417848902996823,7.994571801756269,8.236875085585028,8.36197220834721,7.588165760040283
2011-12-01,6,infl_yoy,1.7379429374660749,3.451432214581729,3.221922735949827,3.3712901415935885,3.966741315661036,3.721353956346421,2.103609825252425,2.3286702632904053
2011-12-01,6,unrate,8.2,8.6,7.881487544242129,8.277591471355086,7.773162513805095,7.921836282738781,8.347646253299505,7.988137245178223
2012-01-01,1,infl_yoy,3.0087663379855023,3.062066838419386,3.044770025418491,2.87608763671246,2.8714230395142017,2.8030519618519625,2.9791564246234583,2.8523802757263184
2012-01-01,1,unrate,8.3,8.5,8.379016385978002,8.437487939951444,8.094424248037855,8.23535322230866,8.45207832078053,8.15113353729248
2012-01-01,3,infl_yoy,2.5828752813320977,3.062066838419386,3.027587152501156,3.037310382159205,2.6679454340763966,2.344955992936145,2.636509117146483,2.7056963443756104
2012-01-01,3,unrate,8.2,8.5,8.124942872092312,8.322597949262608,7.876370583852112,8.003715817433584,8.106228335553334,8.170446395874023
2012-01-01,6,infl_yoy,1.653870448297634,3.062066838419386,3.020366724828416,3.1388946034249816,3.329350387046435,3.3381785369886856,2.5627549463418258,2.476059675216675
2012-01-01,6,unrate,8.2,8.5,7.730909676282822,8.177120419683934,7.608820143239708,7.656592262563105,8.269050040525352,8.228667259216309
2012-02-01,1,infl_yoy,2.898178442347388,3.0087663379855023,3.012431786562164,3.0827766751751784,3.1008109232417453,2.9844117751418144,2.824842514549185,2.919398307800293
2012-02-01,1,unrate,8.3,8.3,8.173454506407591,8.222395803872198,8.202641245834352,8.215907488378908,8.316207168403492,8.279008865356445
2012-02-01,3,infl_yoy,2.2731633741348567,3.0087663379855023,2.9958617487375503,3.325523739839109,3.2131455670385343,3.144183372062807,2.7388359946291576,2.709573268890381
2012-02-01,3,unrate,8.2,8.3,7.8854970683211265,8.04184466357163,8.021314059823228,8.018714092805743,8.343217930680431,8.30845832824707
2012-02-01,6,infl_yoy,1.4175114798464783,3.0087663379855023,2.9566241685461367,3.4084269433051464,2.688174436454554,2.7661918461740598,2.883844362944747,2.2210071086883545
2012-02-01,6,unrate,8.2,8.3,7.448598470317894,7.8481070183074335,7.52516833048329,7.638764659255661,8.328151119713619,8.23058795928955
2012-03-01,1,infl_yoy,2.5828752813320977,2.898178442347388,2.795440264612276,2.9759685347517024,2.613809014641834,2.664191414124728,2.576572683735116,2.555170774459839
2012-03-01,1,unrate,8.2,8.3,8.156527079196934,8.23290937938618,8.029177628882334,8.099699525291848,8.15175029349735,8.243261337280273
2012-03-01,3,infl_yoy,1.7379429374660749,2.898178442347388,2.8112472773793438,3.1553109280133573,3.468525317895196,3.452995560803682,2.8630045813935503,2.5339365005493164
2012-03-01,3,unrate,8.2,8.3,7.912663364543821,8.120034132658937,7.834390353424344,7.95296203853228,7.933587144718026,8.204310417175293
2012-03-01,6,infl_yoy,1.6859349154821237,2.898178442347388,2.776664365735894,3.1219756674427392,2.8088018790688425,2.816347544310181,2.738933113045326,2.3401131629943848
2012-03-01,6,unrate,8.1,8.3,7.539336304110468,7.963991536506458,7.523609847213368,7.651029981386882,8.362350380175378,8.328797340393066
2012-04-01,1,infl_yoy,2.2731633741348567,2.5828752813320977,2.494379966848033,2.5326986557906355,2.5408754244591307,2.490460651161581,2.082720626404575,2.386028289794922
2012-04-01,1,unrate,8.2,8.2,8.079241683076777,8.115102385752563,8.109753976021103,8.135127060779233,8.10703811898885,8.13085651397705
2012-04-01,3,infl_yoy,1.653870448297634,2.5828752813320977,2.505688636800899,2.7950428375983494,2.903693812995113,2.9400255786724,2.296543109281881,2.3000173568725586
2012-04-01,3,unrate,8.2,8.2,7.8480519486132625,8.022535042312729,7.976278389561764,8.033981168960477,7.818883728363144,7.4626665115356445
2012-04-01,6,infl_yoy,1.9497168982819613,2.5828752813320977,2.4553514162941563,2.895302012677272,2.5636474852298616,2.7587664948148483,2.40103758438196,2.333533763885498
2012-04-01,6,unrate,7.8,8.2,7.494434162623703,7.887034276218644,7.64156834769871,7.644651714805192,8.083006507746639,8.04039192199707
2012-05-01,1,infl_yoy,1.7379429374660749,2.2731633741348567,2.151246093072686,2.310578515759305,1.356530957747922,1.4735035565196215,1.7481818142418757,1.6714756488800049
2012-05-01,1,unrate,8.2,8.2,8.085922573837955,8.18209350767206,8.07643408325241,8.136472701207323,7.949449350460338,7.958456039428711
2012-05-01,3,infl_yoy,1.4175114798464783,2.2731633741348567,2.1697274565774616,2.505572667728696,1.3870461868652513,1.6422842382091605,1.9573262713308857,1.636075139045715
2012-05-01,3,unrate,8.2,8.2,7.897464116122847,8.123069143146536,8.068259162539993,8.03911232960797,7.707412799455447,8.211125373840332
2012-05-01,6,infl_yoy,2.1556780595369363,2.2731633741348567,2.121743888033296,2.6209688811603256,1.24621140259509,1.5655964244947496,2.140822859510734,2.00496768951416
2012-05-01,6,unrate,7.8,8.2,7.603963642496962,8.032710575748064,7.702747648517914,7.657873786600281,7.729229803400873,7.832952976226807
2012-06-01,1,infl_yoy,1.653870448297634,1.7379429374660749,1.5333457546186606,1.6622328473479056,1.6993385284785112,1.8117946171464965,1.5291971152782435,1.6021714210510254
2012-06-01,1,unrate,8.2,8.2,8.107367863635714,8.16127230397062,8.117359148925612,8.162015300393803,7.885991962939019,7.884477138519287
2012-06-01,3,infl_yoy,1.6859349154821237,1.7379429374660749,1.580738086829397,1.9520947833183324,1.3095975942122289,1.6417617856390692,1.7834861445203003,1.5513932704925537
2012-06-01,3,unrate,8.1,8.2,7.956781528717264,8.1530520253207,8.042852185633375,8.012139314985323,7.895974538791105,8.313043594360352
2012-06-01,6,infl_yoy,1.7960197033926262,1.7379429374660749,1.4973199935399986,2.275379037708487,1.436013586584696,1.5940733532890174,2.057024211638834,1.8181771039962769
2012-06-01,6,unrate,7.7,8.2,7.714860867547397,8.07642797481012,7.659139840625736,7.62841207810065,7.557571129574728,8.071394920349121
2012-07-01,1,infl_yoy,1.4175114798464783,1.653870448297634,1.745595438093842,1.7835475697614998,1.2856183092996396,1.447823357606437,1.5743192250586822,1.4085047245025637
2012-07-01,1,unrate,8.2,8.2,8.127915133490994,8.201337910870006,8.143997568944267,8.146931876036675,8.023606408460823,8.263382911682129
2012-07-01,3,infl_yoy,1.9497168982819613,1.653870448297634,1.6710857542618225,2.015929234502256,1.189468987193345,1.6038268074222015,1.810138803136816,1.5022801160812378
2012-07-01,3,unrate,7.8,8.2,8.00861571128358,8.183375103887467,7.929538512735014,7.925499979255129,7.890788427095784,8.10582447052002
2012-07-01,6,infl_yoy,1.7595049796895523,1.653870448297634,1.6849363874676,2.279500023404255,1.8716954928266485,1.9450551881559972,2.0422384929228365,2.1334776878356934
2012-07-01,6,unrate,7.9,8.2,7.809879617660672,8.107378689979628,7.64333774955849,7.615802060940673,7.418811641179404,7.736125469207764
2012-08-01,1,infl_yoy,1.6859349154821237,1.4175114798464783,1.2461711236211546,1.4279754218136818,1.9666197039652085,2.0518120218385447,1.597614586902163,1.6245195865631104
2012-08-01,1,unrate,8.1,8.2,8.142191441638962,8.20500358241548,8.036542243879174,8.043961223413227,8.070361208072974,8.054586410522461
2012-08-01,3,infl_yoy,2.1556780595369363,1.4175114798464783,1.2907135205435116,1.760188835726176,1.9826879495491136,2.0798875071094542,1.9106986948047524,2.157499074935913
2012-08-01,3,unrate,7.8,8.2,8.043083490805268,8.201966872465656,7.810147988543961,7.8638337144982735,8.806769797728933,8.442638397216797
2012-08-01,6,infl_yoy,1.684061762098299,1.4175114798464783,1.162423398769286,2.116264710492888,2.557534986669089,2.602397707735192,2.022134334936236,2.126584768295288
2012-08-01,6,unrate,8.0,8.2,7.870910107433489,8.097245154943588,7.565437438235792,7.533050018304743,8.216373697191152,8.109481811523438
2012-09-01,1,infl_yoy,1.9497168982819613,1.6859349154821237,1.8677277399698955,1.924265830938348,1.8263114785920551,1.9691136903463224,2.1151179270886886,2.0682625770568848
2012-09-01,1,unrate,7.8,8.1,8.051488855389021,8.082302728184047,7.744559193549394,7.781709340567595,8.082936895736703,8.13747501373291
2012-09-01,3,infl_yoy,1.7960197033926262,1.6859349154821237,1.746302902391324,2.2086797180499818,1.7771386342608062,1.7939444499276176,2.012719684021418,2.182178020477295
2012-09-01,3,unrate,7.7,8.1,7.9293369749343,7.99908800225125,7.713655629422747,7.652378736997261,8.669463693221125,8.226850509643555
2012-09-01,6,infl_yoy,2.0181404902574807,1.6859349154821237,1.8319358022227368,2.482327680533462,2.290073417390148,2.17808596071476,2.0415905534303587,1.9295583963394165
2012-09-01,6,unrate,7.7,8.1,7.728853130798673,7.827303755300999,7.528847748703491,7.413743568102447,7.848792290912026,7.553480625152588
2012-10-01,1,infl_yoy,2.1556780595369363,1.9497168982819613,2.068693730366075,2.1395152086036964,1.9635586724612568,2.049184881319261,2.245389350400212,2.222066164016724
2012-10-01,1,unrate,7.8,7.8,7.736528642200247,7.781253578680078,7.786002998001559,7.767589111720112,8.470422764980118,8.183878898620605
2012-10-01,3,infl_yoy,1.7595049796895523,1.9497168982819613,2.0203667846270177,2.524705639235917,1.641647322738353,1.7030057248215775,1.983522601341511,1.968966364860535
2012-10-01,3,unrate,7.9,7.8,7.520069733669526,7.564041334153408,7.8327680928701024,7.706266929546155,8.414435644717342,8.127521514892578
2012-10-01,6,infl_yoy,1.5187472411246183,1.9497168982819613,1.9110798418763293,2.910971705653714,1.5327142026636325,1.7173609734552795,1.902812339234995,1.814906120300293
2012-10-01,6,unrate,7.5,7.8,7.198896781401921,7.246222259738829,7.533789110301543,7.396640806900773,7.745712869610835,7.538764476776123
2012-11-01,1,infl_yoy,1.7960197033926262,2.1556780595369363,2.0014430561357246,2.3248799120865016,1.5397287936836397,1.5797005942194349,1.9332214718734213,1.8761242628097532
2012-11-01,1,unrate,7.7,7.8,7.692056502940358,7.67951305627542,7.721544339310271,7.663164654944247,8.456285181154415,8.094743728637695
2012-11-01,3,infl_yoy,1.684061762098299,2.1556780595369363,2.0132273492640738,2.7090933275724405,1.8301042479365413,1.8859451819865567,1.911877806427934,1.9437776803970337
2012-11-01,3,unrate,8.0,7.8,7.497692244519937,7.48968866668751,7.742611576528728,7.600603158314585,8.306355698030044,7.962214469909668
2012-11-01,6,infl_yoy,1.138808047576867,2.1556780595369363,2.0289284555215423,2.95104603387263,1.61121369517906,1.6531457712648747,1.8997427172626524,1.6649484634399414
2012-11-01,6,unrate,7.6,7.8,7.207901733382455,7.184428742759656,7.393828405736629,7.264443692740617,7.570369924469848,7.647127628326416
2012-12-01,1,infl_yoy,1.7595049796895523,1.7960197033926262,1.829478634831739,1.813418331059272,1.9604433099841452,1.8671706775837336,1.8886911146551009,1.8990379571914675
2012-12-01,1,unrate,7.9,7.7,7.603037324899356,7.6170422855082,7.854846238398244,7.838897061734567,8.365955509359921,8.074177742004395
2012-12-01,3,infl_yoy,2.0181404902574807,1.7960197033926262,1.802468975077543,2.3220925601589526,2.1352813692567234,2.0841464049645206,2.0378500266969675,2.038925170898437
2012-12-01,3,unrate,7.7,7.7,7.411501652223723,7.423482134322407,7.644582825092579,7.659842083577347,8.530959033042121,8.402826309204102
2012-12-01,6,infl_yoy,1.3903888279197083,1.7960197033926262,1.7127879009698177,2.68498915879429,2.285156402130653,2.28643187150375,1.8091595276676384,1.9250093698501587
2012-12-01,6,unrate,7.5,7.7,7.127672826721579,7.180778869396141,7.313157481743762,7.400007850971136,8.11411407693113,7.861824035644531
2013-01-01,1,infl_yoy,1.684061762098299,1.7595049796895523,1.600818533925612,1.983340753121016,1.9023183550814835,1.837457737474866,1.7370742496440577,1.788643479347229
2013-01-01,1,unrate,8.0,7.9,7.806903205007636,7.819117155317592,7.851069708345397,7.856131427476958,8.302537966892068,8.173730850219727
2013-01-01,3,infl_yoy,1.5187472411246183,1.7595049796895523,1.6184183288287517,2.210862635700643,1.9009563158204137,2.03695382385771,1.9455199268489811,1.6210134029388428
2013-01-01,3,unrate,7.5,7.9,7.715351197648711,7.738360087581402,7.507801449527518,7.584289588292242,8.311754089185671,8.305155754089355
2013-01-01,6,infl_yoy,1.7157935271568725,1.7595049796895523,1.5991669702798514,2.3753309232514708,2.663419737275597,2.736744396712857,1.9057197300849136,2.080363750457764
2013-01-01,6,unrate,7.5,7.9,7.56031522376036,7.624477372595142,7.2599824601985885,7.394851343059212,7.870912606210436,7.800581455230713
2013-02-01,1,infl_yoy,2.0181404902574807,1.684061762098299,1.828713501237387,1.7790357525418357,1.9284082188995677,2.019433025814076,1.9957564195293145,1.879197359085083
2013-02-01,1,unrate,7.7,8.0,7.959170680105106,7.957381666401423,7.521757827022611,7.603563997901417,8.301058346228933,7.948786735534668
2013-02-01,3,infl_yoy,1.138808047576867,1.684061762098299,1.749376320946222,1.865898369650561,1.8922795395506573,1.8485479540959784,1.830892469715635,1.5889296531677246
2013-02-01,3,unrate,7.6,8.0,7.928269526860972,7.967798251306055,7.349613288252334,7.334193804035949,8.134366643079145,8.170873641967773
2013-02-01,6,infl_yoy,1.885471805415806,1.684061762098299,1.7196755120239535,2.0148604935517094,2.4310282536472885,2.388734202104014,1.869283826703261,1.9190442562103271
2013-02-01,6,unrate,7.3,8.0,7.85005415664203,7.930294440010776,7.025538866712006,7.061927272059004,7.58043264196594,7.324324131011963
2013-03-01,1,infl_yoy,1.5187472411246183,2.0181404902574807,2.037959327250322,2.140739023494027,1.4556492037389386,1.5594264637607058,1.6063727432672728,1.6717621088027954
2013-03-01,1,unrate,7.5,7.7,7.686321814354905,7.700086978863588,7.410430767411778,7.430400195326633,7.903553133064041,7.785362720489502
2013-03-01,3,infl_yoy,1.3903888279197083,2.0181404902574807,2.001090494740056,2.2602461005628225,1.9169554198669747,1.952308492532924,1.711941686325832,1.504664182662964
2013-03-01,3,unrate,7.5,7.7,7.560889336447018,7.594100585218216,7.298680829823658,7.268077084482428,7.976314205647295,7.749054431915283
2013-03-01,6,infl_yoy,1.538809488600279,2.0181404902574807,1.980588053704919,2.541780423168249,2.3834111004872898,2.0843393782485684,1.825957605853971,1.83145534992218
2013-03-01,6,unrate,7.2,7.7,7.364521561913111,7.4239348273719665,7.051722103656461,7.027530279848582,7.646053450110148,7.200578689575195
2013-04-01,1,infl_yoy,1.138808047576867,1.5187472411246183,1.2212172382421498,1.369659033821217,1.117651905270452,1.1157256035960048,1.4055971993355785,1.2720296382904053
2013-04-01,1,unrate,7.6,7.5,7.436276497966058,7.464211192869101,7.412222096222294,7.50316428493715,7.774336256154405,7.910037517547607
2013-04-01,3,infl_yoy,1.7157935271568725,1.5187472411246183,1.3088313042939828,1.8918111843077048,1.4724112160608704,1.553169309229522,1.7924065994427358,1.7187070846557615
2013-04-01,3,unrate,7.5,7.5,7.248287012205137,7.355564041427054,7.301183333739558,7.405056771362839,8.488202566551093,8.137395858764648
2013-04-01,6,infl_yoy,1.0947341081747997,1.5187472411246183,1.1814898476988682,2.5102494509697064,2.319315635370022,2.147117558502121,1.7986802004668911,1.769858479499817
2013-04-01,6,unrate,7.2,7.5,6.973602204792851,7.069867497686182,7.207864135456331,7.289483791062563,8.034283392608486,7.7387237548828125
2013-05-01,1,infl_yoy,1.3903888279197083,1.138808047576867,1.1008456815822996,1.2506077761508372,1.6137786509127672,1.5046573159862606,1.5411763105390426,1.4182039499282837
2013-05-01,1,unrate,7.5,7.6,7.50557006809839,7.527906321609147,7.408010814938518,7.447613856784695,7.80783748919639,7.750251293182373
2013-05-01,3,infl_yoy,1.885471805415806,1.138808047576867,1.0649531311623526,1.8351086945459447,1.6543412452358923,1.690474987730706,1.8587025864641928,1.5907270908355713
2013-05-01,3,unrate,7.3,7.6,7.370330473960829,7.41614605669718,7.241601029894556,7.308273010219348,8.707503326167295,7.885212898254394
2013-05-01,6,infl_yoy,0.8767991434911471,1.138808047576867,1.0763963459565669,2.3515512950674804,2.2321794413025504,2.231340359661093,1.7581954356970906,1.7334113121032717
2013-05-01,6,unrate,7.2,7.6,7.164461160620978,7.238068783551259,7.028302298688635,7.118131959094379,8.304606411197165,7.708407878875732
2013-06-01,1,infl_yoy,1.7157935271568725,1.3903888279197083,1.6377197815434412,1.7877729402187217,1.6853119219148822,1.8656763691432088,1.8327252800794045,1.7533355951309204
2013-06-01,1,unrate,7.5,7.5,7.432616643653191,7.488856200002928,7.406599864720414,7.428918356099084,7.794357993709078,7.889544486999512
2013-06-01,3,infl_yoy,1.538809488600279,1.3903888279197083,1.5223884360135185,2.1726204858240905,1.5867693915369256,1.5743476470939344,1.782058989315317,1.6490323543548584
2013-06-01,3,unrate,7.2,7.5,7.294249303907695,7.296812207845205,7.384572821851618,7.335414240633608,8.510464536589621,7.796695232391357
2013-06-01,6,infl_yoy,1.2328701961954458,1.3903888279197083,1.4910563961383625,2.551512184920933,1.688448679844154,1.7206876244078375,1.7090314024376152,1.9079766273498533
2013-06-01,6,unrate,6.9,7.5,7.085760987271007,7.103772507842643,7.146382791828013,7.111883323555412,7.8362427962788095,7.4719929695129395
2013-07-01,1,infl_yoy,1.885471805415806,1.7157935271568725,1.6158943527705365,1.9066028335510448,2.040197159526944,2.105953756072013,1.9542360612281584,1.9347994327545168
2013-07-01,1,unrate,7.3,7.5,7.430996120850672,7.392308279071845,7.3245514187027485,7.264866591564086,7.550730641580641,7.562915802001953
2013-07-01,3,infl_yoy,1.0947341081747997,1.7157935271568725,1.621628979616324,2.257143381770541,2.213316067059365,2.2604046373684,1.8631129262042787,1.946964979171753
2013-07-01,3,unrate,7.2,7.5,7.31327316193522,7.2929544946840625,7.280809877681365,7.223691935250917,8.00596655686106,7.521613121032715
2013-07-01,6,infl_yoy,1.5128383667573295,1.7157935271568725,1.5754273957308218,2.549310435767705,2.13342309321358,2.1130316897461867,1.9551975977418687,1.9469926357269287
2013-07-01,6,unrate,6.7,7.5,7.132405313050716,7.054810961567311,7.050976509395815,6.959567645543596,7.44744601965402,7.142452239990234
2013-08-01,1,infl_yoy,1.538809488600279,1.885471805415806,2.059846522070538,2.055074129752658,1.51323941088508,1.5297648898976148,1.5442687148008534,1.7675848007202148
2013-08-01,1,unrate,7.2,7.3,7.241264753821133,7.217794680355027,7.199297342791091,7.172361542949526,7.123842043658958,7.11830472946167
2013-08-01,3,infl_yoy,0.8767991434911471,1.885471805415806,1.9630337960529949,2.4387586203455625,1.95773343674428,2.0022951902266874,1.804448295297305,1.6729912757873535
2013-08-01,3,unrate,7.2,7.3,7.080421859041727,7.074022645751885,7.066396423459047,7.070854704517059,7.507064635194724,7.151111602783203
2013-08-01,6,infl_yoy,1.557758795574915,1.885471805415806,1.977177116821194,2.718768169258912,2.310757385299237,2.241045307157502,1.716413394255425,1.4160491228103638
2013-08-01,6,unrate,6.6,7.3,6.845761859601071,6.817329220796121,6.837744628407363,6.759374227620056,7.2729423116695875,7.094571113586426
2013-09-01,1,infl_yoy,1.0947341081747997,1.538809488600279,1.4303347794888086,1.5412319819708746,1.10733962483499,1.079608654965336,1.4931060937229066,1.3672895431518557
2013-09-01,1,unrate,7.2,7.2,7.119534514078058,7.181108594915685,7.193954727615521,7.186369499056785,7.222099234159374,7.195090293884277
2013-09-01,3,infl_yoy,1.2328701961954458,1.538809488600279,1.6826610202775842,2.061243486591556,1.5541802655215655,1.5713991262595974,1.6587117734450385,1.5263633728027344
2013-09-01,3,unrate,6.9,7.2,6.947859803452023,7.011926355624021,7.115995142343854,7.076285543891834,7.326865748152811,7.257318019866943
2013-09-01,6,infl_yoy,1.1204746347724948,1.538809488600279,2.0018780171017285,2.5133499883534585,2.264646220834421,2.217886293522528,1.5214649993569884,1.4599666595458984
2013-09-01,6,unrate,6.7,7.2,6.70172447268345,6.768880352788727,6.864514126326039,6.824026953779241,7.205488612838925,6.935689449310303
2013-10-01,1,infl_yoy,0.8767991434911471,1.0947341081747997,1.0539713273972986,1.2094766571762825,1.0005681321610762,0.985249864735232,1.396813992941989,1.3662285804748535
2013-10-01,1,unrate,7.2,7.2,7.113029496580356,7.1025287746732175,7.237575347293871,7.201975768634441,7.151174809096132,7.258357048034668
2013-10-01,3,infl_yoy,1.5128383667573295,1.0947341081747997,1.4215169739928737,1.765200672744314,1.6526269279506622,1.6296410608891732,1.6554370730788646,1.6186182498931885
2013-10-01,3,unrate,6.7,7.2,6.968733865467836,6.960790054027165,7.11125184701895,7.029529755178938,7.235989567908296,7.223501682281494
2013-10-01,6,infl_yoy,1.6126949139408042,1.0947341081747997,1.8378879892484996,2.3580223502486737,1.8881048623509988,1.837389018462,1.657792439215014,1.4618366956710815
2013-10-01,6,unrate,6.7,7.2,6.759133148838262,6.752517432804751,6.9514587046689496,6.90509361671138,7.279217025121706,7.19881010055542
2013-11-01,1,infl_yoy,1.2328701961954458,0.8767991434911471,0.973799858328538,1.0614775029470631,1.506421375779436,1.4232225388975506,1.4208271386824052,1.2053290605545044
2013-11-01,1,unrate,6.9,7.2,7.127530150633783,7.160018800240082,6.940999254956956,6.877948163061893,6.967226460013417,6.990473747253418
2013-11-01,3,infl_yoy,1.557758795574915,0.8767991434911471,1.378333549449965,1.5797582054529236,2.25352133327393,2.101682884407627,1.5186642848678873,1.338420867919922
2013-11-01,3,unrate,6.6,7.2,7.011781304147533,7.045134850407763,6.7544083644053625,6.686953781096912,7.056689426242691,7.045792579650879
2013-11-01,6,infl_yoy,2.015125303606169,0.8767991434911471,1.8067123963698384,2.1676280118210025,2.25462314667458,1.99051985393168,1.7235246330370146,1.700706124305725
2013-11-01,6,unrate,6.2,7.2,6.839775995967569,6.88028278391508,6.628502684442326,6.583537507611653,7.026281835874976,6.861311912536621
2013-12-01,1,infl_yoy,1.5128383667573295,1.2328701961954458,1.5522493643646482,1.57239856388019,1.8095662382948752,1.8166762626830104,1.5461117123754198,1.4041755199432373
2013-12-01,1,unrate,6.7,6.9,6.842344267054084,6.815794114241108,6.776879212096097,6.69157432131084,6.809717520306491,6.892747402191162
2013-12-01,3,infl_yoy,1.1204746347724948,1.2328701961954458,1.8496189724596603,2.0781285370866924,2.143926708976206,2.00722476271951,1.5945944580586615,1.2598479986190796
2013-12-01,3,unrate,6.7,6.9,6.656447244647072,6.632240596494167,6.7672150264676585,6.701057336923742,6.557346617500147,6.933903694152832
2013-12-01,6,infl_yoy,2.166947687079812,1.2328701961954458,2.097970043834641,2.698027647129368,2.0331272509159,1.889012923694359,1.9477885462777444,1.986261010169983
2013-12-01,6,unrate,6.3,6.9,6.396831876453258,6.318556005694967,6.502736509593155,6.415079258471721,6.763875425483863,6.668199062347412
2014-01-01,1,infl_yoy,1.557758795574915,1.5128383667573295,1.6772118384309365,1.7322614081350658,1.7228907392677733,1.7273812270381383,1.5268406888906938,1.5924417972564695
2014-01-01,1,unrate,6.6,6.7,6.60536751911284,6.615261514958827,6.638574168625146,6.612120658824043,6.483817872323756,6.656525135040283
2014-01-01,3,infl_yoy,1.6126949139408042,1.5128383667573295,1.9012853866210844,2.3506174800883475,2.022281395825293,1.7961737993448694,1.6506938272401754,1.606417179107666
2014-01-01,3,unrate,6.7,6.7,6.3813441413248615,6.408910348550614,6.668272499733873,6.652940183883221,6.721035056615464,7.013991355895996
2014-01-01,6,infl_yoy,2.0589816945944195,1.5128383667573295,2.127519214998071,2.875684928572261,2.0863621153584564,1.9118732470326831,1.9084862858434972,1.788233995437622
2014-01-01,6,unrate,6.1,6.7,6.075021293738307,6.022392424120335,6.517830630175022,6.476859080704501,6.484081458088134,6.494628429412842
2014-02-01,1,infl_yoy,1.1204746347724948,1.557758795574915,1.6249620668586937,1.7747914385149972,1.1917666080237972,1.159014834619709,1.4002032678266456,1.353089690208435
2014-02-01,1,unrate,6.7,6.6,6.486678617587165,6.487040140141083,6.752224570682417,6.719790299400215,6.661795743145743,6.788898944854736
2014-02-01,3,infl_yoy,2.015125303606169,1.557758795574915,1.8520953014485533,2.455459689318287,1.6215289827117898,1.5595218120223366,1.6767633548929552,1.5515352487564087
2014-02-01,3,unrate,6.2,6.6,6.270307946010359,6.242737227453688,6.62517162277225,6.614957089939818,6.674167139934276,6.573178768157959
2014-02-01,6,infl_yoy,1.9742378703305967,1.557758795574915,2.095020011037427,2.8834737597874454,1.7716904885081144,1.834074499235017,1.866448598410604,1.711086392402649
2014-02-01,6,unrate,6.2,6.6,5.979178953283821,5.902675193825103,6.434388138599626,6.423477581130627,6.508342930328895,6.589263916015625
2014-03-01,1,infl_yoy,1.6126949139408042,1.1204746347724948,1.0158219927017282,1.2370728745564323,1.7690556001833122,1.6286839646212248,1.5183750347921627,1.4198797941207886
2014-03-01,1,unrate,6.7,6.7,6.590506218853959,6.6355282134431,6.672589203590883,6.650555312877538,6.6923900817405855,6.769789695739746
2014-03-01,3,infl_yoy,2.166947687079812,1.1204746347724948,1.362317108338308,1.908455203766385,1.907156971360557,1.7751253997716134,1.7439802301720104,1.6688371896743774
2014-03-01,3,unrate,6.3,6.7,6.444817487907912,6.444670461030517,6.481157720608065,6.449094738259411,6.4797324531763385,6.464044570922852
2014-03-01,6,infl_yoy,1.7150983482969062,1.1204746347724948,1.789187576861889,2.341235635459216,1.6846419846989538,1.8895821911595272,1.8785546586512183,1.72928786277771
2014-03-01,6,unrate,6.1,6.7,6.24270590936431,6.247222748159014,6.245460506403743,6.216403983761858,6.427369121151992,6.429647922515869
2014-04-01,1,infl_yoy,2.015125303606169,1.6126949139408042,2.016450474419983,2.156539991588484,2.127407100197887,2.135036684173229,1.9713847755980276,1.9094877243041992
2014-04-01,1,unrate,6.2,6.7,6.627149528038999,6.5720205368334526,6.323763225962748,6.229297687347894,6.214362683803122,6.197358131408691
2014-04-01,3,infl_yoy,2.0589816945944195,1.6126949139408042,2.215834817055243,2.354304956494449,2.219083798162868,2.1056415261578785,1.7352378344163322,1.6011675596237185
2014-04-01,3,unrate,6.1,6.7,6.518597047382777,6.409553235142367,6.277301393468015,6.07213859163689,6.292633692068209,6.282319068908691
2014-04-01,6,infl_yoy,1.6840509711232077,1.6126949139408042,2.314697776153271,2.6275740883205154,2.164772543196883,1.989492587699076,1.8763135770765684,1.7221744060516355
2014-04-01,6,unrate,5.9,6.7,6.365210607683173,6.236866068561313,5.770931914663962,5.76738149863354,6.275503755357419,6.043142795562744
2014-05-01,1,infl_yoy,2.166947687079812,2.015125303606169,2.167836182833541,2.148440538076054,2.30941521705378,2.321046638325192,2.0511946521871858,2.028230667114258
2014-05-01,1,unrate,6.3,6.2,6.139574493673611,6.126094948785091,6.258564886460248,6.240348765498166,6.244158286647989,6.229130744934082
2014-05-01,3,infl_yoy,1.9742378703305967,2.015125303606169,2.253111754226158,2.4535657075151738,2.6079989209590937,2.481302387623842,1.8709694688779088,1.7130728960037231
2014-05-01,3,unrate,6.2,6.2,5.906339198092986,5.914514216081424,6.077844045967763,6.101741506004413,6.210010637169846,6.133174896240234
2014-05-01,6,infl_yoy,1.6095417021513292,2.015125303606169,2.336868103376749,2.980325145331202,2.5669135367521325,2.2532722147100714,1.8353401265950688,1.7418276071548462
2014-05-01,6,unrate,5.7,6.2,5.593233466366036,5.5317566685031165,5.76335955074735,5.8519933496284295,6.096704123814333,5.9321722984313965
2014-06-01,1,infl_yoy,2.0589816945944195,2.166947687079812,2.21278296051057,2.236195846485576,2.262413862003287,2.068095374507908,2.042349447299759,1.9216859340667725
2014-06-01,1,unrate,6.1,6.3,6.179747629910413,6.161235228750073,6.099419168803729,6.057451511248852,6.205603182799316,6.138923645019531
2014-06-01,3,infl_yoy,1.7150983482969062,2.166947687079812,2.284935833762438,2.6516054384333945,2.5739020725162507,2.4210106118238746,1.828368180726201,1.7106918096542358
2014-06-01,3,unrate,6.1,6.3,6.001997798756937,6.02894335599659,5.8162226151583205,5.902394749801955,6.161447722721866,6.098748207092285
2014-06-01,6,infl_yoy,1.231524989320798,2.166947687079812,2.355766354319976,2.8674963277120984,2.9625290246988225,2.7098499423018363,1.758945404328332,1.7049846649169922
2014-06-01,6,unrate,5.8,6.3,5.764654480151339,5.743318833325949,5.576060000981615,5.699783258542547,5.974507022014676,5.825393199920654
2014-07-01,1,infl_yoy,1.9742378703305967,2.0589816945944195,2.0331951343951165,2.2240754436753103,2.004039947315887,1.8616441194314877,1.902807855790552,1.774633526802063
2014-07-01,1,unrate,6.2,6.1,6.010489631522491,6.051689680764843,5.984566484692141,6.114642247346944,6.17286281460198,6.105596542358398
2014-07-01,3,infl_yoy,1.6840509711232077,2.0589816945944195,2.1380951780935424,2.6592388609444084,2.2347235310682607,2.0364954555399035,1.8300429202894788,1.702471375465393
2014-07-01,3,unrate,5.9,6.1,5.8176974649177176,5.788890022576499,5.8197057661717615,5.983408118157223,6.176245724515228,6.038949966430664
2014-07-01,6,infl_yoy,0.6531213919623191,2.0589816945944195,2.2661023818814297,2.891608583276291,2.3842878057700703,2.160276580392941,1.6444992126402729,1.5382975339889526
2014-07-01,6,unrate,5.6,6.1,5.563807757430832,5.5830173541067225,5.624858259758388,5.787825424818668,5.905885833955022,5.785792827606201
2014-08-01,1,infl_yoy,1.7150983482969062,1.9742378703305967,1.9944163563648671,2.1173515533886285,1.7259613941586935,1.7439347034706971,1.8542190461223849,1.811991572380066
2014-08-01,1,unrate,6.1,6.2,6.099558698711255,6.121586248281941,6.0052000382167785,6.050909667982937,6.151160706519147,6.148201942443848
2014-08-01,3,infl_yoy,1.6095417021513292,1.9742378703305967,2.12109293496738,2.421744408784348,1.868899225031847,1.8767425844639287,1.7036704556400146,1.6269608736038208
2014-08-01,3,unrate,5.7,6.2,5.974024484541944,5.952246381830597,5.909748482179152,5.921567194057079,6.116973426798683,5.951585292816162
2014-08-01,6,infl_yoy,-0.2299309782054281,1.9742378703305967,2.254904161804432,2.6536980499593668,1.756115572011667,1.747969696065907,1.5063350186464133,1.29456627368927
2014-08-01,6,unrate,5.7,6.2,5.809459855530662,5.795883711788929,5.73846851830232,5.824051098432653,5.87286325404824,5.734518051147461
2014-09-01,1,infl_yoy,1.6840509711232077,1.7150983482969062,1.6606839018992965,1.8111360587504817,1.5355225479127184,1.5726486809160307,1.672393177032176,1.478212594985962
2014-09-01,1,unrate,5.9,6.1,6.047452723197522,5.95374436883016,5.860085009190911,5.881189624954844,5.941978550578157,5.960961818695068
2014-09-01,3,infl_yoy,1.231524989320798,1.7150983482969062,1.8545050628631696,2.1119426945598665,1.8290626196762407,1.7938660535576971,1.586194725304782,1.3349038362503052
2014-09-01,3,unrate,5.8,6.1,5.94939700970219,5.869470612584783,5.719748913922775,5.759457012383321,5.986397990372377,5.857935428619385
2014-09-01,6,infl_yoy,-0.0870314629352053,1.7150983482969062,2.090965697261348,2.51083461817781,1.456929255943142,1.3632833658714705,1.2548757043682246,0.6368952989578247
2014-09-01,6,unrate,5.5,6.1,5.824211773007474,5.718213001552304,5.529018692140871,5.583345752886794,5.805239612973106,5.6853461265563965
2014-10-01,1,infl_yoy,1.6095417021513292,1.6840509711232077,1.7776938532166584,1.7632249910112257,1.464278670723484,1.4878546621274924,1.4320695144079558,1.3085196018218994
2014-10-01,1,unrate,5.7,5.9,5.843413877554927,5.891043410343226,5.701767982130382,5.682187371058005,5.717997140015164,5.826038360595703
2014-10-01,3,infl_yoy,0.6531213919623191,1.6840509711232077,1.9739749167754657,2.1260149987171637,1.4649752756897727,1.4759157601740782,1.5742173906866157,1.5853517055511477
2014-10-01,3,unrate,5.6,5.9,5.692497666578896,5.773430678145932,5.671194225599812,5.647991990510429,5.919259992201562,5.721616268157959
2014-10-01,6,infl_yoy,-0.0220312844238734,1.6840509711232077,2.162710314843663,2.566581119685124,1.1509741566959846,1.0812868682300738,0.9423519254956728,0.3243145942687988
2014-10-01,6,unrate,5.4,5.9,5.499987325965837,5.599300365368872,5.522811721511333,5.450684954753855,5.734722605609156,5.642770290374756
2014-11-01,1,infl_yoy,1.231524989320798,1.6095417021513292,1.6463557123469483,1.742957212303602,0.9558242576000516,0.9551564302491564,1.3775214575167467,1.2490553855895996
2014-11-01,1,unrate,5.8,5.7,5.620615150950616,5.625220752766553,5.704663548429921,5.731537864264726,5.753188598393244,5.789170742034912
2014-11-01,3,infl_yoy,-0.2299309782054281,1.6095417021513292,1.855065560055999,2.2262927176750376,0.7096422791481041,0.7433621935282513,1.3643388154500418,0.9262053966522216
2014-11-01,3,unrate,5.7,5.7,5.434274623187397,5.484514899922396,5.6349006847621546,5.643860928082043,5.873684201543812,5.7099690437316895
2014-11-01,6,infl_yoy,-0.1040309893939106,1.6095417021513292,2.0880992298827032,2.745457564240592,0.4296650825382295,0.5412039293658817,0.7270396853283728,0.255398541688919
2014-11-01,6,unrate,5.4,5.7,5.194730366616158,5.219184651474867,5.387038112487142,5.398660801343247,5.6722417230797975,5.458711624145508
2014-12-01,1,infl_yoy,0.6531213919623191,1.231524989320798,1.1547681831562353,1.2565528848101484,0.2840901195120033,0.3471589440887261,1.3355368256029854,1.193856954574585
2014-12-01,1,unrate,5.6,5.8,5.698975082444269,5.754224833432684,5.641109053272871,5.606584589930841,5.603636616471642,5.660245418548584
2014-12-01,3,infl_yoy,-0.0870314629352053,1.231524989320798,1.467573285890725,1.8982092998008144,-0.0657594177927891,0.0764430711189252,1.083950045750664,0.4258692562580108
2014-12-01,3,unrate,5.5,5.8,5.575573741651432,5.6436958363024585,5.467408421607433,5.473222598848065,5.6512790335914085,5.533384799957275
2014-12-01,6,infl_yoy,0.0350332182442958,1.231524989320798,1.8448620511828624,2.338863382023636,-0.1921713210375077,-0.1285171321996792,0.4677384458950331,0.1650947481393814
2014-12-01,6,unrate,5.6,5.8,5.421141729031143,5.496371256944682,5.29736584327353,5.230131032843486,5.599376180196156,5.446661472320557
2015-01-01,1,infl_yoy,-0.2299309782054281,0.6531213919623191,0.5728038057463309,0.7494271190986589,-0.5852619508386283,-0.5225821210005686,0.7645034841283508,0.50718092918396
2015-01-01,1,unrate,5.7,5.6,5.536765267736186,5.561306305037945,5.628289308495094,5.649033575968435,5.672137241299736,5.691030502319336
2015-01-01,3,infl_yoy,-0.0220312844238734,0.6531213919623191,1.0285934848641456,1.5128764790763969,-0.6689528415650168,-0.5560172174816578,0.8324617163090768,0.5544813275337219
2015-01-01,3,unrate,5.4,5.6,5.390423915800243,5.39931097196331,5.513733821476622,5.554616172680013,5.664730670501428,5.468177318572998
2015-01-01,6,infl_yoy,0.1795718097550525,0.6531213919623191,1.5664324868925494,2.253466486510016,-0.5607630787656803,-0.4506934779416842,0.3457129378003795,0.0381974428892135
2015-01-01,6,unrate,5.3,5.6,5.206667946298547,5.213725643359037,5.304454117226372,5.321715200967337,5.515980440843234,5.353419780731201
2015-02-01,1,infl_yoy,-0.0870314629352053,-0.2299309782054281,-0.5903758161747402,-0.2202645724255183,0.0209515183859161,0.0284166303101263,0.56666299929067,0.4879493415355682
2015-02-01,1,unrate,5.5,5.7,5.619707733876017,5.65925971520438,5.499799946908508,5.50533861076467,5.497162887467003,5.545407772064209
2015-02-01,3,infl_yoy,-0.1040309893939106,-0.2299309782054281,-0.4910566890505878,0.6340240362949427,-0.197391083860317,-0.1469882643885851,0.460299468810232,0.3081871271133423
2015-02-01,3,unrate,5.4,5.7,5.532783811600964,5.617322821160662,5.431025627451692,5.440833678140412,5.454610792309658,5.375494480133057
2015-02-01,6,infl_yoy,0.2256861110409458,-0.2299309782054281,-0.6591571387457991,1.602736391127069,-0.1889332454150181,-0.1501997150281933,0.1746592068320051,0.2649514377117157
2015-02-01,6,unrate,5.2,5.7,5.428311175176904,5.466901403754413,5.103679353719416,5.083008477834461,5.400090889314344,5.201254367828369
2015-03-01,1,infl_yoy,-0.0220312844238734,-0.0870314629352053,0.3344160110441001,0.4159460963075967,-0.2708728241069251,-0.254371685962786,0.3383714907112173,0.1465221643447876
2015-03-01,1,unrate,5.4,5.5,5.455962468582688,5.424912469420678,5.374839800375262,5.370583392535981,5.461051770116422,5.426514625549316
2015-03-01,3,infl_yoy,0.0350332182442958,-0.0870314629352053,0.9384936738263572,1.141324913994354,-0.4551803873966684,-0.388147848649707,0.4616958261243429,0.1496662050485611
2015-03-01,3,unrate,5.6,5.5,5.338976370560778,5.307188175789137,5.45132072279877,5.424920869584055,5.438960480248198,5.418059825897217
2015-03-01,6,infl_yoy,0.2413037985344868,-0.0870314629352053,1.4942923806700183,2.076620319406777,-0.355563986379789,-0.2782957105791523,0.3076591711685344,0.5450610518455505
2015-03-01,6,unrate,5.1,5.5,5.196783571505764,5.071448684948197,5.08328766862098,5.041309469643401,5.29472125830903,5.089706897735596
2015-04-01,1,infl_yoy,-0.1040309893939106,-0.0220312844238734,0.1667624730898642,0.1954113765901861,0.0980449124613489,0.1938592844964857,0.1695280465126272,0.1096435338258743
2015-04-01,1,unrate,5.4,5.4,5.339950005640451,5.4155857235418345,5.354681293808099,5.356502412802302,5.413016275039118,5.394764423370361
2015-04-01,3,infl_yoy,0.1795718097550525,-0.0220312844238734,0.7131517073617266,1.030366689516237,0.6821614938186977,0.6056105953010342,0.4105212370633482,0.5499383211135864
2015-04-01,3,unrate,5.3,5.4,5.21573046543494,5.29622884716076,5.371013103328241,5.304702486179185,5.400796286170945,5.362792491912842
2015-04-01,6,infl_yoy,0.00884296163417,-0.0220312844238734,1.328814037115538,1.9184562107470684,0.7365777561695284,0.7214674140285737,0.2680808465844328,0.4845407605171203
2015-04-01,6,unrate,5.0,5.4,5.065586521485771,4.979098904581266,4.851182213961353,4.807308402349604,5.181684680743519,5.034527778625488
2015-05-01,1,infl_yoy,0.0350332182442958,-0.1040309893939106,0.044030331940299,0.145354018085609,0.3569009085016756,0.0344989402666287,0.1520798153396592,0.143165186047554
2015-05-01,1,unrate,5.6,5.4,5.333937652377985,5.282370683114406,5.477193332024571,5.504142993765046,5.555296516580968,5.53251314163208
2015-05-01,3,infl_yoy,0.2256861110409458,-0.1040309893939106,0.6150522523412828,1.086421890576077,0.733695413388759,0.4845474219875327,0.4982244341759448,0.3586856722831726
2015-05-01,3,unrate,5.2,5.4,5.238211161171727,5.159334230964493,5.086998909726531,5.241663936991,5.490500857385741,5.383244514465332
2015-05-01,6,infl_yoy,0.127616560670507,-0.1040309893939106,1.2470321372467064,1.9127183862135435,1.1512150997349004,1.069414372446374,0.2641135212566362,0.3556548357009887
2015-05-01,6,unrate,5.0,5.4,5.1276003019991965,4.856416131891349,4.920762508032494,5.029228838149948,5.406614720086349,5.27616548538208
2015-06-01,1,infl_yoy,0.1795718097550525,0.0350332182442958,0.3187697050535663,0.507123946308579,0.2933264753773024,0.2222128442894004,0.1295855646412892,0.3722336590290069
2015-06-01,1,unrate,5.3,5.6,5.543456703417803,5.6116554021538985,5.289936692180158,5.25431104981238,5.468294217826067,5.449478149414063
2015-06-01,3,infl_yoy,0.2413037985344868,0.0350332182442958,0.8473506608566246,1.1952261954569747,0.3950949440002056,0.425504637748243,0.4391817775206668,0.4907179474830627
2015-06-01,3,unrate,5.1,5.6,5.527042629829651,5.48638848317474,5.109755030394596,5.104836015902595,5.410949244271276,5.320894241333008
2015-06-01,6,infl_yoy,0.4363182169185187,0.0350332182442958,1.393870706749171,1.7414198760785644,1.5746525467632977,1.4284491910253756,0.2702112685347883,0.4603522717952728
2015-06-01,6,unrate,5.1,5.6,5.51538465120756,5.3405968571288485,4.909771418634483,4.922402413717245,5.300844900408061,5.131036281585693
2015-07-01,1,infl_yoy,0.2256861110409458,0.1795718097550525,0.4004628189544613,0.4565686724944744,-0.1596623280187499,-0.1425447396939012,0.1260666858739988,0.2277068793773651
2015-07-01,1,unrate,5.2,5.3,5.305354961963096,5.229051597539792,5.095853495751793,5.118225578853493,5.30292891671782,5.217566013336182
2015-07-01,3,infl_yoy,0.00884296163417,0.1795718097550525,0.8843379271410323,1.0920183477422951,0.1051491971200206,0.1009922844106649,0.3924882619744159,0.4146227538585663
2015-07-01,3,unrate,5.0,5.3,5.230807454702647,5.054151930428105,5.093762421297319,5.01861548803749,5.259145751428142,5.093265056610107
2015-07-01,6,infl_yoy,0.6387247515364791,0.1795718097550525,1.4082858921727777,1.909904053084636,1.06151286027207,0.9915782778282264,0.2967227042329822,0.5961610674858093
2015-07-01,6,unrate,5.0,5.3,5.148541035287086,4.733925769514321,4.90528770532474,4.849425080364534,5.201891418497288,5.08676290512085
2015-08-01,1,infl_yoy,0.2413037985344868,0.2256861110409458,0.3977303206849515,0.4330818787970717,0.4600824129126326,0.4813865712344716,0.2419261101356072,0.4810249209403991
2015-08-01,1,unrate,5.1,5.2,5.161895577518316,5.117316467106969,5.219379583054302,5.111734877237762,5.064791656487231,5.03096342086792
2015-08-01,3,infl_yoy,0.127616560670507,0.2256861110409458,0.869413538822492,1.1028590342020677,0.9000671372058986,0.8974908490272544,0.4469722727877039,0.3472806811332702
2015-08-01,3,unrate,5.0,5.2,5.080333208733412,4.959170852324977,5.150474847006164,5.036881290842343,5.183996324051068,5.100014686584473
2015-08-01,6,infl_yoy,1.2375025026943876,0.2256861110409458,1.389074194213255,1.9308531294479223,1.323950014788318,1.3358466279599956,0.5359138109705037,0.9198914766311646
2015-08-01,6,unrate,4.8,5.2,5.003128030418672,4.596648719492302,4.909076320985937,4.823431542935524,5.141306147408304,4.970511436462402
2015-09-01,1,infl_yoy,0.00884296163417,0.2413037985344868,0.4122537859598039,0.5108043520090155,0.2318865373196525,0.0897216371751268,0.1678731963586566,0.2502044439315796
2015-09-01,1,unrate,5.0,5.1,5.0526421977641895,5.015971136867067,5.053960107609368,5.012183059704157,5.049472045186323,4.985138416290283
2015-09-01,3,infl_yoy,0.4363182169185187,0.2413037985344868,0.8752031817659265,1.2083812615167415,0.8178588531286182,0.7543906491792784,0.4316124701567486,0.2909233272075653
2015-09-01,3,unrate,5.1,5.1,4.948131088721803,4.793115387701966,4.860168358646371,4.882733365408366,5.138821948922598,5.006065845489502
2015-09-01,6,infl_yoy,0.8472775790126619,0.2413037985344868,1.3849692567711842,1.9763622203217284,1.4466761021118657,1.2969207906195963,0.6824570905526471,0.7208718657493591
2015-09-01,6,unrate,4.9,5.1,4.830887222768438,4.466073842921439,4.782458176332712,4.748831262161589,5.141692071414379,4.930527210235596
2015-10-01,1,infl_yoy,0.127616560670507,0.00884296163417,0.0652978800056288,0.1316573262374212,0.5267466672955539,0.4564350245072393,0.1636305538613817,0.2154738456010818
2015-10-01,1,unrate,5.0,5.0,4.947599316248043,4.944367427002851,5.0164181457612,4.978629956242337,5.02725250177711,5.013465404510498
2015-10-01,3,infl_yoy,0.6387247515364791,0.00884296163417,0.5668927684679546,0.9178273840717346,0.7157207977602404,0.6921283904140232,1.00972080374022,1.0744006633758545
2015-10-01,3,unrate,5.0,5.0,4.83940621027755,4.6958846862268,4.892456776647684,4.8748336102605805,5.09489877101099,5.069568634033203
2015-10-01,6,infl_yoy,0.8916160965521946,0.00884296163417,1.1618443632677926,1.7449074872590375,1.6874209867190189,1.5957935007390276,0.6496012295268724,0.865709125995636
2015-10-01,6,unrate,5.0,5.0,4.719294251798305,4.374815475411839,4.673111054910177,4.6690345749781486,5.135523226462138,4.827626705169678
2015-11-01,1,infl_yoy,0.4363182169185187,0.127616560670507,0.3961596908263728,0.5345464201806301,0.4576720161095069,0.3395780302459403,0.1744524923929798,0.1957018375396728
2015-11-01,1,unrate,5.1,5.0,4.942123719009558,4.845117432352582,4.916287130473307,5.01298765601781,5.040396419469971,4.993729114532471
2015-11-01,3,infl_yoy,1.2375025026943876,0.127616560670507,0.871537148494355,1.1823701099565538,0.0542101738003082,-0.0124293998150903,0.3345508786584822,0.4465250372886657
2015-11-01,3,unrate,4.8,5.0,4.8616697538018405,4.655780975423363,4.9073870569052405,4.924427768257835,5.143198821840738,5.016887187957764
2015-11-01,6,infl_yoy,1.1726257503534845,0.127616560670507,1.3647290290021064,1.9185727791844152,0.2011002601020122,0.3260477944112538,0.6174812368024081,0.6247081756591797
2015-11-01,6,unrate,5.1,5.0,4.779180177883321,4.347489020765776,4.772398519454328,4.847401098219312,5.1371379879015775,4.894454002380371
2015-12-01,1,infl_yoy,0.6387247515364791,0.4363182169185187,0.7130764643588527,0.7966289608444244,0.347404161803305,0.468461690854838,0.3489729770066204,0.3817698061466217
2015-12-01,1,unrate,5.0,5.1,5.051310967004959,5.022130402166892,4.934552962365966,4.971128942920366,5.048335254123978,5.007761001586914
2015-12-01,3,infl_yoy,0.8472775790126619,0.4363182169185187,1.109722602933482,1.2826065400456008,0.192285118033995,0.2095991104366543,0.3759977775991888,0.5293915867805481
2015-12-01,3,unrate,4.9,5.1,5.023531231537251,4.912354211229105,4.921763557587729,4.884846311912291,5.090327236488511,4.956592082977295
2015-12-01,6,infl_yoy,1.0784764621246223,0.4363182169185187,1.5225533422024815,1.7774271670828443,-0.0425662895619844,0.2087880348658548,0.8064093975736749,0.8731909394264221
2015-12-01,6,unrate,4.8,5.1,5.006605394128349,4.718023426034642,4.8475235438298,4.816451340194414,5.069530600216522,4.860724449157715
2016-01-01,1,infl_yoy,1.2375025026943876,0.6387247515364791,0.8207620641444939,0.8288311546565913,1.1786077434047444,1.103746249334539,1.3357148210034393,1.1275478601455688
2016-01-01,1,unrate,4.8,5.0,4.986423627764278,4.93894093297662,4.843740973368843,4.823636799975519,4.9524451177643,4.967696189880371
2016-01-01,3,infl_yoy,0.8916160965521946,0.6387247515364791,1.175022161575164,1.3017482899847053,0.5996702080931833,0.6139064532061829,0.8161335896324118,1.0390911102294922
2016-01-01,3,unrate,5.0,5.0,4.951886041191757,4.83354197496693,4.897182593403395,4.806509737457988,4.974617371688969,4.945359230041504
2016-01-01,6,infl_yoy,1.0792865347959424,0.6387247515364791,1.5617874319452598,1.7947499757397976,-0.3116064777457352,-0.1532418131687531,0.9682442799384688,0.9626543521881104
2016-01-01,6,unrate,4.9,5.0,4.927902284159138,4.626466844556372,4.684904372266471,4.56075735029415,5.032884914985282,4.838079929351807
2016-02-01,1,infl_yoy,0.8472775790126619,1.2375025026943876,1.6059067101821964,1.6394817901879066,0.6278692120396803,0.7497422780667722,0.8240013283869284,0.7551225423812866
2016-02-01,1,unrate,4.9,4.8,4.780261303664863,4.739043391005593,4.919711121212872,4.888207662832805,4.982264613609193,4.908967971801758
2016-02-01,3,infl_yoy,1.1726257503534845,1.2375025026943876,1.8314739940231752,1.9615556700333616,0.646480119124379,0.679139166353079,1.27609010788444,1.3995790481567385
2016-02-01,3,unrate,5.1,4.8,4.699957445437514,4.564631063207635,4.914681338296253,4.8589083696545385,5.05840797992847,4.961841106414795
2016-02-01,6,infl_yoy,0.8683633430518256,1.2375025026943876,2.002355046424698,2.386950944796448,0.4275315395586445,0.5757052501407183,1.1267714572956211,1.0164766311645508
2016-02-01,6,unrate,4.8,4.8,4.61651512898062,4.274483480641256,4.726628741569469,4.665395226645441,4.966027398032098,4.825069904327393
2016-03-01,1,infl_yoy,0.8916160965521946,0.8472775790126619,0.6941721920278311,0.7416344808583608,1.170806313218337,1.0574853489242793,0.9939268575584738,1.3452277183532717
2016-03-01,1,unrate,5.0,4.9,4.852445733167065,4.846219936518446,4.907901292462854,4.951370245092686,5.004583856305742,4.984346389770508
2016-03-01,3,infl_yoy,1.0784764621246223,0.8472775790126619,0.9994418219235716,1.2250492197678196,0.7204039215812925,0.7388920745862986,1.2253126705591806,1.0632284879684448
2016-03-01,3,unrate,4.8,4.9,4.814659217234724,4.738656273051328,4.737959514847198,4.768850139699873,5.022298091036015,4.953812122344971
2016-03-01,6,infl_yoy,1.0553158595656864,0.8472775790126619,1.356084976773582,1.6863340765669754,0.9985432546497282,1.0553163360114126,1.204873594902122,1.4771089553833008
2016-03-01,6,unrate,4.9,4.9,4.788345962670885,4.556891941460687,4.564153959420313,4.6339020786868295,5.011155664316297,4.913382530212402
2016-04-01,1,infl_yoy,1.1726257503534845,0.8916160965521946,1.1000186549338309,1.1550761322880905,1.422884292123697,1.4618685328500929,1.2043742997326825,1.3409582376480105
2016-04-01,1,unrate,5.1,5.0,4.972309644562655,4.919813028282826,4.979146915600989,5.033582781640822,5.044044233674004,5.03447961807251
2016-04-01,3,infl_yoy,1.0792865347959424,0.8916160965521946,1.4112278297726046,1.519522014424714,1.3331376970104898,1.4954345189690623,1.3486287076321517,1.282524347305298
2016-04-01,3,unrate,4.9,5.0,4.9836895665319085,4.809138368295288,4.749459435514005,4.811620571999612,5.03549185224488,5.000855922698975
2016-04-01,6,infl_yoy,1.5486446201652182,0.8916160965521946,1.7108263753019135,1.867877455218792,1.8546616527771984,1.938906395602616,1.5777556790586846,1.6648133993148804
2016-04-01,6,unrate,5.0,5.0,5.020261846817648,4.742142479229714,4.529723369646363,4.593531209562547,4.976462217622694,4.913013458251953
2016-05-01,1,infl_yoy,1.0784764621246223,1.1726257503534845,1.3830414538328055,1.4737817645095523,0.982218399239017,1.12117872860165,1.064417780604927,1.0827690362930298
2016-05-01,1,unrate,4.8,5.1,5.097873607889033,5.085267516340163,4.709218050362097,4.792439814766944,4.960770771392122,4.913921356201172
2016-05-01,3,infl_yoy,0.8683633430518256,1.1726257503534845,1.6119266596255806,1.588778040248964,1.4213710793406482,1.3515140940692516,1.2267131983467885,1.276902675628662
2016-05-01,3,unrate,4.8,5.1,5.1426574393890885,5.055241269630632,4.764809651782909,4.752241474436312,4.971130959637957,4.988478183746338
2016-05-01,6,infl_yoy,1.685924966243646,1.1726257503534845,1.844884660453066,1.8306683740281928,2.084401063597557,1.9479472713339183,1.624275724807312,1.7092247009277344
2016-05-01,6,unrate,4.9,5.1,5.220480867905503,5.008929656118832,4.432608492827795,4.447766457744141,4.956381005942225,4.813534736633301
2016-06-01,1,infl_yoy,1.0792865347959424,1.0784764621246223,1.1158779399683525,0.9721732108240057,1.2281698925698965,1.133024596033052,1.1440706336766489,1.12776517868042
2016-06-01,1,unrate,4.9,4.8,4.839952285684272,4.740994256032249,4.764869835758431,4.846237287071382,4.968835955587922,4.903787136077881
2016-06-01,3,infl_yoy,1.0553158595656864,1.0784764621246223,1.339196514171587,1.296890147235635,1.4756737989684798,1.4345743769758366,1.4493377042883715,1.6323192119598389
2016-06-01,3,unrate,4.9,4.8,4.814016631966462,4.71737873869212,4.714109618111749,4.715596847283694,4.939921437220959,4.897779941558838
2016-06-01,6,infl_yoy,1.6843334719788938,1.0784764621246223,1.59083376130439,1.809815393590343,2.031526628210391,1.9909766096145352,1.67388485681485,1.7245010137557983
2016-06-01,6,unrate,4.7,4.8,4.803638320828028,4.540307826566956,4.4441817220354105,4.538767610990794,4.934941991199008,4.80165958404541
2016-07-01,1,infl_yoy,0.8683633430518256,1.0792865347959424,1.199052171586636,1.2318233299231751,0.7666394244268278,0.7091988141377135,1.0801366323258628,1.171041488647461
2016-07-01,1,unrate,4.8,4.9,4.8814070167652925,4.905290820849762,4.758571913460962,4.758885887103896,4.944072225813213,4.906815528869629
2016-07-01,3,infl_yoy,1.5486446201652182,1.0792865347959424,1.4565165755792544,1.5564783319645226,1.0251007603839093,1.1392872363379345,1.592234548386475,1.5480519533157349
2016-07-01,3,unrate,5.0,4.9,4.87787796785528,4.857423436791911,4.540456692376813,4.550594712414569,4.944045780262661,4.839259147644043
2016-07-01,6,infl_yoy,2.0507989115119862,1.0792865347959424,1.7322301586084934,1.893474244611085,1.442280480050094,1.5349056402843653,1.7462195209800064,1.7900125980377195
2016-07-01,6,unrate,4.7,4.9,4.8954656781318215,4.755063270645738,4.422837112370463,4.523798690229967,4.864560411223263,4.700234889984131
2016-08-01,1,infl_yoy,1.0553158595656864,0.8683633430518256,0.8602760657021049,0.9228109566155116,1.3303625244421222,1.3680724985575543,1.1095941904755948,1.212033748626709
2016-08-01,1,unrate,4.9,4.8,4.799968476619385,4.7962498170272765,4.774017544927168,4.823154301981237,4.953747709758216,4.868459701538086
2016-08-01,3,infl_yoy,1.685924966243646,0.8683633430518256,1.1266696018765898,1.3251650486409683,1.687309578439778,1.6789795972205284,1.6463908950199369,1.5574233531951904
2016-08-01,3,unrate,4.9,4.8,4.780858986058086,4.6832616028131016,4.610980900297781,4.6774223268335735,4.951250513086369,4.882847785949707
2016-08-01,6,infl_yoy,2.510393348257112,0.8683633430518256,1.4381914900360775,1.7715114554855274,2.0746739906024194,2.008792379372957,1.943358746184544,2.08092737197876
2016-08-01,6,unrate,4.7,4.8,4.778520457226305,4.574940393157194,4.470995301318904,4.601538916436895,4.920989384571096,4.726455211639404
2016-09-01,1,infl_yoy,1.5486446201652182,1.0553158595656864,1.2842942638183412,1.2782609484767349,1.940434787250605,1.9181316432904416,1.5565897611121513,1.6816412210464478
2016-09-01,1,unrate,5.0,4.9,4.886104907445271,4.851045435687684,4.775750590278426,4.880409874656626,4.964463764766887,4.96318244934082
2016-09-01,3,infl_yoy,1.6843334719788938,1.0553158595656864,1.4717903586608967,1.5938130090245992,2.0975958098576357,2.131354827826702,1.7030409870440042,1.752145767211914
2016-09-01,3,unrate,4.7,4.9,4.901420480420067,4.78453465723882,4.62301341714571,4.745556553584424,4.937252571553749,4.88706636428833
2016-09-01,6,infl_yoy,2.8103616813294208,1.0553158595656864,1.6747750793880654,1.919426195011379,2.40986071640151,2.410874346126461,2.1499766252550985,2.6681034564971924
2016-09-01,6,unrate,4.6,4.9,4.944210230753086,4.689025835958989,4.542987468004879,4.630524552500058,4.901173697171412,4.819314002990723
2016-10-01,1,infl_yoy,1.685924966243646,1.5486446201652182,1.737006560345094,1.8884438549416689,1.7749047623762753,1.8090764510492037,1.7831565176894797,1.9207409620285036
2016-10-01,1,unrate,4.9,5.0,5.000212080528065,4.9289262271336165,4.750293470421113,4.857104819522323,4.971818816320082,4.932645320892334
2016-10-01,3,infl_yoy,2.0507989115119862,1.5486446201652182,1.839467670132872,1.985214295019979,1.608607979947581,1.7244493671989942,1.7758900924568397,1.892969250679016
2016-10-01,3,unrate,4.7,5.0,5.0528799333192,4.9220254872386775,4.659622073408815,4.77885873883003,4.958974610329405,4.875202655792236
2016-10-01,6,infl_yoy,2.44119623655914,1.5486446201652182,1.9582582271963744,2.089722816235976,1.9836395208210305,2.039291393572957,2.152661606702272,2.3810184001922607
2016-10-01,6,unrate,4.4,5.0,5.142628830117527,4.868027979334483,4.625486496271028,4.73173712097044,4.851217790101617,4.791945457458496
2016-11-01,1,infl_yoy,1.6843334719788938,1.685924966243646,1.7223495676528795,1.6644565094746853,1.6976607594931237,1.7907602579514443,1.7814778933752264,1.7982627153396606
2016-11-01,1,unrate,4.7,4.9,4.9313146368596215,4.9186162763342685,4.694457229127386,4.727429254790301,4.885444169230467,4.796996593475342
2016-11-01,3,infl_yoy,2.510393348257112,1.685924966243646,1.8270406608326808,1.823241446775866,1.3952401471025673,1.632965580108498,1.8266181607004373,1.9518451690673828
2016-11-01,3,unrate,4.7,4.9,4.960641011190471,4.897704901570101,4.623990014287131,4.711636942080581,4.964996174533962,4.889903545379639
2016-11-01,6,infl_yoy,2.176223471915395,1.685924966243646,1.9463182458224155,1.983529982282296,1.6999806418073935,1.739160371080499,2.0698835763480465,2.270207166671753
2016-11-01,6,unrate,4.4,4.9,5.020903062569507,4.835633853568095,4.553550897709113,4.583900697157999,4.915143606342158,4.774803161621094
2016-12-01,1,infl_yoy,2.0507989115119862,1.6843334719788938,1.7240113781644353,1.7319557680363886,1.9667300312448992,2.1213227075373444,2.0556065615427563,2.141398668289185
2016-12-01,1,unrate,4.7,4.7,4.720656731751235,4.681833707888381,4.58767155697563,4.694384536208323,4.8692906712080495,4.74833345413208
2016-12-01,3,infl_yoy,2.8103616813294208,1.6843334719788938,1.8279980724801927,1.9379810460475355,1.849001881026596,2.021939120721894,2.02373799300176,2.178917169570923
2016-12-01,3,unrate,4.6,4.7,4.693287824037621,4.599390761445837,4.5448961650012825,4.598577571641203,4.89855730234007,4.813886642456055
2016-12-01,6,infl_yoy,1.856343166761976,1.6843334719788938,1.947958170949372,2.233110844819957,1.6664929423106694,1.7624339229428965,2.128433723265973,2.053640365600586
2016-12-01,6,unrate,4.4,4.7,4.681957329670157,4.451584995876534,4.334692977089061,4.331450499238639,4.826888985409782,4.675332546234131
2017-01-01,1,infl_yoy,2.510393348257112,2.0507989115119862,2.2527331543253943,2.285812762228655,2.250537845786482,2.4517411038704875,2.595649314259913,2.3994178771972656
2017-01-01,1,unrate,4.7,4.7,4.686350568664413,4.661962345384593,4.6287980314685,4.691012369589499,4.844896740387488,4.73447847366333
2017-01-01,3,infl_yoy,2.44119623655914,2.0507989115119862,2.2934605645591564,2.383688884531921,1.831012692566833,1.952953022725041,2.955728866292932,2.6075360774993896
2017-01-01,3,unrate,4.4,4.7,4.664903936905351,4.540109816500116,4.619912429569806,4.575614486349172,4.81053914003441,4.78416633605957
2017-01-01,6,infl_yoy,1.640565809959127,2.0507989115119862,2.2929001619481286,2.524041439731741,1.4608365651798196,1.6141446258483518,2.3580520649397245,2.201558828353882
2017-01-01,6,unrate,4.3,4.7,4.662682716896843,4.414572908742754,4.460214397647398,4.417607956839879,4.666000515636788,4.530831813812256
2017-02-01,1,infl_yoy,2.8103616813294208,2.510393348257112,2.659453587070855,2.6633202257053004,2.744891439063301,2.835221955968396,2.8251901213823034,3.0066978931427
2017-02-01,1,unrate,4.6,4.7,4.684528000339446,4.636737671434259,4.613696104301663,4.600299990642793,4.769712006347808,4.708585739135742
2017-02-01,3,infl_yoy,2.176223471915395,2.510393348257112,2.598766636106801,2.709250479297828,2.1764940077106685,2.185300614410693,2.7835375438167023,2.8128442764282227
2017-02-01,3,unrate,4.4,4.7,4.671506343308892,4.519062757989123,4.541898390700886,4.493185257541477,4.697829352568769,4.683892250061035
2017-02-01,6,infl_yoy,1.7251073506566073,2.510393348257112,2.4985458054710885,2.685856698152155,2.2028674390550287,2.1231208593665576,2.233281940213247,2.391533851623535
2017-02-01,6,unrate,4.3,4.7,4.680244211082595,4.428537169029304,4.5198733573989,4.470154097083668,4.725858973837948,4.605597496032715
2017-03-01,1,infl_yoy,2.44119623655914,2.8103616813294208,2.856730389042948,2.875024249991601,1.9759877062274105,2.0535113786912937,2.481204386634074,2.3268654346466064
2017-03-01,1,unrate,4.4,4.6,4.595200242590996,4.531939242284064,4.497369140048086,4.450526132399677,4.440187933261094,4.551523685455322
2017-03-01,3,infl_yoy,1.856343166761976,2.8103616813294208,2.739602389274468,2.8968127570754016,1.7860244949656594,1.849547667056644,2.463470365046338,2.398932218551636
2017-03-01,3,unrate,4.4,4.6,4.569153055021399,4.433894577766761,4.443180337040243,4.429511592159552,4.613645907513427,4.5269775390625
2017-03-01,6,infl_yoy,1.92812155729698,2.8103616813294208,2.593618632563406,2.827875596131481,1.6151157814537829,1.5650225490448624,2.1176223283690456,2.0081169605255127
2017-03-01,6,unrate,4.4,4.6,4.56104030597221,4.340111902766023,4.324760941374463,4.25710606834569,4.743619541750329,4.512573719024658
2017-04-01,1,infl_yoy,2.176223471915395,2.44119623655914,2.2137748950620475,2.2804048123225837,1.994014033705978,1.982565364446216,2.1578839171865423,2.221376419067383
2017-04-01,1,unrate,4.4,4.4,4.378018793240958,4.357289341154324,4.353320134263522,4.384475468127943,4.432487951552454,4.419087886810303
2017-04-01,3,infl_yoy,1.640565809959127,2.44119623655914,2.191700402036499,2.4367335950980937,2.034853643508025,2.0457480679547158,2.072638691609564,2.145615100860596
2017-04-01,3,unrate,4.3,4.4,4.311229596603534,4.2620873017947645,4.286690694717563,4.302818496203155,4.519639359624685,4.384585857391357
2017-04-01,6,infl_yoy,2.1805652303711787,2.44119623655914,2.226037869000077,2.5795575062928044,1.5252825431525805,1.6415025427034335,2.036953993195564,1.98309588432312
2017-04-01,6,unrate,4.3,4.4,4.256629825007709,4.156920295347741,4.064803503173183,4.065368088457402,4.644649719767736,4.355656623840332
2017-05-01,1,infl_yoy,1.856343166761976,2.176223471915395,2.1234095984301,2.1959918431354413,1.8372564475096669,1.876225441373205,1.84949311014713,1.7516881227493286
2017-05-01,1,unrate,4.4,4.4,4.362740294567152,4.351559124900968,4.3189348701361485,4.3863850023471525,4.415823360242575,4.374934196472168
2017-05-01,3,infl_yoy,1.7251073506566073,2.176223471915395,2.1603639181378216,2.343026911144958,1.810287430119847,1.8177525383472064,1.8976265992753996,2.086172342300415
2017-05-01,3,unrate,4.3,4.4,4.3077458172157295,4.260269119995258,4.196647665315842,4.190577480682951,4.4877368939868925,4.431135177612305
2017-05-01,6,infl_yoy,2.020757753132485,2.176223471915395,2.2049004816609545,2.5055414767553854,1.6426916517195873,1.8025040503474763,1.9357377958560145,1.8277066946029663
2017-05-01,6,unrate,4.2,4.4,4.264862255184564,4.216783614087369,4.063810633098067,4.059206020858613,4.565197819382132,4.4129509925842285
2017-06-01,1,infl_yoy,1.640565809959127,1.856343166761976,1.7623104676157773,1.8337770449033672,1.5256285366083129,1.6181525531526482,1.5381965808356397,1.521717548370361
2017-06-01,1,unrate,4.3,4.4,4.368155469004288,4.372981579835415,4.213292913182265,4.277975607540747,4.392975762111073,4.374368667602539
2017-06-01,3,infl_yoy,1.92812155729698,1.856343166761976,1.861119606376679,2.017831040597362,1.361451672006392,1.5109097299193883,1.8195274909047092,1.709225058555603
2017-06-01,3,unrate,4.4,4.4,4.333951339284808,4.318491446633592,4.042068724522806,4.068389723460466,4.460458583681916,4.477025508880615
2017-06-01,6,infl_yoy,2.172493864295566,1.856343166761976,2.004142867939173,2.230255420552333,1.691034046012492,1.801646789449796,2.006521621194078,2.0270638465881348
2017-06-01,6,unrate,4.2,4.4,4.319408721247068,4.315251255853577,4.103558292772973,4.037241822261048,4.605833845640396,4.431715965270996
2017-07-01,1,infl_yoy,1.7251073506566073,1.640565809959127,1.6257273553469564,1.6307939437609555,1.7873318578567448,1.8069747326566543,1.7501449777365472,1.6979637145996094
2017-07-01,1,unrate,4.3,4.3,4.282853936751942,4.262661316039604,4.2127296609266125,4.258185290667946,4.333982319332522,4.347982883453369
2017-07-01,3,infl_yoy,2.1805652303711787,1.640565809959127,1.7708850285533235,1.893896999392208,1.4439167766886316,1.640184834766829,1.955800941973441,1.9334070682525637
2017-07-01,3,unrate,4.3,4.3,4.239871755145531,4.243660268803517,4.080493713254888,4.155287504569516,4.480724404621315,4.421388626098633
2017-07-01,6,infl_yoy,2.129930719552253,1.640565809959127,1.942672864336153,2.181806532349372,1.7418742470978206,1.8328433119470613,2.092208684137951,2.0810530185699463
2017-07-01,6,unrate,4.1,4.3,4.214986497302928,4.203793299978485,4.070305889173578,4.089339007815253,4.565531119790649,4.256490230560303
2017-08-01,1,infl_yoy,1.92812155729698,1.7251073506566073,1.7491279446627757,1.90167704324934,1.7023460253011105,1.8126465845697093,1.928444725113872,1.885993719100952
2017-08-01,1,unrate,4.4,4.3,4.2750658319377095,4.279774466901316,4.218577769969391,4.329936381509051,4.37853607588405,4.3537445068359375
2017-08-01,3,infl_yoy,2.020757753132485,1.7251073506566073,1.8491320827552185,2.0942038308308835,1.5065050528868404,1.6345738553205191,2.057888050629366,2.1314356327056885
2017-08-01,3,unrate,4.2,4.3,4.247825168369217,4.2787297909198525,4.180899322074973,4.292176686023957,4.501715880421538,4.316695213317871
2017-08-01,6,infl_yoy,2.151318868063945,1.7251073506566073,1.98290834335116,2.2669572965719524,1.4444427549505905,1.5550143298962986,2.033193325423684,2.0047178268432617
2017-08-01,6,unrate,4.0,4.3,4.244110167622375,4.240262382615569,4.209732319005237,4.2739561493402,4.419837752502735,4.258485794067383
2017-09-01,1,infl_yoy,2.1805652303711787,1.92812155729698,2.0836008099582184,2.0636624546624662,2.3181597121470934,2.314261501175716,2.201144295633373,2.266398668289185
2017-09-01,1,unrate,4.3,4.4,4.377627903175613,4.398386276008143,4.241939295789619,4.308977150180422,4.348450690927636,4.350825309753418
2017-09-01,3,infl_yoy,2.172493864295566,1.92812155729698,2.1186052963464665,2.187503629399504,2.2321280771429604,2.2019152777518114,2.117866892397195,2.46589732170105
2017-09-01,3,unrate,4.2,4.4,4.393759490291092,4.411614872590509,4.231939691970537,4.276395641197208,4.423067502871708,4.356528282165527
2017-09-01,6,infl_yoy,2.263468931091861,1.92812155729698,2.1347255681385437,2.208143097042919,1.864621460457741,1.77964052243487,2.122688396711632,2.0612049102783203
2017-09-01,6,unrate,4.1,4.4,4.446088593193985,4.429061314996081,4.193492740660931,4.24376912074997,4.375491450726619,4.216639995574951
2017-10-01,1,infl_yoy,2.020757753132485,2.1805652303711787,2.293491872241708,2.2865917787774417,1.9392922874322924,1.9784981319472603,2.105254550450648,2.1074886322021484
2017-10-01,1,unrate,4.2,4.3,4.309555127050765,4.309453247706672,4.17779402974065,4.209502098769947,4.324279293948923,4.2712883949279785
2017-10-01,3,infl_yoy,2.129930719552253,2.1805652303711787,2.2946644100315337,2.3647832965107587,2.372743687306917,2.4148879798259157,2.1109694796546234,2.272648572921753
2017-10-01,3,unrate,4.1,4.3,4.312454674199073,4.2859058164571895,4.125813827141025,4.162250073756075,4.2979432288548365,4.139198780059815
2017-10-01,6,infl_yoy,2.3309497646499366,2.1805652303711787,2.2937109435671386,2.3797320667404502,2.17878521292425,2.1226459922122274,2.1381696630057485,2.212878465652466
2017-10-01,6,unrate,4.0,4.3,4.347939141221099,4.262733099407371,3.935510723244439,3.9345559881537633,4.268109563503836,4.032770156860352
2017-11-01,1,infl_yoy,2.172493864295566,2.020757753132485,1.9820065773267288,1.954829702849678,2.568922598559793,2.403683410126824,2.190364835215304,2.224998712539673
2017-11-01,1,unrate,4.2,4.2,4.19585367063335,4.200214496176122,4.156851836554388,4.202543681400385,4.295044439648453,4.253474712371826
2017-11-01,3,infl_yoy,2.151318868063945,2.020757753132485,2.036479161217547,2.108308159521896,2.720528796995674,2.663019603705519,2.213369603559525,2.2843170166015625
2017-11-01,3,unrate,4.0,4.2,4.180695627768202,4.172768276510095,4.008399419719976,4.072019591852923,4.228988989986959,4.080287456512451
2017-11-01,6,infl_yoy,2.4709963021052994,2.020757753132485,2.087689671882032,2.261070735803185,2.6824957963152305,2.62948344991163,2.219907165471732,2.305248737335205
2017-11-01,6,unrate,4.0,4.2,4.193915671819122,4.1113992501733385,3.832776458676717,3.913326594930776,4.143658591376638,4.079631328582764
2017-12-01,1,infl_yoy,2.129930719552253,2.172493864295566,2.2614175449362124,2.323273656197445,2.3368372936994977,2.2844738564125304,2.1442930317658657,2.24616813659668
2017-12-01,1,unrate,4.1,4.2,4.18897116891568,4.169695964615107,4.092273442981551,4.116520853735083,4.218489282070393,4.103663921356201
2017-12-01,3,infl_yoy,2.263468931091861,2.172493864295566,2.2613884774775794,2.3943479782678434,2.550826834521952,2.528233852520564,2.1808173227536263,2.3195888996124268
2017-12-01,3,unrate,4.1,4.2,4.180213083765188,4.110623793701001,3.9438748770256367,3.9586874351587618,4.179264679879006,4.092014789581299
2017-12-01,6,infl_yoy,2.781921607842497,2.172493864295566,2.264887545999388,2.4691091682869994,2.8842868439432,2.7774475270481864,2.3440150641140365,2.566965103149414
2017-12-01,6,unrate,3.8,4.2,4.202036200543086,4.075723933898065,3.78091161251997,3.903059677203888,4.170776847968915,4.006910800933838
2018-01-01,1,infl_yoy,2.151318868063945,2.129930719552253,2.0826116833168,2.11228077288675,2.1852565888190947,2.2321798606522507,2.1143564682266645,2.1898186206817627
2018-01-01,1,unrate,4.0,4.1,4.0979605355908255,4.101478799419551,4.006250656828006,4.018817334791649,4.129173007044631,4.098773002624512
2018-01-01,3,infl_yoy,2.3309497646499366,2.129930719552253,2.117489893597829,2.2406364575650786,2.492961562706121,2.4676432811573137,2.185559795466674,2.3062832355499268
2018-01-01,3,unrate,4.0,4.1,4.075472660647991,4.027871061777722,3.879391905971339,3.959192411223799,4.1250346605144514,4.025371551513672
2018-01-01,6,infl_yoy,2.8075506935940187,2.129930719552253,2.1581239201345195,2.3724249029387163,3.0001190934547504,2.7839085426137777,2.410969925991222,2.7536697387695312
2018-01-01,6,unrate,4.0,4.1,4.08074678062923,3.9774405195218714,3.790833808905168,3.917236205607583,4.158973719913472,4.083486080169678
2018-02-01,1,infl_yoy,2.263468931091861,2.151318868063945,2.1989432730893523,2.1900967301613417,2.3338028996353266,2.1789036830785595,2.190628869651637,2.126246929168701
2018-02-01,1,unrate,4.1,4.0,3.990326081406392,3.9416924085272207,3.9319371103048986,4.009123976508514,4.095872517018923,4.083145618438721
2018-02-01,3,infl_yoy,2.4709963021052994,2.151318868063945,2.211075384518719,2.3575114666430705,2.637830825871097,2.5488289280199923,2.3536042465554856,2.486844539642334
2018-02-01,3,unrate,4.0,4.0,3.951829110588648,3.8758406266416894,3.788619648137771,3.897666493727667,4.0950813295055415,4.009296417236328
2018-02-01,6,infl_yoy,2.854124785561929,2.151318868063945,2.221742064333184,2.512257209700528,2.695661425046751,2.565313634960724,2.526274058836649,2.7529358863830566
2018-02-01,6,unrate,3.8,4.0,3.936574476437529,3.7921933097281713,3.622640176585176,3.828672898423225,4.119902145827481,4.022952556610107
2018-03-01,1,infl_yoy,2.3309497646499366,2.263468931091861,2.290980925129382,2.4037604099930725,2.56653542491345,2.532963653077828,2.3439095998746207,2.417752981185913
2018-03-01,1,unrate,4.0,4.1,4.07313782992043,4.067367535273297,3.798817786436967,3.9314459808519566,4.059819845266032,4.021334648132324
2018-03-01,3,infl_yoy,2.781921607842497,2.263468931091861,2.285024378078675,2.469678887387939,2.882974349957456,2.8034036642353133,2.5905403884379274,2.7825841903686523
2018-03-01,3,unrate,3.8,4.1,4.076476733953742,4.0349347665822295,3.736949795508445,3.817807023493607,4.041793960052307,3.964164257049561
2018-03-01,6,infl_yoy,2.642923856874257,2.263468931091861,2.27899575491993,2.463076946779297,2.628392505216328,2.617527032792894,2.622323120239629,2.8933310508728027
2018-03-01,6,unrate,3.8,4.1,4.116041644507867,4.031667825522084,3.603330185408375,3.734191517613805,4.017190575923324,3.882059812545776
2018-04-01,1,infl_yoy,2.4709963021052994,2.3309497646499366,2.345003566564188,2.348405357739635,2.67850479052526,2.6182111390958043,2.652874869457993,2.697680711746216
2018-04-01,1,unrate,4.0,4.0,3.9992504723106777,3.9830173055494495,3.866809860100505,3.941035479144838,4.040815188091063,4.04176139831543
2018-04-01,3,infl_yoy,2.8075506935940187,2.3309497646499366,2.3285411806174845,2.4183303073246054,2.8448167164121347,2.8693100404433296,2.6949421316873043,3.018535614013672
2018-04-01,3,unrate,4.0,4.0,3.994869407791204,3.943985600523628,3.780778867379355,3.840360787766013,4.02381722266102,3.9626214504241934
2018-04-01,6,infl_yoy,2.332055105808828,2.3309497646499366,2.3079198681582684,2.4523776478108097,2.7820577126573465,2.806820914681816,2.545122255448799,2.8373115062713623
2018-04-01,6,unrate,3.7,4.0,4.023757453266548,3.9329075104817175,3.5720263348118872,3.666902274520353,3.9864143971931214,3.868138313293457
2018-05-01,1,infl_yoy,2.781921607842497,2.4709963021052994,2.5099742869950243,2.546835337885048,2.940743490064952,2.888049277924029,2.7316668219364915,2.7971203327178955
2018-05-01,1,unrate,3.8,4.0,3.9944956607199713,3.9768094400418015,3.747037786720735,3.8132453939169615,4.011113626276059,3.9874088764190674
2018-05-01,3,infl_yoy,2.854124785561929,2.4709963021052994,2.461350217288403,2.5559938661896973,2.9765450446761905,2.871584895454109,2.7209193767448983,2.786682367324829
2018-05-01,3,unrate,3.8,4.0,3.997942882131481,3.964001229855084,3.6052392292423754,3.721772649434496,3.983185078372408,3.936626434326172
2018-05-01,6,infl_yoy,2.492032470218053,2.4709963021052994,2.4038651323749303,2.5370759923880035,3.0420589319039126,2.798508326273364,2.700912490817762,3.0282015800476074
2018-05-01,6,unrate,3.8,4.0,4.038565479730904,3.9516955189050087,3.4415719561584166,3.641494341277735,3.956553127017485,3.8335232734680176
2018-06-01,1,infl_yoy,2.8075506935940187,2.781921607842497,2.8622050860109263,2.888422194104568,2.910542061334651,2.876269610850078,2.8106117587551056,2.8807923793792725
2018-06-01,1,unrate,4.0,3.8,3.8089971267836176,3.775919265312568,3.836436127561806,3.925609081664261,4.032317244743935,4.021731853485107
2018-06-01,3,infl_yoy,2.642923856874257,2.781921607842497,2.74505997992936,2.8545700313676248,2.9766306854510254,2.968514083620491,2.927891618925758,2.8590145111083984
2018-06-01,3,unrate,3.8,3.8,3.768783254752522,3.7083561010395223,3.632080341771417,3.7615583080395742,3.9505450108010978,3.974587917327881
2018-06-01,6,infl_yoy,2.147328577667773,2.781921607842497,2.6054222790542614,2.8347737044237107,3.0757088471118914,2.9379180736690067,2.7517661248576566,2.919191360473633
2018-06-01,6,unrate,3.8,3.8,3.754100342491972,3.642331919037765,3.437817195681998,3.686782662515004,3.939391467458159,3.9216039180755615
2018-07-01,1,infl_yoy,2.854124785561929,2.8075506935940187,2.71350703358298,2.7607618683265907,2.666267723805564,2.710264844140971,2.848472525385528,2.823117017745972
2018-07-01,1,unrate,3.8,4.0,3.9662382735965664,3.980111242294925,3.757428274406615,3.8189686326702064,3.989763530425005,3.979712247848511
2018-07-01,3,infl_yoy,2.332055105808828,2.8075506935940187,2.625695457205837,2.73678579251998,2.5903054771635987,2.596116301380727,2.865244171357864,2.9946250915527344
2018-07-01,3,unrate,3.7,4.0,3.990246910264476,3.9762890261284745,3.694566996632653,3.786019322889155,3.9539582964582967,3.925992012023926
2018-07-01,6,infl_yoy,2.0023809043401064,2.8075506935940187,2.5336655870387483,2.569594498308147,2.4856351064167743,2.3219247832885275,2.74796339110206,2.692776918411255
2018-07-01,6,unrate,3.9,4.0,4.058438370204016,4.023985870425231,3.483690533281984,3.659705845416047,4.010490008002468,3.8676140308380127
2018-08-01,1,infl_yoy,2.642923856874257,2.854124785561929,2.876123980287813,2.869174768783142,2.5032484053618878,2.5418451477747475,2.708342037772256,2.672822952270508
2018-08-01,1,unrate,3.8,3.8,3.818979238678383,3.78064740609269,3.675844834561886,3.775625667301835,3.9612544515307295,3.9700326919555664
2018-08-01,3,infl_yoy,2.492032470218053,2.854124785561929,2.7570704537382174,2.8305711825531694,2.886026578870529,2.742674220687581,2.79631443013016,3.1031625270843506
2018-08-01,3,unrate,3.8,3.8,3.807688878608164,3.7258620343403,3.5764987939913087,3.680238840751861,3.9252567115518495,3.89221715927124
2018-08-01,6,infl_yoy,1.4875893578291333,2.854124785561929,2.6104593264476508,2.757244875196701,2.671624229322304,2.493779368756968,2.5822764804117826,2.546612024307251
2018-08-01,6,unrate,4.0,3.8,3.830354110028514,3.741190367071973,3.3971107830235168,3.609561956793192,4.105943030341831,3.915276765823364
2018-09-01,1,infl_yoy,2.332055105808828,2.642923856874257,2.469050000868993,2.5413144963309184,2.448284731595102,2.4282654315910883,2.363424385060416,2.5332486629486084
2018-09-01,1,unrate,3.7,3.8,3.790754378810064,3.8024984644656143,3.656722310680115,3.729833659356449,3.9472336081569246,3.940880060195923
2018-09-01,3,infl_yoy,2.147328577667773,2.642923856874257,2.429587090676134,2.5334272394034625,2.594969318494868,2.530717811169401,2.6203691170335826,2.7179934978485107
2018-09-01,3,unrate,3.8,3.8,3.787280504110241,3.79943219402445,3.5758292932052096,3.6663902499158594,3.952872138204561,3.8980672359466553
2018-09-01,6,infl_yoy,1.5188615351321877,2.642923856874257,2.40239997280254,2.537251653412856,2.5940482025891947,2.4792501439126786,2.3458209664464764,2.109739065170288
2018-09-01,6,unrate,3.8,3.8,3.819921599196275,3.8122701858231753,3.442131266626738,3.635687278268618,4.171976631997636,4.019470691680908
2018-10-01,1,infl_yoy,2.492032470218053,2.332055105808828,2.283434980061469,2.24348543172548,2.4359884629595894,2.3735827476540186,2.5901203843639733,2.542176485061645
2018-10-01,1,unrate,3.8,3.7,3.699263073485661,3.6655914258275306,3.726043435141352,3.782096462735842,3.9303379699377,3.880922317504883
2018-10-01,3,infl_yoy,2.0023809043401064,2.332055105808828,2.2804521264015136,2.3337958401218373,2.0308718061020965,2.078080097394662,2.586950410259267,2.4671425819396973
2018-10-01,3,unrate,3.9,3.7,3.67989419516737,3.65740824521698,3.6231136860364974,3.73079976082673,3.975016329480017,3.906043291091919
2018-10-01,6,infl_yoy,1.8831863513063984,2.332055105808828,2.2656214009446383,2.448863737678816,2.157238220224356,2.1695294016418063,2.299393358449229,2.27020525932312
2018-10-01,6,unrate,3.8,3.7,3.6932446458279458,3.674737471931393,3.5559264171274565,3.785607348788691,4.129954717266649,3.989640235900879
2018-11-01,1,infl_yoy,2.147328577667773,2.492032470218053,2.556427259043466,2.619313281443129,1.5282272862992248,1.6738732692076346,2.042847628684979,2.011061429977417
2018-11-01,1,unrate,3.8,3.8,3.789816942695448,3.8169542832076,3.723705557148364,3.800088758892368,3.910621507214128,3.894091844558716
2018-11-01,3,infl_yoy,1.4875893578291333,2.492032470218053,2.499860359017007,2.609209928847333,1.2938975993823023,1.363113344092925,2.248806822906655,1.89425790309906
2018-11-01,3,unrate,4.0,3.8,3.812562694661986,3.8146734999738734,3.764456527943358,3.838957340080566,4.049248386610362,3.9468562602996826
2018-11-01,6,infl_yoy,2.000583470209061,2.492032470218053,2.439342611344405,2.541788523340129,1.284449189677738,1.2661493650626607,2.226694771398801,2.1019186973571777
2018-11-01,6,unrate,3.7,3.8,3.87898599893139,3.879496547995319,3.709772563005532,3.881111233739196,4.116035140721695,3.9799935817718506
2018-12-01,1,infl_yoy,2.0023809043401064,2.147328577667773,1.9594605334114208,2.000359810136831,1.7386104411239456,1.8075243553420943,1.9870015527940568,1.83423912525177
2018-12-01,1,unrate,3.9,3.8,3.805118891116593,3.792588666748346,3.860706949875605,3.8989272553612864,3.9083775105967207,3.89363169670105
2018-12-01,3,infl_yoy,1.5188615351321877,2.147328577667773,2.020173965765935,2.106570097036755,1.368876079628962,1.4470068929505202,2.1418051300728025,1.956226229667664
2018-12-01,3,unrate,3.8,3.8,3.837728633564661,3.851439405988317,3.8408311626444736,3.9022191105336654,3.995624710284748,3.893580675125122
2018-12-01,6,infl_yoy,1.7959105553606136,2.147328577667773,2.098917122934821,2.158925199099189,0.9693632328158244,1.0514530021691342,2.160378001381078,2.125874757766724
2018-12-01,6,unrate,3.6,3.8,3.918176475511177,3.918516341526205,3.8481065887636015,3.9611170228202255,3.9865786277461694,3.8335330486297607
2019-01-01,1,infl_yoy,1.4875893578291333,2.0023809043401064,2.066813222777091,2.0196105002945544,1.66510122470692,1.6298289524474192,1.5067502310425622,1.7863612174987793
2019-01-01,1,unrate,4.0,3.9,3.909361296379712,3.92037660133028,3.898618759255211,3.963290130083352,3.929780925806959,3.9872448444366455
2019-01-01,3,infl_yoy,1.8831863513063984,2.0023809043401064,2.1062954102822435,2.0898767591068923,1.923013453919367,1.939261573521366,1.7663133747821484,1.9693303108215328
2019-01-01,3,unrate,3.8,3.9,3.977533296935829,4.000841560718416,3.7808532985680263,3.893495494306829,3.972485051701363,3.979783058166504
2019-01-01,6,infl_yoy,1.671194894390049,2.0023809043401064,2.1408315076566646,2.10461990910645,2.0512904627536326,1.8523092552214733,2.03896389895594,2.276158809661865
2019-01-01,6,unrate,3.6,3.9,4.104857060697817,4.114453293605232,3.821723180520377,3.975729757688364,4.213612636325892,3.958395004272461
2019-02-01,1,infl_yoy,1.5188615351321877,1.4875893578291333,1.3136086235257236,1.3812625621671684,1.6534198284210393,1.60981019568084,1.5989065977712529,1.6783510446548462
2019-02-01,1,unrate,3.8,4.0,4.027291224603746,4.064148727653526,3.797720003865525,3.8350572237837337,3.8906665989420186,3.96690821647644
2019-02-01,3,infl_yoy,2.000583470209061,1.4875893578291333,1.49159992054109,1.4847185068692643,1.7594554861294625,1.7422111271103236,1.8576951137961943,2.0645430088043213
2019-02-01,3,unrate,3.7,4.0,4.12679751004439,4.185209625276819,3.854099302062576,3.924365425552186,3.9032319750228415,3.9659833908081055
2019-02-01,6,infl_yoy,1.826331335037068,1.4875893578291333,1.7557893899914627,1.6266995027299636,2.219183079341809,2.0125184934768687,2.1358867645522803,2.138096570968628
2019-02-01,6,unrate,3.7,4.0,4.2939793651771625,4.326383507226501,3.759021225977922,3.9352993396511593,4.2154364259947785,3.9857234954833984
2019-03-01,1,infl_yoy,1.8831863513063984,1.5188615351321877,1.7664218245841878,1.5766518150778093,2.1023008208511382,2.0035933814999027,1.848199599015741,1.8980731964111328
2019-03-01,1,unrate,3.8,3.8,3.841975479461708,3.855178189704613,3.814594968213045,3.828269454021768,3.8977864275867495,3.9370179176330566
2019-03-01,3,infl_yoy,1.7959105553606136,1.5188615351321877,1.86367972379378,1.716321965184075,2.285082763257895,2.1641322902593143,2.010415502141321,2.2814483642578125
2019-03-01,3,unrate,3.6,3.8,3.8761442943881455,3.8959138933146393,3.904022616300381,3.883112365685304,3.879971233067821,3.8722352981567374
2019-03-01,6,infl_yoy,1.7376412106666406,1.5188615351321877,1.94074174816944,1.9834873476622867,2.5414290875839924,2.2838246928079604,2.0792249811448342,1.9406317472457888
2019-03-01,6,unrate,3.6,3.8,3.954338024923613,3.904726504070614,3.634950055831988,3.777828842427428,4.1068159017289805,3.823231935501098
2019-04-01,1,infl_yoy,2.000583470209061,1.8831863513063984,1.9287983033652416,2.07772841613294,1.9900116537700745,2.036112897404914,2.074505037659074,2.0696117877960205
2019-04-01,1,unrate,3.7,3.8,3.813580964756695,3.826738635117277,3.726980742885204,3.7311652357211833,3.8681488834624496,3.834006786346436
2019-04-01,3,infl_yoy,1.671194894390049,1.8831863513063984,1.9943598212755984,2.1595523774332017,2.5339758547796283,2.2589731314330987,2.127441542685076,2.2615561485290527
2019-04-01,3,unrate,3.6,3.8,3.842763607601096,3.838532999533815,3.8080083084340073,3.737825505442395,3.949950833244346,3.9299681186676025
2019-04-01,6,infl_yoy,1.6844977040391562,1.8831863513063984,2.094822806029797,2.2854542716793773,2.440364627226672,2.124903643626128,2.007452108529808,1.9772380590438845
2019-04-01,6,unrate,3.5,3.8,3.914090847793709,3.784151234375442,3.6349295685108154,3.797409384608652,4.040233825758916,3.799992084503174
2019-05-01,1,infl_yoy,1.7959105553606136,2.000583470209061,2.103893897657976,1.9929753740534668,1.574323194347755,1.4297754448138456,1.746636084583013,1.7449853420257568
2019-05-01,1,unrate,3.6,3.7,3.720362964049436,3.702422189855851,3.788786356993812,3.677199543785876,3.8390855265341934,3.834728479385376
2019-05-01,3,infl_yoy,1.826331335037068,2.000583470209061,2.1348811372269285,2.2114293753949665,1.817853596908889,1.6183489650140983,1.974028456058395,1.897478461265564
2019-05-01,3,unrate,3.7,3.7,3.735862290690321,3.648274899779484,3.7957353797562217,3.755982468767823,3.9733094359321264,3.901805877685547
2019-05-01,6,infl_yoy,1.7339736996186297,2.000583470209061,2.1443021698580003,2.3269957101004444,1.948510566167486,1.695772651668006,2.008671480872108,1.7819838523864746
2019-05-01,6,unrate,3.6,3.7,3.7905175821389614,3.582582995723444,3.6778245518098154,3.843567759234825,3.95246928524732,3.7316315174102783
2019-06-01,1,infl_yoy,1.671194894390049,1.7959105553606136,1.766800119530976,1.7788442532883966,1.8850152244118088,1.8131470989611151,1.6940623102168106,1.866219520568848
2019-06-01,1,unrate,3.6,3.6,3.595087692797775,3.610100145414217,3.747565680597624,3.671759380701188,3.872421505656639,3.831066370010376
2019-06-01,3,infl_yoy,1.7376412106666406,1.7959105553606136,1.8811457644136584,2.08508297301832,2.307026147879608,2.100109893750121,1.9305268333267889,2.0754573345184326
2019-06-01,3,unrate,3.6,3.6,3.5748148116521823,3.5066294188229907,3.751070742262293,3.704915996577901,3.998479847899032,3.850087881088257
2019-06-01,6,infl_yoy,2.092290394862917,1.7959105553606136,2.0060013874651723,2.285360514840517,2.7100995202134173,2.4255190063354104,2.0731382526943563,2.050886392593384
2019-06-01,6,unrate,3.6,3.6,3.585125875816781,3.4226900658055444,3.576853036068192,3.733467644903302,3.879782119492317,3.8946356773376474
2019-07-01,1,infl_yoy,1.826331335037068,1.671194894390049,1.6825428782146925,1.8080716019618408,2.0465839570720785,1.9331105774553063,1.9009580993435933,1.986850380897522
2019-07-01,1,unrate,3.7,3.6,3.592374576132741,3.538341694315144,3.787159700969112,3.724714834795813,3.855960217645484,3.823394775390625
2019-07-01,3,infl_yoy,1.6844977040391562,1.671194894390049,1.8181783730437109,2.02824258107058,2.325512532069513,2.1203619238656706,2.072710112790153,2.2144317626953125
2019-07-01,3,unrate,3.5,3.6,3.590407192027101,3.4564802125692937,3.829005606768774,3.782168884499849,3.8440525257866183,3.698718786239624
2019-07-01,6,infl_yoy,2.3195274699624457,1.671194894390049,1.9644555428660115,2.2621391319425808,2.808015172887448,2.4930187946315505,2.128613612516214,2.266693592071533
2019-07-01,6,unrate,3.6,3.6,3.62627620014704,3.384336976315512,3.598108729860712,3.853945040950542,3.814493411851024,3.635211706161499
2019-08-01,1,infl_yoy,1.7376412106666406,1.826331335037068,1.841571403563844,1.984079129050518,1.7459051298421748,1.663587573696735,1.751238434056925,1.9895507097244265
2019-08-01,1,unrate,3.6,3.7,3.697710169857992,3.6568037700261575,3.684339880178405,3.637951579341389,3.816432827941491,3.8541998863220215
2019-08-01,3,infl_yoy,1.7339736996186297,1.826331335037068,1.9230933350578243,2.0938889440370145,2.1375689460646043,2.0743194942557053,1.9962025498467608,1.8667447566986084
2019-08-01,3,unrate,3.6,3.7,3.735550207787648,3.630891757739733,3.621351469930077,3.596625342440082,3.737799488784761,3.7223424911499023
2019-08-01,6,infl_yoy,2.599767976845202,1.826331335037068,2.041561124877208,2.1973771087894107,2.57498996000841,2.3324657478531616,2.209953933885248,2.1620092391967773
2019-08-01,6,unrate,3.6,3.7,3.818250772906554,3.628433172247844,3.4582121630901552,3.618910054943329,3.9299333019376377,3.809894561767578
2019-09-01,1,infl_yoy,1.6844977040391562,1.7376412106666406,1.7004450478229367,1.7074227092157854,1.9392461696502927,1.793031056590126,1.837147258699892,2.061264991760254
2019-09-01,1,unrate,3.5,3.6,3.620007292675681,3.587129000206244,3.573601704770282,3.5255804329646505,3.71537727399642,3.6599862575531006
2019-09-01,3,infl_yoy,2.092290394862917,1.7376412106666406,1.822678825992475,1.89013709363784,2.097946315552428,1.973026188380504,1.9804950135260648,1.8298903703689573
2019-09-01,3,unrate,3.6,3.6,3.6391661611673434,3.585227705103268,3.4772421879872946,3.5312422446475766,3.703111136792308,3.695321559906006
2019-09-01,6,infl_yoy,2.34131667975952,1.7376412106666406,1.9606834193178075,2.0662671026453223,2.3435873900752893,2.025890054504254,2.1710299665702597,2.2633395195007324
2019-09-01,6,unrate,3.5,3.6,3.7023293613800576,3.5576882318448257,3.3299632619606734,3.5199398829674715,3.9101442085021008,3.7568821907043457
2019-10-01,1,infl_yoy,1.7339736996186297,1.6844977040391562,1.7163298283409414,1.7387555266551655,1.769040342770895,1.7559799096155593,1.7966246880010914,1.8308334350585935
2019-10-01,1,unrate,3.6,3.5,3.5181998598465025,3.4958147904815458,3.548545791086636,3.601184376737108,3.6946733195725847,3.635669469833374
2019-10-01,3,infl_yoy,2.3195274699624457,1.6844977040391562,1.848759657675808,1.935684053298104,1.830240191720648,1.744091964916711,1.954184015297391,1.974963665008545
2019-10-01,3,unrate,3.6,3.5,3.525283391626005,3.471457282534286,3.495869402333992,3.642868691202633,3.6785266734942064,3.641588926315308
2019-10-01,6,infl_yoy,1.4940399642909163,1.6844977040391562,1.9875995120414012,2.159858644066074,2.0358344638346755,1.7770307554718796,2.001109747292414,2.0425667762756348
2019-10-01,6,unrate,4.4,3.5,3.573998001647191,3.4097613901309014,3.490521708404005,3.7143812058837447,4.043432564969868,3.968449831008911
2019-11-01,1,infl_yoy,2.092290394862917,1.7339736996186297,1.82625798125734,1.860343029693412,2.2046735358633383,2.1454600094894114,2.124774556147182,2.3297762870788574
2019-11-01,1,unrate,3.6,3.6,3.590276749713146,3.5916195324371665,3.5250454823943853,3.6128786992892006,3.6987213784676056,3.679628372192383
2019-11-01,3,infl_yoy,2.599767976845202,1.7339736996186297,1.92567330762695,1.9900693845687345,2.3538802275670125,2.1373458834005548,2.05655900086829,2.2026560306549072
2019-11-01,3,unrate,3.6,3.6,3.6207699531802287,3.5724231263883754,3.482382912819548,3.563728289273965,3.6976516301159386,3.685612678527832
2019-11-01,6,infl_yoy,0.3130472940411133,1.7339736996186297,2.034192122317221,2.114111642942857,2.066871637843582,1.967056344137055,1.937956071826346,1.8305877447128296
2019-11-01,6,unrate,14.8,3.6,3.698616987028632,3.566284648632011,3.4455982298128296,3.7072143912879,4.234388654877011,5.3272480964660645
2019-12-01,1,infl_yoy,2.3195274699624457,2.092290394862917,2.2505493564713563,2.2533258547464,2.441033230075836,2.3632238971020523,2.289498965970382,2.2757656574249268
2019-12-01,1,unrate,3.6,3.6,3.613317604212091,3.5865798315044377,3.5333176751586413,3.570290802872434,3.70845535126638,3.67093563079834
2019-12-01,3,infl_yoy,2.34131667975952,2.092290394862917,2.2636179371470364,2.3047330420041026,2.336566448233439,2.236923417035527,2.256756007323499,2.373210191726685
2019-12-01,3,unrate,3.5,3.6,3.6566372113845658,3.557856552955643,3.6017843732268977,3.6113018603523366,3.771096053058863,3.6874477863311768
2019-12-01,6,infl_yoy,0.1982013035848551,2.092290394862917,2.2712359486973366,2.316928847257225,1.9262540771800307,2.041049464129679,1.8336197970111128,1.4484204053878784
2019-12-01,6,unrate,13.2,3.6,3.7516980858935938,3.555092374321435,4.14988440466912,4.071213017771123,4.714131889556728,6.096663475036621
2020-01-01,1,infl_yoy,2.599767976845202,2.3195274699624457,2.382634907306362,2.3805747505170016,2.3967820115071934,2.3415629781359266,2.5100075523845984,2.2623305320739746
2020-01-01,1,unrate,3.6,3.6,3.620951718762128,3.58175577770718,3.557618829884012,3.602086797154687,3.6985183131810273,3.6647870540618896
2020-01-01,3,infl_yoy,1.4940399642909163,2.3195274699624457,2.352359701442853,2.391306158933819,1.822741551541026,1.8710406429756672,2.1611441945700456,1.9968550205230715
2020-01-01,3,unrate,4.4,3.6,3.670114825739029,3.5868796373063656,3.627792104368601,3.6416322468814113,3.991497844303932,3.907193660736084
2020-01-01,6,infl_yoy,0.7166562831830481,2.3195274699624457,2.322258031976081,2.3581136773937383,1.1951302786586322,1.362519387803452,1.7326500906432738,1.3707053661346436
2020-01-01,6,unrate,11.0,3.6,3.77223050092356,3.575325231251869,4.293423311865036,4.377577401059784,5.110026009932186,11.753872871398926
2020-02-01,1,infl_yoy,2.34131667975952,2.599767976845202,2.6457963744527047,2.696256842079253,1.8834278889997096,1.91748623475563,2.298152541614846,2.2347633838653564
2020-02-01,1,unrate,3.5,3.6,3.6224073423784193,3.580182914185305,3.559220485512901,3.51764579561933,3.731950933229107,3.647808790206909
2020-02-01,3,infl_yoy,0.3130472940411133,2.599767976845202,2.568340905980864,2.6208266903030557,1.1870870870503782,1.332291056615111,1.895388381262901,1.7026821374893188
2020-02-01,3,unrate,14.8,3.6,3.671630355833653,3.579403734866128,4.313492576438664,3.9384865347007256,4.3073076738860525,4.074840545654297
2020-02-01,6,infl_yoy,0.9968647625897996,2.599767976845202,2.4864895565403726,2.512965957228189,0.5264853592388372,0.6921855659090539,1.4733119992173849,1.5416996479034424
2020-02-01,6,unrate,10.2,3.6,3.772677378472459,3.59283887357286,4.573052808804348,4.419706627213257,6.341333495222588,10.976012229919434
2020-03-01,1,infl_yoy,1.4940399642909163,2.34131667975952,2.1893738390574264,2.1752184262600007,0.3122103052781249,0.5974688860212698,1.5763102662937352,1.5416793823242188
2020-03-01,1,unrate,4.4,3.5,3.5302802703045364,3.530643579732399,4.546612779522562,4.581377926901262,4.269128231367888,4.257459163665772
2020-03-01,3,infl_yoy,0.1982013035848551,2.34131667975952,2.2020185374275028,2.219096035144021,-1.6330408183924336,-1.2801288990621176,1.2721030597067744,0.7269824743270874
2020-03-01,3,unrate,13.2,3.5,3.554691706630803,3.50817939283243,5.44222545628086,5.469290845567166,5.610986520592511,6.247717380523682
2020-03-01,6,infl_yoy,1.2810698495523851,2.34131667975952,2.2209302095274888,2.268732950342238,-1.903940264283142,-1.530663540541057,1.009086031317736,0.6403800249099731
2020-03-01,6,unrate,8.4,3.5,3.624252220538567,3.515838268883233,7.205876193965289,6.68807063137176,7.627031435617815,13.735834121704102
2020-04-01,1,infl_yoy,0.3130472940411133,1.4940399642909163,1.2307839970123269,1.2838306306341098,-0.4918368151209829,-0.0206596775824334,0.2059323109864915,0.4930881857872009
2020-04-01,1,unrate,14.8,4.4,4.355656326620718,4.3663899224634815,50.14198281025202,49.165982873237496,8.966352390879676,12.042999267578123
2020-04-01,3,infl_yoy,0.7166562831830481,1.4940399642909163,1.4329109333914722,1.2976172569002826,-4.620847053376849,-4.786558956942118,0.5120255968851726,0.4098597764968872
2020-04-01,3,unrate,11.0,4.4,4.615395294585114,4.614260932520446,29.336788522914446,32.604316313168866,8.969945587735852,7.955937385559082
2020-04-01,6,infl_yoy,1.3910228912373812,1.4940399642909163,1.679933007458796,1.1338553942540694,-9.800794028059224,-5.636605091258744,1.2334195902679292,1.0526987314224243
2020-04-01,6,unrate,7.8,4.4,4.990897243020371,4.999711847756666,22.2301567566546,22.722453996886365,8.230019330994924,7.981427669525146
2020-05-01,1,infl_yoy,0.1982013035848551,0.3130472940411133,0.0399622763763656,-1.430163895643736,-4.138484501936881,-0.525889813984965,0.1702340077547193,1.037181735038757
2020-05-01,1,unrate,13.2,14.8,26.73381661236684,26.50711507769258,5.202255581370059,7.076169818279005,9.982460094218649,11.230975151062012
2020-05-01,3,infl_yoy,0.9968647625897996,0.3130472940411133,0.5340878468842358,-8.978454880767842,-3.671160745491216,-0.057293735081644,0.5619541683765665,1.5958293676376345
2020-05-01,3,unrate,10.2,14.8,54.90261694138756,54.63709655780335,1.9212282513761945,8.57200457757011,9.378254500891265,9.170971870422363
2020-05-01,6,infl_yoy,1.2303863428671624,0.3130472940411133,1.0772773375181184,-22.83927934927497,-11.440093154854216,-6.433804470852786,1.696027414411276,1.1018290519714355
2020-05-01,6,unrate,6.9,14.8,105.36399628012718,108.56650057004398,12.810432045139976,13.305927857317304,8.239872242623301,7.506314277648926
2020-06-01,1,infl_yoy,0.7166562831830481,0.1982013035848551,0.4762457049510198,-0.998385095701784,0.3339501583403854,0.5203404062015242,0.5273551087027283,0.9888082146644592
2020-06-01,1,unrate,11.0,13.2,12.978277971413462,13.36888840039694,7.837983039007303,9.217494610365902,10.293261988011988,10.338176727294922
2020-06-01,3,infl_yoy,1.2810698495523851,0.1982013035848551,0.9061147121722924,-0.7604309885060305,-8.232742337079511,-1.1126175518980213,1.0717368980432376,1.2451499700546265
2020-06-01,3,unrate,8.4,13.2,12.556431592307362,13.245543360402795,13.385127377727716,14.378501325269823,8.907872720717533,10.70827293395996
2020-06-01,6,infl_yoy,1.1757452138405844,0.1982013035848551,1.3570581487431743,0.1754877646541575,-5.842684736125335,-2.2829652144567456,1.6239735773427262,1.3021516799926758
2020-06-01,6,unrate,6.7,13.2,11.974187994686243,12.557788710565903,10.49116766234322,10.245566592893743,7.99137713333353,7.287221431732178
2020-07-01,1,infl_yoy,0.9968647625897996,0.7166562831830481,1.1013897321698145,1.04945027780471,-3.128965720167112,1.8390344932716072,1.1161991746917597,1.194743514060974
2020-07-01,1,unrate,10.2,11.0,11.42348701801793,11.159100679102997,13.505023109003382,12.335650343948409,10.157372276334776,10.15097999572754
2020-07-01,3,infl_yoy,1.3910228912373812,0.7166562831830481,1.3713476880034323,1.218431293631671,-15.888903852540622,-7.365132661605156,1.6585933942685398,1.4540077447891235
2020-07-01,3,unrate,7.8,11.0,11.78740503699533,11.158640730495176,28.94533497983389,21.89424097754578,8.622989349921665,8.1820650100708
2020-07-01,6,infl_yoy,1.3204191315779434,0.7166562831830481,1.6602319610581524,1.4223510015706031,-5.249920602574617,-0.4804831635374862,1.497006934177534,1.37002694606781
2020-07-01,6,unrate,6.7,11.0,11.784707237017672,10.77314392662512,15.557230394483682,15.631908201513289,7.998980323489147,7.595966339111328
2020-08-01,1,infl_yoy,1.2810698495523851,0.9968647625897996,1.0888674925694235,1.080177103082521,-3.198524891142168,0.225050547344062,1.2617840286559412,1.1665732860565186
2020-08-01,1,unrate,8.4,10.2,10.145701627913054,10.387960357583356,13.236894389502648,10.581515542720396,8.290055699610846,8.803837776184082
2020-08-01,3,infl_yoy,1.2303863428671624,0.9968647625897996,1.3597822688641392,1.2035344731200297,-2.333267971499154,-0.660230955552545,1.6292539468895568,1.6531744003295898
2020-08-01,3,unrate,6.9,10.2,10.037187228677126,10.1664046907661,19.57575847044325,15.922259569089295,8.241186347158173,7.777157306671143
2020-08-01,6,infl_yoy,1.3738437137002402,0.9968647625897996,1.6500989519548857,1.4331723204894644,4.584588352460337,3.095583378506219,1.5605465157208191,1.501892328262329
2020-08-01,6,unrate,6.4,10.2,9.697737279991951,9.777202072679302,16.998969655365155,15.014521363843754,8.176680552216327,7.7864670753479
2020-09-01,1,infl_yoy,1.3910228912373812,1.2810698495523851,1.5038084768039328,1.418714796517951,-0.7353543870779511,-1.0606953956657676,1.4421690746570408,1.52031409740448
2020-09-01,1,unrate,7.8,8.4,8.432285779284928,8.324412877123837,19.196065618540477,17.133986035692196,7.853603680143387,7.999155044555664
2020-09-01,3,infl_yoy,1.1757452138405844,1.2810698495523851,1.686256570147911,1.5221373207659912,0.8737684878637746,-0.4275241669696181,1.7517188025430053,1.8731640577316284
2020-09-01,3,unrate,6.7,8.4,8.525548790947228,8.290837436410603,16.989438689234255,15.982817752893029,7.630841075241785,7.824623584747314
2020-09-01,6,infl_yoy,1.6698167791706853,1.2810698495523851,1.8758536110131443,1.6990951954948244,3.778290594210461,4.420930092674219,1.9985695591880324,2.0000884532928467
2020-09-01,6,unrate,6.2,8.4,8.253633523628144,7.960033798934441,33.76918406354817,29.69022044161884,8.26208093028526,7.585603713989258
2020-10-01,1,infl_yoy,1.2303863428671624,1.3910228912373812,1.4605434587191346,1.4310912666405011,0.9353468345313304,0.7173390692505521,1.2370419291238897,1.3180289268493652
2020-10-01,1,unrate,6.9,7.8,7.96722791872023,7.897139350186957,11.869036202146347,14.124606739357985,7.024498419236424,7.196340560913086
2020-10-01,3,infl_yoy,1.3204191315779434,1.3910228912373812,1.6372777670567245,1.5463572579881393,-0.9426513312066382,-0.3354115359633578,1.443553574012677,1.6342990398406982
2020-10-01,3,unrate,6.7,7.8,7.89218639826575,7.74790475018919,25.30304860546761,22.89348291176103,7.450298475655751,7.413257122039795
2020-10-01,6,infl_yoy,2.6678187820641908,1.3910228912373812,1.830997875039576,1.7267961466689987,3.646883463469345,3.48132503139174,2.3648263370486777,2.520281791687012
2020-10-01,6,unrate,6.1,7.8,7.6627676582124735,7.479159486387946,30.792910859352016,30.53137442879172,7.913897977307297,6.980772018432617
2020-11-01,1,infl_yoy,1.1757452138405844,1.2303863428671624,1.2015235709043657,1.191602570385408,1.7936213043256322,2.015571771720959,1.2228968321840736,1.3500155210494995
2020-11-01,1,unrate,6.7,6.9,6.884803361217053,6.932226989785844,8.265321215558007,7.217343451065619,6.626829213158796,7.299072742462158
2020-11-01,3,infl_yoy,1.3738437137002402,1.2303863428671624,1.4425012812148268,1.369674611867762,2.312229879327621,1.8668324221563253,1.5542673639627056,1.605855941772461
2020-11-01,3,unrate,6.4,6.9,6.922202879427205,6.910762278557396,7.9183126911165,6.883708297823799,6.753996258061894,6.470817565917969
2020-11-01,6,infl_yoy,4.133077115360573,1.2303863428671624,1.7016422090905032,1.6152236921336771,2.8653258541979896,2.929916812154494,3.155130293979839,3.3802804946899414
2020-11-01,6,unrate,6.1,6.9,6.786432582393231,6.709828901733854,7.894076920940913,7.20803825672119,6.803157548676374,6.370033264160156
2020-12-01,1,infl_yoy,1.3204191315779434,1.1757452138405844,1.2856196274409732,1.2386341521683035,1.9228870411494647,1.6620140910073298,1.2863997133966971,1.333105206489563
2020-12-01,1,unrate,6.7,6.7,6.785021432517112,6.761541272239765,6.101170219684614,6.101209555124489,6.637327382374248,7.090036869049072
2020-12-01,3,infl_yoy,1.6698167791706853,1.1757452138405844,1.5092503538552913,1.448129338662748,2.887633297216328,2.376873796472476,1.5407239710412282,1.658771514892578
2020-12-01,3,unrate,6.2,6.7,6.72525746050607,6.651576502482227,6.424544218104793,6.328274382083205,6.756934840478855,6.322267055511475
2020-12-01,6,infl_yoy,4.918257089467626,1.1757452138405844,1.7477829802897136,1.6629151897082777,2.535183246025274,2.5052989190094364,2.495527965486008,2.998124599456787
2020-12-01,6,unrate,5.8,6.7,6.613574471539168,6.498699427532374,5.949540243770882,5.958928715447449,6.294071413285685,5.748208999633789
2021-01-01,1,infl_yoy,1.3738437137002402,1.3204191315779434,1.45727592263718,1.4608263960376324,1.9359466319059688,1.799369428658614,1.4573617484590111,1.4642903804779053
2021-01-01,1,unrate,6.4,6.7,6.6812648556634056,6.648096802204714,7.161920439712189,6.932713090925722,6.27025081165996,6.225290775299072
2021-01-01,3,infl_yoy,2.6678187820641908,1.3204191315779434,1.6400880687745207,1.6242162209986282,2.6303140245740178,2.474211148145619,1.6357099804532451,1.6698191165924072
2021-01-01,3,unrate,6.1,6.7,6.618548150248635,6.523024866540222,6.730683390326018,6.63811964703223,6.761790580882469,6.162876605987549
2021-01-01,6,infl_yoy,5.295632620349999,1.3204191315779434,1.8349803038286616,1.7819906485044386,3.661486508388604,3.20147456516183,1.8582765417923648,2.221569299697876
2021-01-01,6,unrate,5.9,6.7,6.520601542661209,6.404365901525627,6.051270420694146,5.975005093901379,6.034259214084434,5.960245609283447
2021-02-01,1,infl_yoy,1.6698167791706853,1.3738437137002402,1.436826019505105,1.4335798839459184,2.083836969721883,2.1650860073413143,1.810590227494269,1.6935045719146729
2021-02-01,1,unrate,6.2,6.4,6.374159897918895,6.355206656433401,7.231291781330835,6.928012163795003,6.376370097104479,6.614041328430176
2021-02-01,3,infl_yoy,4.133077115360573,1.3738437137002402,1.6200112130078037,1.57967789583282,2.4366607690950035,2.523639822036259,1.8327612664347592,2.040095090866089
2021-02-01,3,unrate,6.1,6.4,6.362592849933502,6.311258068913408,6.660019535649757,6.426152966143922,6.821653493095489,6.166844844818115
2021-02-01,6,infl_yoy,5.245169381309234,1.3738437137002402,1.8177365789320503,1.7606790577627611,3.863591610289903,3.3037238659564663,1.9155664035807565,2.6253349781036377
2021-02-01,6,unrate,5.4,6.4,6.297633258244677,6.2098352420748935,6.791878133320898,6.618891510174482,5.952321237992697,5.677847862243652
2021-03-01,1,infl_yoy,2.6678187820641908,1.6698167791706853,1.8612739709005552,1.837979561431869,2.475082746438896,2.4726057356046205,2.531122120239593,2.325594663619995
2021-03-01,1,unrate,6.1,6.2,6.2128600527571365,6.146611392239122,5.607280402347885,5.812143906679895,6.3190513443793925,6.054295539855957
2021-03-01,3,infl_yoy,4.918257089467626,1.6698167791706853,1.9568594858988964,1.9130793073141237,3.075664773466709,2.8782909773531413,2.322320679194851,2.708024024963379
2021-03-01,3,unrate,5.8,6.2,6.202722253444314,6.091753481288969,5.322266137886478,5.549685053733155,6.477292431743301,5.896188259124756
2021-03-01,6,infl_yoy,5.152015301793966,1.6698167791706853,2.053262470297081,1.9905118181617123,3.2056863129877384,2.794331806856308,2.269809347471873,2.758808135986328
2021-03-01,6,unrate,5.1,6.2,6.158730612624116,6.047234787960163,5.772510582921196,5.828946154304762,5.807707822778728,5.485917568206787
2021-04-01,1,infl_yoy,4.133077115360573,2.6678187820641908,3.101765483536973,3.0650308781814237,4.680986644603109,4.4135652278847095,4.157418700512733,3.7928853034973145
2021-04-01,1,unrate,6.1,6.1,6.106459909855019,5.89052120981807,5.907020714302856,6.362397773822672,6.226188728995023,6.151101589202881
2021-04-01,3,infl_yoy,5.295632620349999,2.6678187820641908,2.912844412053948,2.870467116367403,4.627363421946445,4.148376004575996,3.250627124569699,3.32431960105896
2021-04-01,3,unrate,5.9,6.1,6.098552126269904,5.829378839236316,5.643887129743845,5.932613163920106,6.320330398756072,5.800410270690918
2021-04-01,6,infl_yoy,5.351215590949132,2.6678187820641908,2.6994503718653857,2.643526906189006,2.9395661579043244,3.0789126508030007,1.9724808115818,2.4496114253997803
2021-04-01,6,unrate,4.7,6.1,6.068335296263581,5.899835944773292,4.922202093938754,5.2232167149137645,5.578288753944563,5.371301174163818
2021-05-01,1,infl_yoy,4.918257089467626,4.133077115360573,4.5599795693664245,4.556122241008566,5.243299101503127,4.932737045051746,4.396112027172124,4.217317581176758
2021-05-01,1,unrate,5.8,6.1,6.103250554274164,5.780822937976687,5.043341157935916,5.618481354964539,5.870685829295504,5.788963317871094
2021-05-01,3,infl_yoy,5.245169381309234,4.133077115360573,4.025217021935142,3.997633232539076,4.466491331661125,4.135736551658197,3.386374114225202,3.4730663299560547
2021-05-01,3,unrate,5.4,6.1,6.082887219741984,5.754598556524476,5.572947720705239,5.709334006181993,6.122513350550729,5.906054496765137
2021-05-01,6,infl_yoy,6.235042390298062,4.133077115360573,3.443420495600485,3.4078294388975388,3.895522781116398,3.840585563583566,2.610292884521252,2.927719116210937
2021-05-01,6,unrate,4.5,6.1,6.054831826304917,5.918820786822759,4.679324878284465,5.264099312606086,5.488826645047726,5.456568241119385
2021-06-01,1,infl_yoy,5.295632620349999,4.918257089467626,4.864097779576463,4.870555849212466,5.61137332340603,5.301624156228838,4.6402042522029685,4.472103118896484
2021-06-01,1,unrate,5.9,5.8,5.791368004794419,5.618801670012451,4.718707782566964,5.1355290656745565,5.943967315857375,5.737232208251953
2021-06-01,3,infl_yoy,5.152015301793966,4.918257089467626,4.24510426932287,4.1719333503830125,4.310213176129491,4.433996424987836,3.747355140941678,3.783768653869629
2021-06-01,3,unrate,5.1,5.8,5.835078674825747,5.75925504071033,4.824154933640946,5.307475620686779,6.104022685954943,5.966378688812256
2021-06-01,6,infl_yoy,6.901970403700863,4.918257089467626,3.585321253430977,3.564486114583425,4.354484599951549,4.261299072865499,3.623055563497352,4.810279846191406
2021-06-01,6,unrate,4.1,5.8,5.8399089087519584,5.908100561015631,5.024168212743403,5.275330315500343,5.388538905959874,5.071473598480225
2021-07-01,1,infl_yoy,5.245169381309234,5.295632620349999,5.169737965787475,5.139179106379344,4.435595447759653,4.669639534705713,4.864554068227156,4.791860103607178
2021-07-01,1,unrate,5.4,5.9,5.941355770575225,5.848970987137138,5.751191840813377,5.802025631969227,5.837492883287393,5.542824745178223
2021-07-01,3,infl_yoy,5.351215590949132,5.295632620349999,4.518069826701454,4.4519662401248254,3.243532944982402,3.6325991186954902,4.011518296371163,3.579040050506592
2021-07-01,3,unrate,4.7,5.9,5.921834156736869,5.943882961583617,5.404341643105437,5.676349051299959,5.827010740655806,5.520976543426514
2021-07-01,6,infl_yoy,7.174340285065539,5.295632620349999,3.802847679991252,3.7638005471205513,3.600846589555591,3.9828371997715,4.217954030361443,5.210829734802246
2021-07-01,6,unrate,3.9,5.9,5.915007623164343,6.078043481018907,5.834669769238034,5.510994000658142,5.257200481346027,4.769845962524414
2021-08-01,1,infl_yoy,5.152015301793966,5.245169381309234,4.977601003926375,4.9425785624586505,4.491942983574312,4.723021615048813,4.9153701179651765,4.7922844886779785
2021-08-01,1,unrate,5.1,5.4,5.386096326545423,5.404439692694837,5.299936459385034,5.435790822956802,5.447102282409066,5.059641361236572
2021-08-01,3,infl_yoy,6.235042390298062,5.245169381309234,4.353161046163217,4.304381768120009,4.004578851729359,4.028007113736968,4.036595339924104,4.174838542938232
2021-08-01,3,unrate,4.5,5.4,5.49430948149515,5.6178521521674565,5.407971661684898,5.275778112409908,5.572408936340447,4.929824352264404
2021-08-01,6,infl_yoy,7.558805726967832,5.245169381309234,3.682410087920924,3.68715324832988,2.6947132054185348,3.4037223028044314,4.117221366136057,5.526530742645264
2021-08-01,6,unrate,4.0,5.4,5.544316825460054,5.760849503084362,6.2637186859278895,5.6855336658836375,5.213081844512771,4.4647064208984375
2021-09-01,1,infl_yoy,5.351215590949132,5.152015301793966,4.885417005023911,4.9027459773332485,5.282569968231004,5.221274714547022,5.02998478397847,4.860641479492188
2021-09-01,1,unrate,4.7,5.1,5.191073797503293,5.190771509519454,4.699468427656306,4.654260259505104,5.100605775813261,4.765647888183594
2021-09-01,3,infl_yoy,6.901970403700863,5.152015301793966,4.307484835154436,4.32780335113117,4.63422483587731,4.703279182524113,4.295102483220208,4.808294296264648
2021-09-01,3,unrate,4.1,5.1,5.28680574911086,5.369779734107881,4.776517930819877,4.347440150570398,5.427161329529654,4.629494667053223
2021-09-01,6,infl_yoy,7.937278766517819,5.152015301793966,3.672016819391609,3.71608240211218,3.5509817587747965,4.126748547653999,2.3133005861492624,3.0857162475585938
2021-09-01,6,unrate,3.9,5.1,5.364146206731336,5.537267270050855,4.854327466679898,4.822256419282324,5.117536136932165,4.338840007781982
2021-10-01,1,infl_yoy,6.235042390298062,5.351215590949132,5.294351935740833,5.257692625160849,6.382732121132237,6.272649446561548,5.161650066679925,5.19104528427124
2021-10-01,1,unrate,4.5,4.7,4.767888148384966,4.717851289436139,4.03230652513483,4.079039467232029,4.664412116223045,4.4875969886779785
2021-10-01,3,infl_yoy,7.174340285065539,5.351215590949132,4.65054797633065,4.665384143376583,5.880159666695862,5.653852429953388,4.995464784927583,5.977567672729492
2021-10-01,3,unrate,3.9,4.7,4.925030027310532,4.903251995809476,3.6208904832973934,3.842615881856655,5.03412966344402,4.102166175842285
2021-10-01,6,infl_yoy,8.572204966013853,5.351215590949132,3.933520395329413,3.9756459034737226,5.420748715732618,5.39484831908175,2.6121609654242945,4.353483200073242
2021-10-01,6,unrate,3.7,4.7,5.050298087890017,5.130582689442809,3.818223275567247,4.075218200216119,4.804464342488342,4.335452079772949
2021-11-01,1,infl_yoy,6.901970403700863,6.235042390298062,6.386275143425411,6.412998991355854,6.589682024292163,6.502935732623957,5.350489208896133,5.778374195098877
2021-11-01,1,unrate,4.1,4.5,4.6109641503314025,4.388309226944973,4.471028662171918,4.487043352771202,4.228499946824114,4.095325946807861
2021-11-01,3,infl_yoy,7.558805726967832,6.235042390298062,5.583277635135871,5.677741652114639,5.359232211463791,5.364056200944463,5.593826938395929,6.371099472045898
2021-11-01,3,unrate,4.0,4.5,4.756097478092652,4.521633138938249,3.8321360131814464,4.224404924873702,4.83342249133735,3.799439668655396
2021-11-01,6,infl_yoy,8.231750770777225,6.235042390298062,4.661180280312195,4.766078585527678,4.81950813717936,4.97801463537723,4.807936682280359,6.658994197845459
2021-11-01,6,unrate,3.7,4.5,4.903130131221605,4.827880181067027,3.405737804111144,3.821969707115861,4.425572577150766,4.12744665145874
2021-12-01,1,infl_yoy,7.174340285065539,6.901970403700863,6.817507043254463,6.828395909260172,7.312623861104832,7.326132572805589,5.653566323059243,6.360897064208984
2021-12-01,1,unrate,3.9,4.1,4.190291456200488,4.012900995881768,3.192101691017543,3.7000229732580983,4.116580158415122,3.836975574493408
2021-12-01,3,infl_yoy,7.937278766517819,6.901970403700863,5.953324552196761,5.973909970716032,6.678792516960284,6.639613489772966,6.008254523453307,7.169981479644775
2021-12-01,3,unrate,3.9,4.1,4.399473781085309,4.252202681913786,2.765606415997353,3.421906997048008,4.79435041453654,4.389901161193848
2021-12-01,6,infl_yoy,8.538171195642065,6.901970403700863,4.962445728591198,5.060869050212205,6.13232867134546,5.986480781878566,6.137961041527909,7.936273097991943
2021-12-01,6,unrate,3.6,4.1,4.592332470345257,4.563798197587966,2.998415541958064,3.5042036118340745,4.357106291742139,4.170589923858643
2022-01-01,1,infl_yoy,7.558805726967832,7.174340285065539,6.914115539533952,6.932347530278372,7.663761667012541,7.632647197087173,5.870921001338414,6.8480401039123535
2022-01-01,1,unrate,4.0,3.9,4.037066478796024,3.921337979027318,3.61157030368993,3.819255407259671,4.061302576152974,3.950467824935913
2022-01-01,3,infl_yoy,8.572204966013853,7.174340285065539,6.083589633774001,6.099847382270007,7.564147432001459,7.376543430022325,6.1799177257781,6.052248001098633
2022-01-01,3,unrate,3.7,3.9,4.233670923210104,4.167252550831611,2.7766218511103813,3.3991756509119058,4.140791674881322,3.779187440872192
2022-01-01,6,infl_yoy,8.979361103105798,7.174340285065539,5.111282050403278,5.209648987852717,7.673023148526829,7.485186575217021,6.508117659063361,7.097007751464844
2022-01-01,6,unrate,3.6,3.9,4.4464993358297935,4.468725686315385,3.137527454195381,3.5164309290791675,4.279730622318644,4.364989757537842
2022-02-01,1,infl_yoy,7.937278766517819,7.558805726967832,7.497113075212378,7.453425371784322,8.070223166182192,7.888124737781451,6.112079710036002,6.49615478515625
2022-02-01,1,unrate,3.9,4.0,4.118055277630463,3.976286557993824,3.183019620452491,3.4417775243699777,4.076811392321167,3.8644089698791504
2022-02-01,3,infl_yoy,8.231750770777225,7.558805726967832,6.6519939529200185,6.670919794406427,8.30767920339461,8.141915376615572,5.88411015900528,4.993104934692383
2022-02-01,3,unrate,3.7,4.0,4.278360938979608,4.145585161956433,2.649391832037512,3.1687493021264337,4.013646378563836,3.780109882354736
2022-02-01,6,infl_yoy,8.462576727730099,7.558805726967832,5.632690295092991,5.725163826104085,8.211111681885553,8.149137815605162,6.516900559400527,7.660026550292969
2022-02-01,6,unrate,3.5,4.0,4.484468560318748,4.45262768498924,3.2644123508479126,3.514519813733245,4.104616102442916,3.900420427322388
2022-03-01,1,infl_yoy,8.572204966013853,7.937278766517819,7.872961379520069,7.816810027623937,8.91830835525392,8.710029584740232,6.280396327139289,6.981031894683838
2022-03-01,1,unrate,3.7,3.9,3.9835317651165374,3.8407623129451536,3.0083649059109807,3.3527739988522813,3.874158518346507,3.723108768463135
2022-03-01,3,infl_yoy,8.538171195642065,7.937278766517819,7.196488822436648,7.038779816734139,8.893006413269237,8.635829265488795,5.931819724452732,5.489358425140381
2022-03-01,3,unrate,3.6,3.9,4.174549655840541,4.034103063998751,2.832033809356614,3.2865447432508685,3.9914367036720897,3.885535478591919
2022-03-01,6,infl_yoy,8.222579178218826,7.937278766517819,6.3128597695246045,6.107821617983012,8.34627402817116,8.303132705048425,6.505362766526575,6.552234172821045
2022-03-01,6,unrate,3.6,3.9,4.392036415609319,4.330411517848838,3.1059131805905813,3.333856882457078,4.087982562456793,3.809952735900879
2022-04-01,1,infl_yoy,8.231750770777225,8.572204966013853,8.592742121481997,8.600863435324754,7.966074817481488,8.00261768851797,6.687273889564676,7.138739585876465
2022-04-01,1,unrate,3.7,3.7,3.809647632832961,3.5994022107112453,3.1300215797774977,3.3824932158928736,3.8366472140917,3.83890962600708
2022-04-01,3,infl_yoy,8.979361103105798,8.572204966013853,7.780052631658938,7.860107779414863,8.107910966395698,8.013366396885383,6.3278643964464125,5.516590595245361
2022-04-01,3,unrate,3.6,3.7,4.021208918009417,3.7582121389401326,3.127391711846811,3.438890765825352,3.8649065526184,3.830832481384277
2022-04-01,6,infl_yoy,8.192106896425821,8.572204966013853,6.742156119725109,6.921056937486524,7.477678422218546,7.543888148034646,6.489595599292322,6.273748874664307
2022-04-01,6,unrate,3.5,3.7,4.255433785080718,4.051955202095192,3.4507958998291817,3.511367018425385,3.993448553972371,3.864457130432129
2022-05-01,1,infl_yoy,8.538171195642065,8.231750770777225,7.672293386422595,7.697571051478025,8.549297313681688,8.529416668139971,7.046857514263147,7.517496585845947
2022-05-01,1,unrate,3.6,3.7,3.82485146204555,3.8287259338240114,3.1232582954632093,3.343507713948076,3.7819874695594495,3.746877670288086
2022-05-01,3,infl_yoy,8.462576727730099,8.231750770777225,6.872885498150176,6.925658904223238,8.121759741189264,8.079195372767924,6.497112193970176,5.843643665313721
2022-05-01,3,unrate,3.5,3.7,4.01428357704755,4.092613977927167,3.4552944722052032,3.533571354767896,3.905110460270033,3.5322985649108887
2022-05-01,6,infl_yoy,7.758813957693,8.231750770777225,5.919434520745135,6.132211172534723,7.320030431811394,7.151812509792316,6.704742701264945,6.411136150360107
2022-05-01,6,unrate,3.6,3.7,4.247722760192058,4.336954521886261,3.430298083393472,3.506177331578966,4.17009736925851,3.83223295211792
2022-06-01,1,infl_yoy,8.979361103105798,8.538171195642065,8.524630233502705,8.542936483097051,8.906706673700793,8.747644757148809,7.551623145643606,7.558521270751953
2022-06-01,1,unrate,3.6,3.6,3.702330156746274,3.559648811521257,3.541750452854405,3.639132578542834,3.723763624154649,3.7376725673675537
2022-06-01,3,infl_yoy,8.222579178218826,8.538171195642065,7.824200569917136,7.948732493926534,7.95732744926768,7.898472726314161,7.152160818632384,6.001801013946533
2022-06-01,3,unrate,3.6,3.6,3.913296839023205,3.682616854990963,3.990139620813092,4.055439046893588,4.093771953994314,3.658379077911377
2022-06-01,6,infl_yoy,7.122856456533988,8.538171195642065,6.792561582675071,7.102751215527015,6.994919120919748,6.876492824895918,6.232064220528136,6.21102237701416
2022-06-01,6,unrate,3.6,3.6,4.156782223262323,3.942533678595832,3.2015118210818,3.625949390728133,4.780031624039999,4.5492095947265625
2022-07-01,1,infl_yoy,8.462576727730099,8.979361103105798,8.921171439544826,8.953079933108679,7.993113630798108,8.018267829695837,7.64973284617013,7.5575714111328125
2022-07-01,1,unrate,3.5,3.6,3.720924089776638,3.54007664728986,3.5270765609161723,3.732314407179579,3.682296190460488,3.657177209854126
2022-07-01,3,infl_yoy,8.192106896425821,8.979361103105798,8.19767595831239,8.335169675078111,7.269007823726223,7.393319538574472,7.269628175162663,5.9958319664001465
2022-07-01,3,unrate,3.5,3.6,3.9151641183806,3.661839775661976,4.030775385875282,4.078605132664134,4.474921166323338,3.824665546417236
2022-07-01,6,infl_yoy,6.404600402357152,8.979361103105798,7.198580274358466,7.549733013127822,5.638562939606845,5.931946387672372,5.328686593078803,4.707255363464356
2022-07-01,6,unrate,3.5,3.6,4.156578317610648,3.905014319328776,3.3954752367314285,3.7155959877291176,5.574898421238107,4.622989177703857
2022-08-01,1,infl_yoy,8.222579178218826,8.462576727730099,7.869543538726566,7.913621530096412,8.146809661673498,7.928359856553165,7.885127963922938,7.788906097412109
2022-08-01,1,unrate,3.6,3.5,3.604213955187989,3.636310519304825,3.641249778049809,3.8272995907547775,3.686699036711086,3.7457990646362314
2022-08-01,3,infl_yoy,7.758813957693,8.462576727730099,7.107451784869414,7.268933875363931,6.874264981414255,6.969885433093441,7.718098726255802,6.678616046905518
2022-08-01,3,unrate,3.6,3.5,3.819653050939879,3.891090083564213,3.7809175588386874,3.959537149658165,4.796946388044724,4.046085357666016
2022-08-01,6,infl_yoy,6.327178517960097,8.462576727730099,6.228108480484698,6.586620225215293,5.436813572553078,5.517108987623983,5.508819747887794,5.668869495391846
2022-08-01,6,unrate,3.5,3.5,4.070112272402403,4.097627389802945,3.099636273094469,3.585578969656284,6.573395078382307,6.296443939208984
2022-09-01,1,infl_yoy,8.192106896425821,8.222579178218826,7.990670822174622,8.007610495214019,7.762695821683254,7.875607679219798,7.986428179880519,7.80145788192749
2022-09-01,1,unrate,3.5,3.6,3.72346744763028,3.6894055652541633,3.5087781627703394,3.441501490804824,3.6507771883278015,3.611629724502564
2022-09-01,3,infl_yoy,7.122856456533988,8.222579178218826,7.362063879063376,7.513081527492904,6.079965507626003,6.36281111579526,7.397857753105845,5.878475666046143
2022-09-01,3,unrate,3.6,3.6,3.9035561584678966,3.8208374515648194,3.3133268159673164,3.6317428987609306,5.50553679276296,4.998968601226807
2022-09-01,6,infl_yoy,5.957820738137087,8.222579178218826,6.507905408653585,6.82085529566862,4.882911711221711,5.265095422073861,5.831514692888186,4.886436939239502
2022-09-01,6,unrate,3.6,3.6,4.142519166300734,4.03412543415158,3.528341048927314,3.769885680143109,7.674945663885673,6.048442363739014
2022-10-01,1,infl_yoy,7.758813957693,8.192106896425821,7.994001514658933,8.046915507475202,7.260338071410412,7.507135831064481,8.018949511655904,7.870563507080078
2022-10-01,1,unrate,3.6,3.5,3.590896930627148,3.5183390236070844,3.3077813126112234,3.462347294822465,3.644125109726068,3.623117208480835
2022-10-01,3,infl_yoy,6.404600402357152,8.192106896425821,7.3760201876243325,7.555617058884021,6.28322274054292,6.444342543691136,7.061906672096873,5.76577091217041
2022-10-01,3,unrate,3.5,3.5,3.8045824341538,3.658738399126459,2.7692217298828283,3.283199125405946,5.8870108977401925,5.079613208770752
2022-10-01,6,infl_yoy,4.917719362889961,8.192106896425821,6.553533380228648,6.89190925914477,5.216229636191824,5.449929200782415,5.656306448853389,4.760244369506836
2022-10-01,6,unrate,3.5,3.5,4.0526626542138295,3.865964557918868,3.3742104695632165,3.580773293479155,7.47983169559887,9.246783256530762
2022-11-01,1,infl_yoy,7.122856456533988,7.758813957693,7.3281827775326,7.37342527500757,6.472981845607368,6.6384264644615865,7.702744674250314,7.095537662506104
2022-11-01,1,unrate,3.6,3.6,3.7228591355570178,3.730667083754637,3.495162977563968,3.887339896387236,3.6277454603645034,3.685600996017456
2022-11-01,3,infl_yoy,6.327178517960097,7.758813957693,6.718838164808938,6.87722489064347,5.824695149013731,5.88977465026805,6.961410377436039,6.102942943572998
2022-11-01,3,unrate,3.5,3.6,3.898684933658797,3.9033558070701657,3.3018402459401344,3.889162954606567,5.626773306504425,9.421984672546388
2022-11-01,6,infl_yoy,4.950079879124369,7.758813957693,5.980459726536771,6.283599974453615,4.736051025890103,4.808300056290891,5.31525193843069,4.701512813568115
2022-11-01,6,unrate,3.4,3.6,4.134406145041318,4.092753287396746,3.7839431822907543,3.765801833556989,7.033159627438614,6.343485355377197
2022-12-01,1,infl_yoy,6.404600402357152,7.122856456533988,6.68593572767533,6.718444285422193,5.974597093811119,6.062491752468937,6.975662558881659,6.1710638999938965
2022-12-01,1,unrate,3.5,3.6,3.688620569291009,3.754600978745718,3.6991013848402297,3.639396348186717,3.668588201090884,3.687438488006592
2022-12-01,3,infl_yoy,5.957820738137087,7.122856456533988,6.1388528697008224,6.296981151436316,5.729505981521951,5.5622971812983,6.918847144933651,5.695003032684326
2022-12-01,3,unrate,3.6,3.6,3.880679908673528,3.9396500014361817,4.143499025314558,4.031823025706998,5.150493622762509,5.464576244354248
2022-12-01,6,infl_yoy,4.131851231385042,7.122856456533988,5.480052200967046,5.761535828694495,4.25899508542274,4.076869883307023,5.021207573825122,3.939837694168091
2022-12-01,6,unrate,3.6,3.6,4.116574688476315,4.1236383993003125,4.390135203953251,4.176379378980555,6.8825933183354975,5.166443824768066
2023-01-01,1,infl_yoy,6.327178517960097,6.404600402357152,5.963403833334617,6.006387010851383,6.164627599290658,6.007860131939788,6.592212580849391,6.333284854888916
2023-01-01,1,unrate,3.5,3.5,3.604353114319184,3.686763077788028,3.74108608772963,3.708992779360072,3.608656386724002,3.684523105621338
2023-01-01,3,infl_yoy,4.917719362889961,6.404600402357152,5.479666159756484,5.648003433928319,5.837997276963828,5.458184175627553,6.32559880931451,5.736126899719238
2023-01-01,3,unrate,3.5,3.5,3.808810883396073,3.886500857263269,4.148243954312807,3.902298729016824,5.108205694959796,4.981866836547852
2023-01-01,6,infl_yoy,3.070617072997095,6.404600402357152,4.919362136374949,5.183312640863579,4.240941569711484,3.913378371522764,4.480240872861588,3.793405771255493
2023-01-01,6,unrate,3.6,3.5,4.050595821552268,4.076113329560904,4.289038833702967,4.25972235505361,6.292181335317057,5.024730682373047
2023-02-01,1,infl_yoy,5.957820738137087,6.327178517960097,6.243987125900551,6.28343980763006,5.761199189261783,5.7237952690482405,6.250161637533799,5.866575717926025
2023-02-01,1,unrate,3.6,3.5,3.615249496065193,3.565110653003577,3.810159702006061,3.698896076652278,3.603830868509717,3.6028192043304443
2023-02-01,3,infl_yoy,4.950079879124369,6.327178517960097,5.818824900288607,5.962963640214931,5.247881367921531,5.183390386673031,5.659720842343846,5.115841388702393
2023-02-01,3,unrate,3.4,3.5,3.807886244109428,3.680398853124223,4.009827158774126,3.841100170592741,4.675388099249012,3.6032214164733887
2023-02-01,6,infl_yoy,3.287749268428297,6.327178517960097,5.222056105546472,5.448419203783296,3.991283197470304,3.8069481178966216,4.111775288884042,3.605159997940064
2023-02-01,6,unrate,3.5,3.5,4.0478864017942,3.895183665370233,4.082652083768295,4.138897614860523,5.716473923153206,4.030248165130615
2023-03-01,1,infl_yoy,4.917719362889961,5.957820738137087,5.616667316720704,5.661341118463712,4.207426823074265,4.583630862760104,5.050965947892988,5.011366367340088
2023-03-01,1,unrate,3.5,3.6,3.704753695667241,3.722466484156645,3.005708883629452,3.024012803535625,3.589422663887876,3.649066209793091
2023-03-01,3,infl_yoy,4.131851231385042,5.957820738137087,5.185458039731517,5.3092756557863945,3.716376211551116,3.938918280111384,3.914924518117685,3.838046550750733
2023-03-01,3,unrate,3.6,3.6,3.8791787647316274,3.890492074581996,3.872395323278226,3.7735720346197135,4.564135266882607,3.93066143989563
2023-03-01,6,infl_yoy,3.722504803505289,5.957820738137087,4.690035628210606,4.894756122541938,3.280077060874173,3.262410074184892,3.5532340859252454,3.2885468006134038
2023-03-01,6,unrate,3.7,3.6,4.109580550979748,4.084780282185312,4.311102186326979,4.362546070888511,5.718482421735505,4.742004871368408
2023-04-01,1,infl_yoy,4.950079879124369,4.917719362889961,4.4968908927018685,4.355135969885473,4.829783646352103,4.800689638831145,5.102531159449227,4.754299163818359
2023-04-01,1,unrate,3.4,3.5,3.588684527894449,3.761236328267188,3.5606293027899176,3.528905183936243,3.599397755232717,3.569166660308838
2023-04-01,3,infl_yoy,3.070617072997095,4.917719362889961,4.276097283408808,4.1103827526543135,4.438569688966412,4.243449842981996,3.613108296972923,3.4646975994110107
2023-04-01,3,unrate,3.6,3.5,3.792046188402538,4.019207615960583,4.524203033548181,4.391992341409288,4.545503550495491,5.130141735076904
2023-04-01,6,infl_yoy,3.687206638119256,4.917719362889961,3.9832996812503008,3.8883729016796336,3.59165019776177,3.501343373090237,3.465123737526878,3.696109771728516
2023-04-01,6,unrate,3.7,3.5,4.03001071339831,4.199944040801689,4.935895417667302,4.949313018488305,5.749028692026176,4.928581237792969
2023-05-01,1,infl_yoy,4.131851231385042,4.950079879124369,5.115483070675485,5.0538246378803375,3.846704087966687,3.7939329350998183,4.198507395885383,4.233782768249512
2023-05-01,1,unrate,3.6,3.4,3.515045597168561,3.465263688572076,4.639293288900054,4.469325166454967,3.579481377508029,3.673841714859009
2023-05-01,3,infl_yoy,3.287749268428297,4.950079879124369,5.093214975582078,4.879205726744079,4.1943208577277735,4.077675378626305,3.1904544835628625,3.328705072402954
2023-05-01,3,unrate,3.5,3.4,3.7205513648079855,3.590344444051685,4.749438415665274,4.742733316948417,4.8754570427968975,4.994211673736572
2023-05-01,6,infl_yoy,3.2512659098611785,4.950079879124369,4.99758468388381,4.495902154699152,3.324883431830677,3.335739250029848,3.1460614958182243,3.481894016265869
2023-05-01,6,unrate,3.9,3.4,3.964198112452933,3.831001284137248,5.676618171562693,5.442101236119772,6.399776531277457,6.1970038414001465
2023-06-01,1,infl_yoy,3.070617072997095,4.131851231385042,3.602532157824577,3.65773557431948,3.2684989293790085,3.1494935321656925,3.142248412275088,3.177544593811035
2023-06-01,1,unrate,3.6,3.6,3.7171878306696335,3.8490415197648025,3.950143334168904,3.804011216222431,3.5909916711740526,3.679961442947388
2023-06-01,3,infl_yoy,3.722504803505289,4.131851231385042,3.360550751865474,3.457542054128832,3.5215447579748878,3.669820824663935,2.723020701062522,3.0362141132354736
2023-06-01,3,unrate,3.7,3.6,3.875048812224838,4.072699988104155,3.938336873818152,3.918142334631291,4.782441788729177,4.359227657318115
2023-06-01,6,infl_yoy,3.133346274591186,4.131851231385042,3.1952152713518824,3.3287845248116428,2.975175850245697,3.0410380226136624,2.913685756077656,3.050499677658081
2023-06-01,6,unrate,3.7,3.6,4.100327427706327,4.26549659626904,5.576433044584378,5.316769337525352,5.485710839367031,4.824451923370361
2023-07-01,1,infl_yoy,3.287749268428297,3.070617072997095,2.642487915320959,2.638112776062881,3.81254615354034,3.6107583209136527,3.3227379804176653,3.2968478202819824
2023-07-01,1,unrate,3.5,3.6,3.674738404587655,3.8749528711725065,3.2585932471091072,3.398648014567188,3.6015104626944527,3.650876760482788
2023-07-01,3,infl_yoy,3.687206638119256,3.070617072997095,2.5688514996213,2.607918822990744,3.8965763932181217,3.863259453980232,3.0010669262276184,3.470554113388061
2023-07-01,3,unrate,3.7,3.6,3.8577102479312,4.1247901528889255,3.475857277912369,3.6097826863717537,4.409667845407594,3.893871068954468
2023-07-01,6,infl_yoy,3.3159099427102934,3.070617072997095,2.556007817858692,2.6266385750756123,3.0842228995281613,3.2780375241183184,2.959946344244812,3.156278610229492
2023-07-01,6,unrate,3.8,3.6,4.08311821787499,4.320311058483558,5.124283077881738,4.880265565465273,5.027929645342154,4.384899139404297
2023-08-01,1,infl_yoy,3.722504803505289,3.287749268428297,3.520823815727025,3.531505940239555,3.776769026334052,3.8242896285146974,3.341134057261332,3.3950138092041016
2023-08-01,1,unrate,3.7,3.5,3.599441918084254,3.5506781523075484,3.8777561847602176,3.729733851917586,3.5954333603765125,3.708272933959961
2023-08-01,3,infl_yoy,3.2512659098611785,3.287749268428297,3.4413993298277745,3.5226050422939794,4.04769526545753,3.921912470868748,3.2676022018703943,3.6429603099823
2023-08-01,3,unrate,3.9,3.5,3.793228200188334,3.68510179546011,4.798727654267711,4.459798663945129,4.1762350212138,3.9310028553009033
2023-08-01,6,infl_yoy,3.0883429864855705,3.287749268428297,3.262102234292342,3.3350117198649256,2.853390666586272,3.203956334783532,3.0503201442345493,3.086654663085937
2023-08-01,6,unrate,3.7,3.5,4.023637290178642,3.942447304964944,5.1997188709235225,4.851915042613383,5.034945360982398,4.022786140441895
2023-09-01,1,infl_yoy,3.687206638119256,3.722504803505289,3.808294115105832,3.856629388765089,3.953037084585669,3.893428526875659,3.4679058377102514,3.705629587173462
2023-09-01,1,unrate,3.7,3.7,3.810450930306474,3.716416633415475,3.859046062079696,3.735054684037496,3.6195178072521457,3.713665246963501
2023-09-01,3,infl_yoy,3.133346274591186,3.722504803505289,3.653415587130972,3.707341981003953,4.238375555527488,4.201103406220957,3.264282066628915,3.622451305389404
2023-09-01,3,unrate,3.7,3.7,3.955768162166808,3.833109037672626,4.8251171275710885,4.32656039164489,4.25896611805644,4.114012718200684
2023-09-01,6,infl_yoy,3.157074141648697,3.722504803505289,3.433957916435513,3.496059937007226,3.31973321051238,3.286828599420792,3.152623557599248,3.2257440090179443
2023-09-01,6,unrate,3.9,3.7,4.167174498699332,4.070547488635062,4.74681449769708,4.567869625026152,4.649064674080993,4.003533363342285
2023-10-01,1,infl_yoy,3.2512659098611785,3.687206638119256,3.559635454919788,3.5565213744363624,2.988784958895652,2.9689338566525727,3.215940541703187,3.180971622467041
2023-10-01,1,unrate,3.9,3.7,3.767431902039159,3.7673454827054753,4.774036787776788,4.469353696219214,3.8492275414472,3.9579572677612314
2023-10-01,3,infl_yoy,3.3159099427102934,3.687206638119256,3.408883293462451,3.393406187919882,2.9852349714575226,3.13149212155906,3.097556237645909,3.0470433235168457
2023-10-01,3,unrate,3.8,3.7,3.9391996049956206,3.959832335211064,5.073449516704595,4.896013800118419,3.951020315363885,3.948753833770752
2023-10-01,6,infl_yoy,3.4868349120836584,3.687206638119256,3.236515750105612,3.256988231417629,2.824129038632317,2.8235239624844937,3.118820398048608,3.025114059448242
2023-10-01,6,unrate,3.9,3.7,4.150860302309258,4.173246983357478,4.8879101701633205,4.934377054355637,4.479225897676383,4.076747417449951
2023-11-01,1,infl_yoy,3.133346274591186,3.2512659098611785,2.980027555011279,3.010985208031178,2.8346513298592564,2.992834338095466,3.173886004323036,2.9925332069396973
2023-11-01,1,unrate,3.7,3.9,3.995414443418071,4.061864876045739,4.282282080945409,4.1311049483663,3.735730320539797,3.826893568038941
2023-11-01,3,infl_yoy,3.0883429864855705,3.2512659098611785,3.063073919778218,2.9353994565744443,2.513337055299494,2.8451839022724377,2.979081854403949,3.0019898414611816
2023-11-01,3,unrate,3.7,3.9,4.121299998621076,4.23096188461731,4.918414218745583,4.668787291829126,3.763528312700916,3.876344680786133
2023-11-01,6,infl_yoy,3.3607951262196734,3.2512659098611785,3.050426454773689,2.8849534746167573,2.4341601436793123,2.5586547330255285,3.0505051503288843,3.177356004714966
2023-11-01,6,unrate,3.9,3.9,4.31194348471715,4.413673290310556,5.1186905637504365,4.991031805122271,4.369017897130967,4.183376312255859
2023-12-01,1,infl_yoy,3.3159099427102934,3.133346274591186,3.3811189291148205,3.124136285723097,3.2619404547380197,3.3624995898685137,3.205028346752419,3.173490524291992
2023-12-01,1,unrate,3.8,3.7,3.754645215168742,3.785990404079118,4.137854690714964,4.213159242291065,3.769823536225256,3.829689025878906
2023-12-01,3,infl_yoy,3.157074141648697,3.133346274591186,3.268579435380427,3.0876412226984558,3.102661689006524,3.2803775328969045,3.134437608335892,3.272637128829956
2023-12-01,3,unrate,3.9,3.7,3.946797808289384,3.971493068849813,4.892673733738181,4.5717163263537,3.74651845606768,3.9480173587799072
2023-12-01,6,infl_yoy,3.244278584003113,3.133346274591186,3.295486981494989,2.994348402134899,2.606572538175169,2.7451633541632714,3.1988607846792174,3.359243869781494
2023-12-01,6,unrate,3.9,3.7,4.15500404563776,4.187331906974493,5.354405068388546,5.160799555622073,4.175674720481626,4.106375217437744
2024-01-01,1,infl_yoy,3.0883429864855705,3.3159099427102934,3.174031127144042,3.393632161341872,3.110203872466336,3.2149327668228564,3.227332071657912,3.3676772117614746
2024-01-01,1,unrate,3.7,3.8,3.916475131454386,3.871017752544576,4.110927521028526,4.109188490127741,3.756014661295816,3.8136603832244873
2024-01-01,3,infl_yoy,3.4868349120836584,3.3159099427102934,3.2326830699853275,3.3128653413803018,2.718545893977286,2.909596126332652,3.013561290996537,3.1471219062805176
2024-01-01,3,unrate,3.9,3.8,4.056346007879665,3.9970876779252063,4.914419255162463,4.602835668772511,3.9179145751039375,3.9591081142425537
2024-01-01,6,infl_yoy,2.9702579486470926,3.3159099427102934,3.166492002616155,3.174659706942508,2.668576941272492,2.7937341463182808,3.178399860646972,3.6079044342041016
2024-01-01,6,unrate,4.1,3.8,4.251420391272684,4.212193698096729,5.558081107731479,5.249178884940435,4.6414722921471565,4.29063892364502
2024-02-01,1,infl_yoy,3.157074141648697,3.0883429864855705,3.0582044927040983,2.9250549756981674,3.1449517294340086,3.115179520034598,3.193748533074144,3.215400218963623
2024-02-01,1,unrate,3.9,3.7,3.767720828781058,3.819808507773712,3.965588109799904,3.929450122497118,3.770255429511686,3.879944324493408
2024-02-01,3,infl_yoy,3.3607951262196734,3.0883429864855705,3.045258893081745,2.8490092060789163,2.551153585467403,2.788792719760716,3.011496542388821,3.2128632068634038
2024-02-01,3,unrate,3.9,3.7,3.947885565990093,4.03134813233034,4.919351810362755,4.548605568849656,3.844536753434381,3.999045372009277
2024-02-01,6,infl_yoy,2.9414757935583014,3.0883429864855705,3.062678707681008,2.809604664937824,2.395929020181822,2.562209951396821,3.081606917425784,3.2647452354431152
2024-02-01,6,unrate,4.2,3.7,4.153483338921218,4.238088971501606,5.26286590447762,5.037677178041025,4.305346754278187,4.214073181152344
2024-03-01,1,infl_yoy,3.4868349120836584,3.157074141648697,3.2185805555589977,3.20222567369756,3.487347162362276,3.45048858486448,3.302662676264964,3.3751089572906494
2024-03-01,1,unrate,3.9,3.9,4.005869174291914,3.979907559355778,4.194575087785754,3.989039018493213,3.858789879992112,3.965203046798706
2024-03-01,3,infl_yoy,3.244278584003113,3.157074141648697,3.146850530072181,3.150595134767386,3.006808288878264,3.1873801518277527,3.2107457623653888,3.2192816734313965
2024-03-01,3,unrate,3.9,3.9,4.1274431457014,4.094221661758355,4.788569382606928,4.485183042097198,3.765681309891263,3.974945306777954
2024-03-01,6,infl_yoy,2.607144490692037,3.157074141648697,3.0259558713227275,3.043208826369529,2.633789165921504,2.820660285412451,3.118357342543524,3.283601760864258
2024-03-01,6,unrate,4.2,3.9,4.312456003301154,4.296939039736492,4.994148513163135,4.820177886636335,4.139916009423722,4.084379196166992
2024-04-01,1,infl_yoy,3.3607951262196734,3.4868349120836584,3.5056187816893867,3.604159466921093,2.9579241550446813,3.231823166249868,3.246558720253846,3.171252489089966
2024-04-01,1,unrate,3.9,3.9,3.953685702959324,3.892656690518983,4.101115969336503,3.977543618982317,3.854397184093205,3.93598747253418
2024-04-01,3,infl_yoy,2.9702579486470926,3.4868349120836584,3.482919045882704,3.4902264400377057,2.631666423396943,2.7616485964437736,3.1616079479353245,3.4126951694488525
2024-04-01,3,unrate,4.1,3.9,4.105658719553519,4.018486721685538,4.976274669427713,4.773975255094636,4.013016576759168,4.345039367675781
2024-04-01,6,infl_yoy,2.4264830315416708,3.4868349120836584,3.4905711797033314,3.3207201151144328,2.630644826361478,2.5867205761388625,3.057582699431238,2.9854867458343506
2024-04-01,6,unrate,4.1,3.9,4.291922800719092,4.224921566570417,5.163988399153048,4.9497987170906805,4.194058371201208,4.323702812194824
2024-05-01,1,infl_yoy,3.244278584003113,3.3607951262196734,3.3009011251854443,3.2128038369016303,2.8693397994283134,3.0241748929192696,3.195884138038528,3.1195571422576904
2024-05-01,1,unrate,3.9,3.9,3.9838715654555017,3.9981560720562737,4.3096503836413245,4.216129687215712,3.854578818709329,3.96613883972168
2024-05-01,3,infl_yoy,2.9414757935583014,3.3607951262196734,3.32313738510522,3.096784092633146,2.718901547991022,2.889940121418442,3.08980641655226,3.0218048095703125
2024-05-01,3,unrate,4.2,3.9,4.126770785264911,4.172144622894283,4.924661245222225,4.697082256571679,3.922548902461185,4.066086769104004
2024-05-01,6,infl_yoy,2.578844053871343,3.3607951262196734,3.279537819019636,3.0155627221287533,2.641343260964536,2.55260603905778,3.0399558360235197,3.2067010402679443
2024-05-01,6,unrate,4.1,3.9,4.309578027821438,4.355390635844509,4.955314030160444,4.796383203308284,4.129951734477091,4.215287208557129
2024-06-01,1,infl_yoy,2.9702579486470926,3.244278584003113,3.203684166746346,3.1800707215083235,2.9625697666536035,2.979022669909868,2.915476607785154,2.937922716140747
2024-06-01,1,unrate,4.1,3.9,3.975944781976424,3.9964778939208094,4.201266924911137,4.109249080619464,3.906239333914721,4.00636625289917
2024-06-01,3,infl_yoy,2.607144490692037,3.244278584003113,3.201620749686607,3.111829642130152,3.3179099932842746,3.3908718219547347,2.979570461927679,3.1417744159698486
2024-06-01,3,unrate,4.2,3.9,4.122134916934955,4.148913981620513,4.157974639889393,4.069181398849177,3.930485104051568,4.090756893157959
2024-06-01,6,infl_yoy,2.719472461284833,3.244278584003113,3.203407503302051,3.022007401683108,2.971172643502727,2.947513489999321,3.0303449395073216,3.123305559158325
2024-06-01,6,unrate,4.2,3.9,4.304371096608963,4.335883045455577,4.665601372998486,4.657464038462811,4.250492424760177,4.2213568687438965
2024-07-01,1,infl_yoy,2.9414757935583014,2.9702579486470926,2.909816587005812,2.8366840253012446,3.040475266027049,2.981741794060817,2.8891910004675445,2.91267991065979
2024-07-01,1,unrate,4.2,4.1,4.18034010654304,4.2243720125342135,4.388653326124755,4.3597422518250575,4.287988726285838,4.222970008850098
2024-07-01,3,infl_yoy,2.4264830315416708,2.9702579486470926,2.9309987182702115,2.801982759730378,2.8852999146617573,2.913158098779923,2.890738341419338,3.1501054763793945
2024-07-01,3,unrate,4.1,4.1,4.286640018958892,4.35669578149014,4.654934392454633,4.601571522962986,4.246933965876318,4.217705726623535
2024-07-01,6,infl_yoy,2.870690967509981,2.9702579486470926,2.8821206161600164,2.76972352970812,2.754865051513635,2.791115845394677,3.015513418626443,3.2640771865844727
2024-07-01,6,unrate,4.1,4.1,4.449913759879738,4.521773968716033,5.190769486030855,5.138872582179743,4.577291476911598,4.861437797546387
2024-08-01,1,infl_yoy,2.607144490692037,2.9414757935583014,2.91642269291969,2.957798749670723,2.55059856923414,2.521976698316616,2.562066414070855,2.584670305252075
2024-08-01,1,unrate,4.2,4.2,4.246892682350159,4.253084618393676,4.234290814503225,4.314429725637478,4.270244547119954,4.307281017303467
2024-08-01,3,infl_yoy,2.578844053871343,2.9414757935583014,2.906299911129657,2.9354159623172658,2.430552897423026,2.6620255493910108,2.8246985084705183,2.5674614906311035
2024-08-01,3,unrate,4.1,4.2,4.359514674611405,4.362323227649438,4.8239008741927005,4.626412349464237,4.218504271545197,4.238782405853272
2024-08-01,6,infl_yoy,2.9909783078999608,2.9414757935583014,2.9089736873051777,2.868196616568101,2.5809279463714487,2.58010409242088,2.960116208140883,2.913940191268921
2024-08-01,6,unrate,4.0,4.2,4.513871978449617,4.528482187101722,5.018908304731028,5.079950603664323,4.266020405175783,4.473342418670654
2024-09-01,1,infl_yoy,2.4264830315416708,2.607144490692037,2.424301395115819,2.4452774843725336,2.228713306649512,2.262789664128199,2.295663053367121,2.260730028152466
2024-09-01,1,unrate,4.1,4.2,4.256197152899498,4.323506594023376,4.775036734843527,4.5326315190591,3.961817860672504,4.1208038330078125
2024-09-01,3,infl_yoy,2.719472461284833,2.607144490692037,2.407374863142108,2.4431487280453847,2.095385554260968,2.228028165749634,2.391630686474383,2.437436580657959
2024-09-01,3,unrate,4.2,4.2,4.375152197851532,4.483502115884936,4.897949983574058,4.820600003949665,4.030564322094541,4.12217378616333
2024-09-01,6,infl_yoy,2.8015834477613355,2.607144490692037,2.4306497648068164,2.4746314806575658,2.1960547505403243,2.110466077194161,2.3214844688458336,2.5958027839660645
2024-09-01,6,unrate,4.2,4.2,4.5269453182066215,4.6354190902382,5.265107748024598,5.353927463303036,4.632124994962252,4.285305500030518
2024-10-01,1,infl_yoy,2.578844053871343,2.4264830315416708,2.4015858334613798,2.3961205872268394,2.5626516258241474,2.6325776535016936,2.6376177910479464,2.624485731124878
2024-10-01,1,unrate,4.1,4.1,4.163114236925937,4.211179540832058,4.262349602800654,4.283825432037738,3.96294874444471,4.077819347381592
2024-10-01,3,infl_yoy,2.870690967509981,2.4264830315416708,2.4186900865308667,2.4346454276635248,2.4723960546592805,2.4621105983363374,2.671307522954275,2.589760065078736
2024-10-01,3,unrate,4.1,4.1,4.301146356974541,4.3640138332125415,4.566166613153956,4.708026390845557,4.183276760870114,4.921151638031006
2024-10-01,6,infl_yoy,2.381981462805549,2.4264830315416708,2.4397144324330773,2.45744819567556,2.4838380600478835,2.231401966570252,2.829697049092128,2.721583366394043
2024-10-01,6,unrate,4.2,4.1,4.460326695700263,4.534130537087632,5.37079503887209,5.511015518680617,4.431780321007255,4.370508670806885
2024-11-01,1,infl_yoy,2.719472461284833,2.578844053871343,2.671075618379227,2.681084475374886,2.586566643128346,2.6316204132781698,2.763545150575141,2.767052412033081
2024-11-01,1,unrate,4.2,4.1,4.179857567943823,4.160886041028993,4.507101165439362,4.588595617774036,4.241237824691812,4.220359802246094
2024-11-01,3,infl_yoy,2.9909783078999608,2.578844053871343,2.667245317925984,2.688904666552652,2.4568700665519856,2.3801075477965368,2.829814727707478,2.6777729988098145
2024-11-01,3,unrate,4.0,4.1,4.305322219912057,4.278876043707235,4.719014423812243,4.840063351276424,4.125041629112613,4.206700325012207
2024-11-01,6,infl_yoy,2.32538823025783,2.578844053871343,2.6402578030211847,2.6571054919871573,2.4372300717970847,2.2600805119626397,2.9027324345908005,2.804486036300659
2024-11-01,6,unrate,4.2,4.1,4.463232218882917,4.461199077558563,5.469207872580621,5.499249663017203,4.324791214752485,4.286944389343262
2024-12-01,1,infl_yoy,2.870690967509981,2.719472461284833,2.748888287475928,2.756995472857912,2.90979018509794,2.9096299690168768,2.815279245815327,2.914772748947144
2024-12-01,1,unrate,4.1,4.2,4.268043093868119,4.247936553205795,3.990528676020372,4.037532725535541,3.999886040771936,4.098598003387451
2024-12-01,3,infl_yoy,2.8015834477613355,2.719472461284833,2.7234582176783912,2.7254411836336967,3.0442591297175823,2.84135925700609,2.82088385511848,2.863851547241211
2024-12-01,3,unrate,4.2,4.2,4.376670525249678,4.3624334303250665,4.430622374998661,4.446320281719966,3.9720136024074906,4.056009292602539
2024-12-01,6,infl_yoy,2.377265107368088,2.719472461284833,2.6856989391605617,2.692104661298896,2.7846794260759347,2.542125084330085,2.9559100688213764,2.9819223880767822
2024-12-01,6,unrate,4.3,4.2,4.525905117506472,4.53193043663657,5.319447264504429,5.200843749902638,4.232761970531602,4.388651847839356
2025-01-01,1,infl_yoy,2.9909783078999608,2.870690967509981,2.917263721221014,2.910933521886416,2.976671752964848,2.955167908091811,2.958088302897848,2.893172025680542
2025-01-01,1,unrate,4.0,4.1,4.153718444604929,4.133193945050087,4.372673484994131,4.376700691949187,3.988725078710363,3.9649364948272714
2025-01-01,3,infl_yoy,2.381981462805549,2.870690967509981,2.875789151146804,2.861626999622773,3.1533104216609207,2.8803261764926007,2.845613682970111,2.9277985095977783
2025-01-01,3,unrate,4.2,4.1,4.292145121083826,4.273601829299134,4.887721899098136,4.814106092858466,3.969855521372239,4.0382256507873535
2025-01-01,6,infl_yoy,2.680453865910226,2.870690967509981,2.8087535342804992,2.805506969473037,2.75561941703685,2.616617830956165,2.96726914026356,2.7171523571014404
2025-01-01,6,unrate,4.1,4.1,4.449927955752425,4.448728689494937,5.357004316387362,5.270603109914124,4.336171892536712,4.659594058990479
2025-02-01,1,infl_yoy,2.8015834477613355,2.9909783078999608,3.010170575386398,3.008087040349699,2.701682803890912,2.6759632817682437,2.7767265188841206,2.86391019821167
2025-02-01,1,unrate,4.2,4.0,4.080483711411531,4.0609919787405975,4.26766873957961,4.199918032976378,4.18554908476573,4.16290807723999
2025-02-01,3,infl_yoy,2.32538823025783,2.9909783078999608,2.9521679192683923,2.944411572978591,2.821535907260211,2.799872416714168,2.8034450480157243,2.4979090690612797
2025-02-01,3,unrate,4.2,4.0,4.222177150330547,4.207051968518446,4.862440907707731,4.695332197445536,4.026511059023418,4.236212730407715
2025-02-01,6,infl_yoy,2.742618052167134,2.9909783078999608,2.870614123708064,2.8766989412214814,2.639310580598281,2.6333183158027205,2.976653124417463,2.835211038589477
2025-02-01,6,unrate,4.3,4.0,4.386794097733638,4.38697425683173,5.005779082742834,5.016015395981443,4.607106561778653,4.595232009887695
2025-03-01,1,infl_yoy,2.381981462805549,2.8015834477613355,2.676790672284787,2.677465698110874,2.39531801483578,2.362271949661062,2.323394623874574,2.4645984172821045
2025-03-01,1,unrate,4.2,4.2,4.282231611104503,4.315859602110462,4.526171030516141,4.422246133010854,4.189299458038478,4.264006614685059
2025-03-01,3,infl_yoy,2.377265107368088,2.8015834477613355,2.6389456779717237,2.643525946550389,2.783316698246322,2.7929482689192877,2.453639271667852,2.5033209323883057
2025-03-01,3,unrate,4.3,4.2,4.376554331813994,4.440320435692339,4.47085476492257,4.558363314350176,4.151872262146629,4.333701133728027
2025-03-01,6,infl_yoy,2.9385917430316155,2.8015834477613355,2.618051022350562,2.638233951386793,2.4891899201370355,2.4725753049626267,2.1037362796841323,2.4498400688171387
2025-03-01,6,unrate,4.3,4.2,4.523408025742396,4.5925981070639175,4.569711316750188,4.789234605158648,4.369313291323837,4.511735916137695
2025-04-01,1,infl_yoy,2.32538823025783,2.381981462805549,2.212879617387354,2.21368408170857,2.31636176498304,2.210424787840757,2.1978674437938297,1.988541960716248
2025-04-01,1,unrate,4.2,4.2,4.240612889174083,4.329639834034622,4.359499984047602,4.529658083875652,4.204507547051659,4.280918121337891
2025-04-01,3,infl_yoy,2.680453865910226,2.381981462805549,2.2297839641755486,2.251922393048872,2.659740535102064,2.641669327756982,2.1197162730771955,2.0812976360321045
2025-04-01,3,unrate,4.1,4.2,4.360902188885589,4.490098766206871,4.270391835190509,4.553473305956644,5.349794184950386,4.528668403625488
2025-04-01,6,infl_yoy,3.022571584713329,2.381981462805549,2.288216804082312,2.317983594570577,2.3863725328564205,2.2675819008880844,2.164215010425755,2.554788827896118
2025-04-01,6,unrate,4.4,4.2,4.508751784850512,4.637677948578294,4.551342685138572,4.872981029332114,4.486515469391955,4.546731948852539
2025-05-01,1,infl_yoy,2.377265107368088,2.32538823025783,2.372815432504331,2.374677867876547,2.734820000469686,2.5922620105248373,2.334928148704073,2.1954686641693115
2025-05-01,1,unrate,4.3,4.2,4.266371880895898,4.285692622571598,4.184420752868863,4.255997490588301,4.275281647692555,4.326365470886231
2025-05-01,3,infl_yoy,2.742618052167134,2.32538823025783,2.403863716527264,2.432122225015912,2.8942055294493647,2.8281477062741747,2.4615701496665165,2.3547286987304688
2025-05-01,3,unrate,4.3,4.2,4.379382550797395,4.402508423081876,4.013042460473788,4.176814788430114,4.452257073189297,4.378983020782471
2025-05-01,6,infl_yoy,2.696443916493952,2.32538823025783,2.4283628066216703,2.449257725063395,2.480742842256193,2.2945054013229136,2.1867613711538687,2.490447521209717
2025-05-01,6,unrate,4.5,4.2,4.524469185970755,4.565901019723119,4.457314124171226,4.7712817887841386,4.368374065538682,4.514936447143555
2025-06-01,1,infl_yoy,2.680453865910226,2.377265107368088,2.400939106063778,2.4184527222043197,3.011234049783392,2.9601483020321275,2.770592447603024,2.8973121643066406
2025-06-01,1,unrate,4.1,4.3,4.360341806449961,4.36322070415313,4.064790377649285,4.216436956915183,4.071292724198401,4.115334510803223
2025-06-01,3,infl_yoy,2.9385917430316155,2.377265107368088,2.418707579764444,2.442472931166124,3.4421662994574103,3.3770905683222265,2.824561528749557,2.847009897232056
2025-06-01,3,unrate,4.3,4.3,4.457176220053664,4.468429881970724,3.595468122688863,3.88225471739904,3.9833682938272346,4.147960186004639
2025-06-01,6,infl_yoy,2.653304114557753,2.377265107368088,2.440260924098186,2.4578140046660306,2.929964020140307,2.6971843008758967,2.80847306248336,2.90735936164856
2025-06-01,6,unrate,4.4,4.3,4.593008513546836,4.624597107369165,4.342688305996711,4.654676228420455,4.241599163028622,4.6187591552734375
2025-07-01,1,infl_yoy,2.742618052167134,2.680453865910226,2.8217449823674974,2.818061049571397,2.972425108005877,2.94030866916231,2.809750394140526,2.8373219966888428
2025-07-01,1,unrate,4.3,4.1,4.146624265850672,4.106015029153424,3.9993571463669264,4.173584331895246,4.244893084487183,4.278249263763428
2025-07-01,3,infl_yoy,3.022571584713329,2.680453865910226,2.8070707711696223,2.793984138816936,3.2193640916270705,3.1866646338953037,2.794916680755465,2.885054111480713
2025-07-01,3,unrate,4.4,4.1,4.293173368978418,4.239735617285024,3.749154871625807,4.043235268625288,4.369795529190667,4.368092060089111
2025-07-01,6,infl_yoy,2.391201432150014,2.680453865910226,2.753229640638997,2.7418943027789875,2.9285166169294325,2.8876778495831106,2.873107332487466,2.9153709411621094
2025-07-01,6,unrate,4.3,4.1,4.446313050122793,4.418427906128933,4.470586823924094,4.646759286762468,4.447145300623609,4.568741321563721
2025-08-01,1,infl_yoy,2.9385917430316155,2.742618052167134,2.711483434176898,2.713881527179088,2.9453170271426354,2.868748905197521,2.833650627792863,2.734614133834839
2025-08-01,1,unrate,4.3,4.3,4.391249864891792,4.3765202567770505,4.522620710771861,4.575213688538096,4.312862461314193,4.250338077545166
2025-08-01,3,infl_yoy,2.696443916493952,2.742618052167134,2.680079334349292,2.6696820258236307,2.7262270688408203,2.663842801174871,2.795607668216581,2.8514273166656494
2025-08-01,3,unrate,4.5,4.3,4.470880258373403,4.477475714918566,4.685462876700152,4.814215924364371,4.484071601699914,4.446112155914307
2025-08-01,6,infl_yoy,2.4340041103732224,2.742618052167134,2.6510694089332305,2.6515484316272264,2.7220987024043533,2.694575988300889,2.8742193761202754,2.9312517642974854
2025-08-01,6,unrate,4.4,4.3,4.603824463411688,4.625875075051787,4.652141222723053,4.791420408050064,4.562720772517597,4.988046169281006
2025-09-01,1,infl_yoy,3.022571584713329,2.9385917430316155,3.002322828416337,3.0114916772633578,2.897036282812885,2.91908150914461,2.939121431170641,2.9902634620666504
2025-09-01,1,unrate,4.4,4.3,4.331140955140327,4.303458779759389,4.59934356631309,4.5905282727161625,4.437078423730197,4.450089454650879
2025-09-01,3,infl_yoy,2.653304114557753,2.9385917430316155,2.956034967941688,2.960917913674312,2.9481946918069304,2.89825662031076,2.8037029813261425,2.802582263946533
2025-09-01,3,unrate,4.4,4.3,4.4433175180251405,4.40492554701823,4.7995147446203,4.856664987072113,4.499581702445181,4.575257301330566
2025-11-01,1,infl_yoy,2.696443916493952,3.022571584713329,3.0318668427611293,3.0132510193614475,2.3680598690246777,2.5232804078473943,2.760139818715769,2.694143533706665
2025-11-01,1,unrate,4.5,4.4,4.463048903697308,4.439047928062237,4.779858415418145,4.750296250440349,4.470947269822291,4.464244365692139
2025-11-01,3,infl_yoy,2.391201432150014,3.022571584713329,3.0253400119657665,2.9444775242127177,2.5598792206366228,2.507965225319908,2.801297899258513,2.792595386505127
2025-11-01,3,unrate,4.3,4.4,4.546305493875811,4.532277074574305,4.68514547068163,4.854183862098622,4.548858297061685,4.6232500076293945
2025-12-01,1,infl_yoy,2.653304114557753,2.696443916493952,2.484795138722741,2.516592126872089,2.7390097422101944,2.6770666404601253,2.653912806156689,2.6480963230133057
2025-12-01,1,unrate,4.4,4.5,4.53839308497524,4.6024081288760055,4.328697581709035,4.570096471273303,4.471622358809846,4.501898765563965
2025-12-01,3,infl_yoy,2.4340041103732224,2.696443916493952,2.558371323159628,2.4987766769637707,2.9558197106324258,2.853158856094443,2.7677407542561827,2.806491613388061
2025-12-01,3,unrate,4.4,4.5,4.619228625434658,4.721677141443166,4.457411656365748,4.576654206145808,4.481878778805091,4.645958423614502
2026-01-01,1,infl_yoy,2.391201432150014,2.653304114557753,2.6896855706555938,2.682067591930388,2.677329151203911,2.5939819929043777,2.4505170563570458,2.56695294380188
2026-01-01,1,unrate,4.3,4.4,4.438777650983948,4.453663012108455,4.27802881781486,4.333486412629175,4.281081745163292,4.359262943267822
2026-02-01,1,infl_yoy,2.4340041103732224,2.391201432150014,2.253279694320836,2.27510256367445,2.6387879688592664,2.5726711397835693,2.524119421614425,2.45923113822937
2026-02-01,1,unrate,4.4,4.3,4.363646980452457,4.422730056406139,4.614998648405376,4.681648018379725,4.5605367669846775,4.48610258102417
